TSPAN6	6.80536886636571e-05
TNMD	0.00330442973157448
DPM1	0.00032213139507883
SCYL3	-2.07445366070025e-05
C1orf112	0.00113076769485457
FUCA2	0.000295459784178602
GCLC	0.00090031111041696
NFYA	-8.713648534146e-05
STPG1	0.000420675267378102
NIPAL3	-0.000325176236123893
LAS1L	0.000711416610942371
ENPP4	0.000329492665989356
SEMA3F	-0.000350708397892952
CFTR	0.000391585307399105
ANKIB1	0.000313274902905185
CYP51A1	0.000799327146742262
KRIT1	9.19778134166715e-05
RAD52	-0.000285295194088069
BAD	-0.000941059545843413
LAP3	0.000520813105561685
CD99	-0.00212932095558371
HS3ST1	-0.0013184746194303
MAD1L1	-0.000274872140841354
LASP1	-0.000608928769063324
SNX11	0.000513430345041597
TMEM176A	0.00196518012967993
M6PR	0.000803682032268557
KLHL13	0.000890621562516618
ICA1	0.00160739390643364
DBNDD1	0.00135186651472764
ALS2	2.67003144291587e-05
CASP10	0.00118063117295801
CFLAR	-0.00165533724173084
TFPI	-0.00223318971678452
NDUFAF7	0.00130936520845929
RBM5	-0.00101654535607004
MTMR7	0.00162295145326796
SLC7A2	0.000426170400573216
ARF5	-0.000463677086315175
SARM1	-5.99796035792105e-05
POLDIP2	4.66070442303754e-05
PLXND1	-0.000821736951962756
AK2	8.72721424046722e-05
FKBP4	0.000919119637179013
KDM1A	-0.00461142526564344
RBM6	-7.93499740277575e-05
CAMKK1	0.00114896292893402
RECQL	0.000323036412026637
VPS50	-3.03654176228956e-05
HSPB6	-0.0009550380005457
ARHGAP33	-0.000390019639126329
NDUFAB1	0.00031913071979902
ZMYND10	-0.00225544454340303
ARX	-0.00368870456237358
SLC25A13	0.000318794206440534
ST7	0.000441905433767141
CDC27	-0.000102900531787186
CALCR	-0.000244575302530335
HCCS	0.000609036474758229
DVL2	-0.000358000686860683
PRSS22	-0.00127780323193549
UPF1	4.52542046997838e-05
SKAP2	-0.000333798290508735
SLC25A5	0.000522591299566577
MCUB	0.00118509770828143
POLR2J	0.000151268511462243
DHX33	0.00140208442048538
MEOX1	-0.00387063660799114
THSD7A	-0.00105164845755866
LIG3	0.000399433744017496
RPAP3	0.000300189532659527
ACSM3	0.00107322077601993
REXO5	0.00047802394393707
CIAPIN1	0.000152517460336456
FAM214B	-0.0016845123523794
COPZ2	-0.00536439219894922
PRKAR2B	0.00148830446781015
MSL3	-0.000531506446700379
CREBBP	-5.98874408968031e-05
TSPOAP1	-0.000756956986046964
MPO	0.00151489744073951
GCFC2	0.000147228063569044
WDR54	-0.000231936511829795
CROT	-0.000757528828003548
KMT2E	-0.000340390261044342
RHBDD2	-0.000992296094139462
SOX8	3.84952690968908e-05
IBTK	-0.000392707682035024
ZNF195	0.00093902293941298
MYCBP2	0.000452328645186675
FBXL3	-0.000640037430153888
PDK2	-0.000403415654975942
ITGA3	-0.000708057177618294
ZFX	6.39814610993931e-05
LAMP2	-0.000546426996395645
ITGA2B	0.00112936407198694
GDE1	-2.41083634266612e-05
REX1BD	0.000185028040182541
CRLF1	5.44718796499939e-06
OSBPL7	-0.000502257867777272
TMEM98	-0.00112281046911558
YBX2	0.00230694240392189
ABCC8	0.00373241479053237
TMEM132A	-0.000508955113483438
AP2B1	-0.000240301761858939
TAC1	0.000221236529276136
ZNF263	4.05653766247835e-05
CX3CL1	0.000278738552146896
SPATA20	-0.000712259465857385
CACNA1G	0.000284109982143823
TNFRSF12A	-0.000706441175793419
MAP3K9	0.000658361685800442
RALA	0.00047217684737442
BAIAP2L1	0.000406077199456384
KDM7A	-0.000154993078338861
ETV1	0.00193955760575127
AGK	0.000299386556641258
PHTF2	-0.000169839212948036
CCL26	0.00798609782027845
FARP2	-0.000239137027325924
USH1C	0.000348012635077059
GGCT	0.00120206165427629
DBF4	0.00120298468376174
IFRD1	4.39552340177913e-05
COX10	0.000872420538321676
GTF2IRD1	-0.000433206946301193
PAF1	-0.00016755964407744
VPS41	-0.000168350530231425
ARHGAP44	0.00090850269170004
ELAC2	0.000634941637979331
ARSD	-0.00071910473311645
PNPLA4	-0.000140798472042141
ADIPOR2	-0.000130070494034847
CDKL3	-0.000348141951209911
MARK4	-0.000468700785191422
PROM1	0.00100379944798102
CCDC124	-8.70216937947142e-05
PAFAH1B1	-0.000326909837753775
NOS2	-0.000818242826313334
KIAA0100	0.000107322745845077
GAS7	-0.00160824961120984
TRAPPC6A	0.000166593792270674
MATK	0.00298994119070044
SCN4A	0.00247179539220394
ST7L	-0.000476509019656423
PAX6	-0.00481588957084936
RPUSD1	0.000607592664627661
RHBDF1	-0.000971250814282554
LUC7L	-6.52633397864609e-05
CACNA2D2	0.00150963857120846
BAIAP3	-0.0010615510018386
TSR3	-7.86006033428887e-05
PIGQ	-0.000654781218294606
CRAMP1	0.000146550513798194
TEAD3	-0.000865794752464792
DNAJC11	0.00067835027138282
MYLIP	0.000867295492294566
PSMB1	4.84819502258542e-05
SYN1	0.00203199923418052
JARID2	0.00196719913162163
CDKL5	0.000618535613720443
CAMK1G	0.000622467665027945
CDK11A	0.000137727505857351
NADK	0.00026551249907139
TFAP2B	-0.00305537443478693
CYTH3	-0.000201640539838681
ADAM22	0.00174054694332038
SYPL1	-3.58700775647334e-05
CYB561	0.000334598618459907
SPAG9	-0.000719184885829181
CELSR3	0.0004806539805599
AASS	0.00318063539947701
PLEKHG6	0.001104504899654
SS18L2	0.0013017600800649
MPND	-1.82372677145828e-05
MGST1	0.00176812031067459
CRY1	-0.000342294374919024
NFIX	-0.00133366034886746
ST3GAL1	-0.00166488375480911
MMP25	0.00316200741054097
IL32	-0.00087977369222156
PKD1	-0.00031005341082663
MAPK8IP2	0.000385599593329853
MED24	-9.01091648068958e-05
RHOBTB2	-0.00062415171874057
HEATR5B	-0.000107684000286163
SEC62	-0.000166278970534653
RPS20	-0.000168585458886458
CSDE1	6.21995639392138e-05
UBE3C	0.000183797152856292
REV3L	-0.00103021747023342
FAM76A	0.00059318992966161
POMT2	-0.000476357298486851
VTA1	0.000270690333825743
MLXIPL	0.00207674870881848
BAZ1B	0.000215530048514277
RANBP9	-0.000404108162043251
SPRTN	0.000134340612553842
METTL13	0.0010121665923757
DYRK4	-0.000715964854355194
ZNF207	0.000310263979637326
UQCRC1	-6.27670197496135e-05
STARD3NL	-0.000453839520041032
CD9	0.00148558483332205
NCAPD2	0.000456651740154599
IFFO1	-0.000141498701118175
GIPR	-0.00212522520132144
PHF7	0.000425593321394349
NISCH	-0.000539111795606664
FUZ	0.000353589885762651
IDS	-0.000980318670369442
PRSS3	0.000235208026925528
ZNF200	0.0002226041245803
CD4	0.00197608030458289
LRRC23	-0.00131505209616961
SCMH1	-0.000438685834408147
FYN	-0.000253841013515405
HIVEP2	0.000250336500334414
FMO1	-0.000954406083765148
ELOA	0.000524997716431891
LYPLA2	0.000467841222058944
CLCN6	0.000298020046960244
MRC2	-0.00295605456240329
NME1-NME2	8.00658283058495e-05
TSPAN9	-0.000767497919269202
BTBD7	0.000131471804294754
APBA3	6.55328931963978e-05
MKS1	-0.000308517044417087
ABHD5	0.000643882624284912
ANOS1	0.00161852250083637
AKAP8L	-0.000303179766042174
MBTD1	0.000986837329948594
UTP18	0.000951521380090914
RNF216	-0.000556969196448491
TTC19	0.000556887232389141
PTBP1	7.48183704270569e-05
DPF1	0.00139681014438045
SYT7	0.00126260424436251
LARS2	0.00105029874278368
PIK3C2A	0.000470408883743329
PLAUR	-0.000710549108444309
ANLN	0.000256884134248527
WIZ	-0.000213284478384977
RABGAP1	-0.000169998576519778
DCN	-0.00483748589273911
QPCTL	0.000671365674811401
PPP5C	0.000312799226861322
CEP68	0.00075574070928312
MAP4K3	0.000301868379372271
TMEM159	0.000870692543567495
GABRA3	0.00251353653612893
BRCA1	0.000741297039847814
ERCC1	-0.000608830545128616
MBTPS2	-0.000307632292813491
PRICKLE3	0.000446807601420317
EXTL3	0.000266110254444026
ELOVL5	0.00053456187820113
KDM5D	-0.000232274220799757
CALCOCO1	-0.00134748907339493
UBR7	0.000483132746746701
MAP4K5	-0.000299620553728466
EHD3	-0.000368059292386215
PSMC4	0.000383628798802632
MAN2B2	-0.000933908916095548
CLDN11	-0.00136374312604527
SLC25A39	0.000566857094055315
MVP	-0.0012131444403406
NUB1	-0.00013705309990129
PGM3	-0.000840025946726737
RWDD2A	-0.000594406729413542
CLK1	-0.000896776364736162
POLR3B	0.000559723718665601
ANGEL1	0.00026237961566186
RNF14	-0.000932688182006396
DNASE1L1	-0.000574258504306002
DDX11	0.00105603612018303
HEBP1	0.000734691118187731
GPRC5A	-0.00266801929153646
TACC3	0.000784031291547048
UFL1	-0.000531581739836875
POLA2	0.000447733190886389
ZC3H3	0.000202341879526696
CAPN1	7.33286242363296e-05
ACPP	-0.000775083928655101
MDH1	0.000770013675435992
SLC30A9	0.000286923856119427
MTMR11	-0.00027127280636245
COX15	4.03792316222618e-05
CCDC88C	0.000627999493614839
YAF2	-0.00260552243109804
ZMYND11	-0.000625593776585014
DPEP1	0.000279091733203743
BID	0.000716336392880731
MATR3	0.000431982969843198
XYLT2	2.1299388787872e-05
STMN4	-0.00280268679526991
NUDCD3	-0.000217014702508761
ISL1	-0.00463156983496706
CHDH	0.0011100556316809
GLT8D1	-0.000598582939199748
ATP2C1	-0.000286348512011312
IGF1	-0.00193934032580001
SLC38A5	0.00159886742504521
RALBP1	0.00021336827192866
RUFY3	-0.000611747496070167
CNTN1	0.00198593593697544
WWTR1	-0.000826137628758591
AGPS	0.000425393490120681
CXorf56	0.000584882202899393
ATP1A2	0.0020061164389885
TTC27	0.00113828269587162
ZNF582	-2.62860305044197e-05
PHLDB1	0.000318445391981871
CYP24A1	-0.00282883191790454
PRDM11	6.12921623222234e-05
SYT13	0.00132759039903444
SNAI2	-0.00348063298260623
CD74	0.00107426599937584
HGF	-0.000820196916400211
ZRANB1	-0.000184233985375384
NCDN	0.000808106762154701
ADGRA2	-0.00191339012553456
ZFP64	0.000553928026284066
MNAT1	0.000322641873769507
SAMD4A	-0.00118386965342656
MRE11	0.000703614941153295
PLEKHB1	-2.57870669576392e-05
SERPINB1	-3.74242254443939e-05
SPAST	0.000276156584624132
NRXN3	-0.000563925845873929
OSBPL5	-6.94040951908705e-05
AQR	0.000850489091132918
CPS1	-0.000868966053734646
FHL1	4.73533048011694e-05
RTF2	-0.000335266848052124
NLRP2	0.000876340995143437
SLC45A4	0.000728581316332191
RNF10	-0.000182221912271252
ZNF839	-0.000272644589256082
ZDHHC6	0.000236250426162838
GRAMD1B	-0.000153567859521867
RNH1	-0.000809252509213844
NDUFS1	-0.000740889076115611
RB1CC1	0.000385993646832501
ERP44	-0.000502405482122468
ALAS1	2.30388374721424e-05
AKAP11	5.23098276550012e-05
GLRX2	0.000184095520621311
SNAPC1	5.87090880787248e-05
DERA	-0.000715504061803834
STRAP	0.000157373644680142
DEF6	0.000947262934429326
PLEKHO1	-0.000532460999267041
GCLM	0.000813213278692095
UBR2	0.00025345508040168
EHD2	-0.000940744763052357
DEPDC1	0.000443968685489286
CCDC28A	0.000491500791606444
RRAGD	0.00171815342534539
HSF2	-0.000287115731174607
PHF20	0.000415042102940448
HSD17B6	0.00138291898950097
NR1H3	0.000418161839891822
TYMP	-0.00240185397720564
NCAPH2	0.00024247655597849
TOMM34	0.000260557681847903
SEC63	0.00015843366377617
KPNA6	0.000541502424282766
VIM	-0.00274927800254208
FAS	0.00148393113894349
RNASET2	0.000137125271340352
CD44	-0.000839630654169463
KCNG1	-0.00162442223573756
AGPAT4	-0.00101007491102222
BTN3A1	0.000790836664351962
MIPEP	0.000841789817813758
PRKCH	-0.000108814523442312
IFNGR1	-0.000118248131668973
B4GALT7	-0.000312213820673654
SH2D2A	0.00165246147469456
VRK2	0.000321669923608605
VEZT	-0.000430290609779792
POU2F2	0.0011560231888713
BRD9	0.000109788015566285
SNX1	-0.0001755012606331
TBPL1	0.000721002277175325
ARNTL2	0.000989231645574587
BCLAF1	0.000393768276866797
SLC39A9	-0.000368606956367209
ANK1	0.00194426314744758
TFB1M	0.000958026938636651
RABEP1	0.00013270725179387
HMGB3	0.000833492728335439
NUP160	0.00103290466277663
BAK1	0.000405771627953551
IKZF2	-0.000287160138316247
GRN	-0.000639342119144567
FAM13B	-0.000115007749540215
ARHGAP31	-0.000782773964773003
CENPQ	0.000834398068068816
SARS	-0.000206515204097802
RANBP3	0.000210104567275088
ARID4A	-0.000244531591838735
EIPR1	0.000178878494586289
PNPLA6	0.000410115262109175
IFT88	-0.000634237960176721
ALG1	0.000964473117335324
ZCCHC8	0.00029489884681249
ABCF2	0.000533429750549275
CHPF2	-0.000992016237550783
FUT8	-0.000712599312799032
UBA6	-0.000126284775009176
GAB2	-0.00157303739188817
ATP6V0A1	-0.000177136054720358
PIAS1	-0.000343665715900871
SLC4A7	0.000341785557139482
APBA2	-0.00025777671033586
MAP2K3	-6.96505771816388e-05
EFCAB1	-0.00285542412633584
TMSB10	-0.00183367776817277
ASTE1	0.000333627351605711
RNF19A	-0.00171389025057895
PEX3	0.000286747356141384
GABARAPL2	-0.000709992027438901
SH3YL1	3.37444219566984e-05
FAM136A	0.000944898321836603
VCL	0.00034997097885521
DEPDC1B	0.00142668495438835
DAPK2	0.00015222955197438
NSMAF	0.00014308914130872
ADSS	0.000869303196668337
TIMP2	-0.000781364456225938
RFC1	0.000505350197267965
TBC1D23	5.63758489896221e-05
CUL3	0.000101357007487737
MYOM2	-0.000933056389005593
AC118549	0.000357584230004858
USP2	-7.02114558309635e-05
TUBG2	-0.000321739402783437
RPL26L1	-4.48860394852282e-07
FLT4	0.000951476668795197
NSUN2	0.000709792229142572
FBXO42	2.27777029054504e-05
MFAP3	-0.00023835032566247
MRI1	-0.000411543643272983
METTL1	0.000968630437082909
HOXC8	-0.00405862714158798
AGA	-1.51235160677817e-05
PI4K2B	0.000185839860814245
BOD1L1	7.68007311738364e-05
MAT2B	0.000359840227540081
EDC4	-0.000121534458870989
TRIO	-0.000501283265763814
VCAN	0.00010104582634769
CLEC16A	-0.000635560611635992
CDH1	0.00162403744987932
MTREX	0.000650324681951436
ZFYVE16	-0.000943369074171495
RIPOR1	-0.00262275134746632
RAI14	-3.57975728946911e-06
PNKP	0.000410416849025698
PHLPP2	0.000751990866767517
SPDL1	0.000277102586229387
STAU2	1.11275749916966e-05
PQLC2	-0.000135447165000181
CTNS	0.000144613674502688
RTN4R	0.000765787219179303
PHF23	0.000151802223359162
INPP4A	-6.25646281759679e-05
PSMA4	0.000473154784156306
LSG1	0.000775462363156563
PARP3	-0.0012006755308215
TNC	-0.00428488474347518
THAP3	-0.00030592208198815
RIPOR3	0.000925084787497441
TDP1	0.000785595499076528
AIFM2	0.000480395540827354
SPATA7	-0.000592219968211312
MED17	-0.000238164447065902
RETSAT	-8.34553765382265e-05
CAPG	-0.000145887260988168
AP2S1	-6.83338293647017e-05
ADAM28	-0.00107229452685401
DCUN1D1	0.00049791350024308
JADE2	0.00154866607429623
ZIC2	0.000963770191174856
TRIT1	0.00036431797461211
CUL7	-0.00145647952666318
CTNNA1	-2.8687604758119e-05
PHKA2	0.000378944947818981
CNTLN	0.00104354015634458
EPHA3	-0.00114035333927792
HSPA5	-0.000557115061753668
DSG2	0.000292011689309101
GEMIN8	0.000379472187421637
OFD1	0.000322958877487792
GPM6B	0.00135675424283482
PREX2	0.00223902514470084
WDR37	-0.00018432666228456
YTHDC2	0.000380008057374306
CTPS2	0.000699564390736996
ATP6V1H	-8.93335922319228e-05
POLR2B	-1.89060357169089e-05
FAM214A	-0.000999030974571426
TPR	0.000165778870697842
CP	0.00127976831455201
KIAA0556	-0.00037332513183167
DTNBP1	-0.000319308778579321
C12orf4	0.00014467655678032
SCML1	-0.00103921247995094
WWC3	0.00032633483070482
ARHGAP6	-0.00156886359732496
FAM184B	0.000116998080039583
MAP4	-0.000420496119765463
GOPC	-0.000471084773867921
USP28	0.00115062976001883
HDAC9	0.00148053847904569
TSPAN17	0.000604707598989152
NOP16	0.00142068191675094
CC2D2A	-7.96220814963749e-05
RRM2B	0.00118772330530197
ZNF800	-0.00111290483216217
SNX29	-9.08082665316082e-05
LMO3	0.000359717370934502
MRPS10	0.000379483922516869
GUCA1A	0.0014941798858672
RSF1	0.000540340710052648
VPS13D	0.000167110973700629
CELF2	-0.000113439916412195
FAM120A	0.00017466744617046
R3HDM1	0.00063652434334817
COL9A2	-0.00283494369029279
KITLG	-0.000833278156139177
ERCC8	0.00046590863985676
ADAMTS6	-0.00152383556032882
H6PD	-0.00153269830304524
VAMP3	-0.000802409513732787
PER3	0.00116467409873444
EPN3	0.00260777088168044
LTBP1	-0.00116626396765072
RCN1	-0.000915773398840631
ELN	-5.78165408882099e-05
RFC2	0.000859956736278041
ARID1B	0.000335799817262654
CLPTM1L	0.000139618835382051
NEDD4L	0.000514781966777374
PPP1R3F	9.20233587402501e-05
HEXB	-0.000164482448004734
PTCD2	0.000902815527501084
JKAMP	-0.000450146106252456
DKK3	-0.00121328464401036
ARHGEF5	0.00102382719458701
NFE2L3	0.00221048824666002
MCUR1	0.000221914610282098
LIMA1	-0.000333339940231591
LETMD1	-0.000210897271817014
SLC4A8	0.000197407704903955
LAMC3	0.00144902531594099
MAPK9	0.000145643932691806
COL23A1	-0.000908680501929769
BCAR1	-0.000168971016184926
FAM160A2	-0.000369840636019438
HERPUD1	-0.00129683482999699
HOMER3	-0.000218916191539693
RAD51	0.000820200396228657
POLQ	0.00145289396328911
PIK3CB	0.000253306709072134
CYBA	-0.000286537916247385
THOC3	0.000670941501411839
HEBP2	-0.000674559675700366
MPHOSPH9	0.000289411857731245
PLEKHA5	0.000611969056416183
PRSS8	0.000794904949801471
SIKE1	0.00018633707576902
RRP12	0.00127458676166831
FNIP2	-0.000172380173758425
MSMO1	0.000187939695474171
TTC17	-0.000465652135730569
ALX4	-0.00303367222573542
FOXN3	0.00120512351782553
METTL24	-0.004513260563882
AKR7A2	-0.000603402112033145
MRTO4	0.000735078477706764
NNAT	-0.00094726263482977
USE1	-0.000399636126350929
MCF2L2	-0.000312651028229779
AP5M1	3.00833281817062e-05
ANAPC4	0.000644385452647983
TRAPPC3	-0.000244442824218508
THRAP3	0.000564332766369577
PHPT1	-0.000665842498854642
ARID4B	-0.000203663474286324
OPN3	0.000168532413931716
SDCCAG8	-0.000495854442753647
PTPRN	0.000847144622909503
HHAT	-0.00320870738859141
KIF1B	4.77837153554583e-05
FOXC1	-0.00664662861943319
TBC1D22A	-5.26031945716326e-05
SYNE2	0.000270933035083169
PLEKHH1	0.000400533199256294
ATP9A	-0.00121219743449542
CHRDL2	0.000443397345083432
FAM168A	-0.000351684818599039
RELT	-4.10438302050828e-05
GALC	-0.00127330428728086
NOP58	0.00104299403480186
SZRD1	-0.000270925229086731
KCNH2	0.00111445105070288
CUL1	0.000457121023774047
FAM114A2	-0.000466923238411201
CYFIP2	0.000653110517514743
TAB2	-2.40615835676438e-05
GINM1	-0.000341188317912844
EIF2AK2	0.000722495624507306
USP36	0.000616117832704487
KMT2C	-0.000397178424370433
MCOLN3	0.00081430380994169
PUM2	0.000271869293003205
MRPL43	-0.000102829987621119
ITIH4	0.000393347914747877
HPF1	0.000202222003914315
ZFR	9.76986503291301e-05
ZNF280C	0.000787022503868587
NPFFR2	0.00117006611421461
PHF21B	0.00083191596504945
RC3H2	-3.28170397942204e-06
IL17RB	0.00136544676496322
TRAF3IP2	0.000450335505350722
GYG2	0.000638562159684003
DCBLD2	-0.000234929970243917
SOAT1	-0.00151775747189373
PKP2	-0.0012474677683572
GDI2	0.000257686520810502
PRDM1	-0.00322827838134322
ATG5	0.000746161926934824
TMCC3	-0.000911949149756505
PITHD1	0.000484613930820554
MTA3	0.00115657794378036
USP13	0.000448971248675122
ATP11B	-0.000445047652894401
LAMC2	-9.64843583913674e-05
CDK14	0.000174095411301113
SEC61A1	-0.000396288051589075
PPP1R12A	0.000196184750747676
CROCC	6.16510018774186e-05
POLR3E	0.000738914326230636
ATP2B4	-0.00137402255982764
ZC3H11A	-0.000400754193902681
RIOK2	0.000435325522527091
YIPF1	0.000166404719389057
NDC1	0.00120849916879439
FLYWCH1	-0.000584805966836554
UNKL	0.000423506311835304
TBXAS1	-0.000858190914312071
PARP12	0.00200563667989615
ALDH18A1	0.000203187373690671
TARBP1	-0.000100380660090524
GATB	0.000351591216968045
MXD1	-0.000932241715393169
CDK17	-0.000611556657413006
DNAJC25	-0.000317634753378728
SLC2A3	-0.000845058233385551
PSD	-0.00054884117319852
CTDP1	0.000672454298019573
YBX3	0.000370800838021254
WNK1	-0.000301899286542811
CCAR1	0.00034183601256097
OGFR	-0.000390099140434694
PIGV	-4.31517595812006e-05
PTPRU	-0.000555280857298369
SNRNP40	0.000654921015477114
RIMBP2	-0.00345791352558178
COL11A1	-0.00270352544579352
QSER1	0.0013715309455296
MPC1	-8.39439495130219e-05
ACAA1	-0.000352128319423404
BCAT1	0.000921266464514865
HDAC7	-0.000368989474458511
LZTS1	-0.000781061867710688
PRDM6	-0.00357440155407544
SPAG4	-0.000679358900512707
NCKAP1	0.000143456689174133
MRPS35	0.000543157126489792
GUCY1B1	-0.001800537916371
SFSWAP	0.000138362632801896
TNK2	-0.00042493677726228
MON2	-0.0005431755801062
CDH3	0.000930040545889515
GPBP1	0.000246412251430519
DGAT2	-0.000623196170649454
ZNF112	-0.000262979311570383
CS	0.000106062427037569
MRPS24	0.000486848232662046
ELMO2	-0.000410517653230545
WAPL	0.000480044708748503
VMP1	-0.00029335162598753
APPBP2	-0.000689250356568419
POLD1	0.000504220057084167
SEZ6	0.00335311835413794
EIF4B	0.000263039683145803
SLC6A16	-0.000732876278394296
BICRA	0.0003118397409243
SPHK2	0.000681315828126299
RPL18	-0.000477364793678871
CA11	0.00116024215372673
ISOC2	0.00103468322115717
U2AF2	0.000264448202090934
EPN1	8.03566090746738e-05
MED29	0.00017084106128144
ZNF275	-0.000125155242471356
MTMR1	0.000364536473768774
GPC1	-0.00105577316179196
ADCK1	0.00107212714476173
HAGH	-0.00108464613773372
RNF4	0.00035447430396294
CASP8	0.000612721473257273
LIMCH1	-0.000711750189883507
INTS13	0.00111104070296441
TM7SF3	0.000321203492412897
SPA17	-0.000846309657841196
ST3GAL6	-0.000179818434946561
NGFR	0.000287536287772476
CDON	-0.000910703012657073
TAF2	0.000252456494246181
HIPK2	-0.00105810255178031
TNPO3	0.000956340779536134
BORCS8-MEF2B	-0.000303707353748225
RFXANK	-0.000425333645074843
TMEM161A	0.000156283673607561
LPAR2	-0.000292132724776058
CTSA	-0.000350142591395311
SUGP2	-0.000180206034965914
SLC12A2	-0.000131172621783022
SNX24	-0.000227788176693002
EYA2	-0.00204615697814582
CNN2	-0.000195471238156212
ABCA7	-0.000307739191377621
SNCAIP	0.000259414699131633
DDX20	0.000798658473786034
BTBD1	-0.000128704988392297
FAR2	0.00103099608241926
SBNO2	-5.72557788286148e-06
PMS1	0.000825163164599516
HMG20B	-6.23437568605883e-05
CALCRL	0.00157901626747715
TAF11	0.00025160253633689
ANKS1A	-3.86939865363029e-06
AP3D1	0.000243234578723485
ZNF76	2.67618233513569e-06
SLC9A3R2	-0.000848998521888184
NTHL1	0.0013088340981734
UHRF1BP1	0.000365386479832296
GNAI3	2.81583624094021e-05
IPO5	0.000794484655168309
OAT	0.000446033100663527
WDR3	0.00129068703101516
PKN2	-0.000263241625310468
WDR18	0.000246148503887579
TRAM2	-0.00066227984286474
NTN1	-0.00178601429349517
MCM10	0.00139904507971683
DGKA	-0.00042483685091386
ERBB3	0.00076200575469836
ANKRD44	-0.0014815008062587
KARS	0.000443762011651756
ADAT1	9.66434704616949e-05
PDIA5	-0.000423811580148795
TBC1D22B	0.000556402436408704
NDUFB4	0.000183220450006152
SPEN	-0.000236510116115382
MYLK	0.000118644738041615
ZC3H15	0.000352726344579111
MAP2K4	-0.000130829362839638
TMEM206	1.34282144474538e-05
SNAP91	-0.000540810643599385
SLK	-0.000299113749232004
CYB5R4	0.000508512841526614
COL17A1	-0.000988587118189718
GSTO2	0.00186934800630852
SEC61A2	4.49506454676665e-05
PRKCQ	0.00149174977939365
TLE2	-0.000768365909781587
ASB1	-8.52987095357518e-06
FAM107B	-0.000796513078894778
ME1	-0.000169163791081465
TBC1D1	1.29918590333929e-05
CDK13	4.25104972411757e-05
MTHFD2	0.00077440256040173
SLC9A7	0.000655687648988878
FOXJ2	-0.000635750050899013
YBX1	0.000250063200084847
PPP2R5A	0.000353754541247715
CTNNA2	-0.00024719274584671
ELAVL1	0.000115681887784011
TIE1	0.0003397513299972
DIP2B	0.000138671316617554
SMARCD1	0.000372573270125239
KDM4A	0.000881859186364561
NFYC	8.16400955576414e-05
SLC9A3	-0.00153354664596398
NGEF	0.000238129677298712
ASPM	0.000868088197290976
ELOVL1	-0.000734710882454326
ZNRD1	0.000426020650611188
MPPED2	-0.000218868993526867
ZBTB11	0.000217028133670841
ATXN3	0.000739319248719731
GOLGA5	-0.000237626167905886
FGFR2	-5.46593065706986e-05
LRRC40	0.000537864250215259
ISOC1	0.00031508765520488
EML1	-3.75900250229575e-05
TRMT11	0.00029821219915639
THUMPD1	0.000434631407422056
MSANTD3	0.000273893294388023
KIF26A	0.00108175281470235
ATG2B	0.000118690496908928
ARFGEF1	0.000948538998209598
ZFAT	0.000680994152683385
MTFR1	0.000143361339407693
STAG3	4.91509793481483e-05
FECH	0.000156698001047242
MYO9A	-4.13797606940286e-05
DDX3Y	0.000499744677169674
PFKP	-0.000145282470333979
IDI1	0.00032811600727086
SP100	-0.000444310604846335
KLF6	-0.00196293056990104
PLPP1	0.000904115258610027
NEO1	-0.00080160288685915
TRAM1	-0.000694948101492773
PHKA1	0.000476193135676273
TNFRSF1A	-0.000455848648135216
CACNB1	0.000696418952564197
EVI5	-0.00103785623211348
STOML1	-0.00088635077047851
PKM	-0.00106492725000068
DHX29	0.00085526837024801
DNTTIP2	0.000828945458759839
METTL22	0.000279267660377016
TP53BP1	5.79012529593545e-05
TRO	-0.00113697237775467
RRP15	0.00129783652990282
RHOA	-0.000316825922875106
DHX8	0.000344066225087864
PRKCZ	0.000235528787197928
ZFY	-0.000781035610732444
IARS2	0.000187998352307412
SYT1	0.00158539866197229
NAV3	-0.000357609148132741
IDH3G	-1.78164699088124e-05
ROGDI	-0.000511000111287654
PDZD4	0.00156890801656296
ROCK1	0.000207900175496341
CBFB	-0.000749328779050498
PDK3	0.00169895626468925
HYAL2	-0.000134329161291303
HDAC4	0.000163440526662162
RASSF1	-0.000403486993891529
FGFR3	-0.00145834292025244
IFI35	0.000284726622477136
HEATR6	8.81399977657863e-05
COASY	0.000114240852804813
PLEKHH3	6.92749619182904e-05
MEF2A	-0.000168534321068103
OTUD5	6.01894358649222e-05
TFE3	0.00100520646520418
TBC1D25	-0.000331321293433397
ACSL4	0.000600429508710108
INPP5A	-4.94453297425402e-05
GPKOW	-4.01297495721461e-05
GRIPAP1	0.000374846790245228
FTSJ1	0.00021906887404733
PRR11	0.000340525733318784
REEP1	-0.00049785739736599
ATP11A	4.19367548483522e-05
POLR1A	0.000714990793579825
LAPTM4A	-0.000980908519978224
TTC7A	-0.000206040850714836
IP6K2	-0.00046538489269667
SRBD1	0.000909255128332529
KIF2A	0.000350305410293925
RASGRP2	0.00333163607901556
PSME4	0.000372035559250489
IFT80	-0.000140028953320868
SIRT2	-0.00147701298668186
ERLEC1	-0.000650481865193499
PPP2R5B	-0.00081577527318571
PYGM	0.00140678842904855
PITX1	-0.0057003753283118
MAST4	-0.000794052514358992
SDK2	-0.00095987504650637
NUP133	0.000490610561726079
NUCKS1	0.000122993237249551
VPS35	-0.000363574567362959
DNAJA2	0.000451158321385944
BCL3	-0.000904535458889735
KCNAB2	0.000689432524732133
GAL	0.00152977293905472
CLEC2D	4.15555692183238e-05
FUNDC1	0.000308516160544137
MAOB	9.9146500896354e-05
RORA	0.000230321653787167
DRD4	0.000809798912687893
TGFBR3	-0.00178984960769284
HES2	-0.000916130104370971
ATP1B3	0.000430002940103778
NEDD4	-0.000936279458221703
PIGB	0.000349170659758103
MAPK6	0.000240026450473505
GNB5	0.000768676102198369
RAB27A	-0.000521039815986656
HDHD5	0.000661163078987343
UFD1	0.000212629164286587
LRP6	0.000359321357532763
SCT	0.000118718748242216
PHRF1	0.00032406415178033
ELP1	0.000131328154149599
NUCB2	-0.00109116851078975
PFN2	-0.000424717588969366
SLC44A1	0.000961477356170729
TMEM260	-0.000383726369501774
SMG6	-0.000561665298511478
EXOC5	-9.2590899681788e-05
CLTCL1	0.000964320935705673
FSTL3	-0.00167008868811947
DGCR2	0.000130116633285065
RNF126	0.000233760596075948
MNT	-0.000204426234143367
ZXDC	2.10968744061882e-05
JMJD6	-0.000238546758454166
POLB	0.000257042770566138
WIPI1	-0.00093018884364158
GBA2	0.000106500478844415
NDST1	-0.000420009003076749
ASNS	0.000746406011642282
AP3M2	7.74619012950725e-05
ST6GALNAC2	-0.00316673102598247
PABPC1	6.50189037139013e-05
TESK2	0.000753941520631522
CFAP20	-0.000247466263261051
CSNK2A2	0.000162292371472631
PTPN21	-0.000935352997251634
EIF2B3	0.000456703399136258
CAMK2A	-0.00268277055134346
TCOF1	0.000976547379960155
CDC42	-0.000691556075378928
OSBPL3	0.000216794110682754
RAD18	0.000980527132896677
ATP2B1	-0.00105362504970698
NCK2	-0.000157369429438413
MAP4K4	-0.000112252882480084
MGAT4A	-0.000388696876690136
RPL31	-0.000530766696601366
WDR1	0.000115290119562882
SNX13	0.000375157614593014
ARHGAP10	-0.00161952488963218
RPS6KA2	0.00031946175980719
ING3	0.000395737204429101
VASH1	-0.00139139477494482
LMCD1	-0.00108907783465364
BUD23	0.00049144161445527
SEL1L	-0.00113871591681859
TRIP13	0.000874748317272081
ATP6AP1	-0.000658160471333247
TCF3	1.70844841753535e-05
TRIB2	0.000858059144544303
DAZAP1	0.000951774321904141
MBD3	-0.000152441287184465
HLTF	0.000387313097531055
FAM50A	-0.000582144925431947
FAM3A	-0.000669046524040292
CPSF1	-0.000394505857566348
MYO3B	-0.00053959335745477
CYBRD1	-0.000273589808884397
PDCD2	0.000428406901383616
SLC6A15	0.00093856502411209
RDH11	0.000704393938350398
PRKACA	-0.000573198183841961
ADGRL1	0.000762780881238618
ACTN1	-0.000610369896104453
ZFYVE26	0.000603467983409293
RPS6KA6	0.000251173907044761
EPN2	-0.000129989046962537
PTPN18	-0.000115489918092482
LIMS2	-0.00134844183931817
SPEG	5.66899874725105e-05
LNX1	0.000397672283683657
ALDH3A2	-0.000191312637169788
TFRC	0.00126923344274657
SREBF1	0.00105824021617196
AFF4	-0.00053091181341318
UBE2D1	0.000364137496154676
MPP5	-0.000389745150601846
RHOBTB1	-0.000666521879363959
SMC1A	0.000351240356468923
HSD17B10	0.000460610547718029
MARK2	0.000463028924971629
HMMR	0.00115077875843274
CHFR	-0.000106667885300192
P4HA2	-0.00212628288688174
NFATC3	0.000333983116620274
TRNT1	0.000575162068101943
ACADVL	-0.0012493129800145
STK10	0.000592655045093935
FBXW11	0.000666871689122004
ACAP1	0.00136415584110514
CRMP1	0.000945895538027416
EVC	-0.000262986901903748
DERL2	-3.78041004424791e-05
NDE1	-0.000567790132643285
MRVI1	-0.000117998499359413
TMEM38A	0.00165639037874129
AP1M1	-0.000745473061588856
PVR	-0.000824450926838728
XRCC1	-4.3932092979316e-05
SCARB1	0.000871217071463956
MCM2	0.000928775075672286
PANX2	0.000435399186362903
SELENOO	-0.000653445330788492
LLGL2	0.000395624898959409
PDE8A	-0.000261955078539926
CLCN4	-4.64991965871447e-05
NLE1	0.00138104590082407
SDHA	0.000212189283620839
SMARCE1	-0.00032453377259943
GSDMB	-0.000288378737904162
KDM5A	-0.000253973359902965
ADAM11	0.000344914955999464
PPP2R3A	0.000250659990131496
FERMT2	-0.000520810936482877
PTGS2	-0.00219396381905273
IGF2BP2	-0.000362394496453892
MAP3K13	-0.000307788564265534
ST6GAL1	0.000983192676721453
FRY	-0.000165365012462876
PICALM	-0.000958178164198317
NSF	-0.000162178924394496
GLI2	0.00113455451635605
CLASP1	-0.000135319150509369
MRPS34	0.00079687520226757
NOTCH3	-0.000444706092368535
CLNS1A	0.000115975864446809
PPP2R2C	0.00149918215891052
TEAD2	7.51089244098806e-05
EED	0.000254134701771972
SNCB	0.00464074582786519
TSG101	-0.000379774450669947
NCBP3	-0.000249891432559647
ATP2A3	0.00258682047293942
CA12	0.00156828100933736
MGLL	-0.0013770804024594
NTN4	-0.00274214320426813
BCS1L	-0.000242892283000937
NUAK1	-0.00129962022369368
DPP8	6.92065225167884e-06
SLC24A1	-0.000155055027922732
ZNF532	0.000465607744425937
LMAN1	-0.000796820427451494
HACD3	-0.000156892854107511
ZZEF1	-0.000269695330562251
ENO1	-7.53325129505656e-05
MYDGF	-0.00103771488555261
ANO8	0.000154454596992055
TUBE1	-5.58576348165131e-05
ARHGEF10L	0.000826793872413318
WSCD2	-0.000115605329644284
KCNQ2	0.00158768787799085
ACTR6	0.000286320151055055
TIPIN	0.00113212633786603
SRI	0.00061867803745685
EIF4G3	-4.4570436377136e-05
NUP37	0.000555939474952442
SEMA3A	-0.000790821274031662
GTSE1	0.000106984773065054
SEMA3C	-0.0034602040725997
TTC38	0.000175960491065609
ACAT1	0.00068204934937833
GRAMD4	-0.000684369864863329
CELSR1	-0.000341115888654511
WNT8B	-0.000989404711035383
ZNF638	-5.62820768284586e-05
SLC25A40	0.000124649000258853
TIMM21	0.00057373441412589
ADD2	0.00244279873070275
RASAL2	0.000672950811121192
VPS9D1	-0.00113891702042176
ZNF37A	0.000203807029296207
MARK3	3.00268732746665e-05
SLC25A3	-0.000168308699103127
FNDC3B	-0.000991916004147261
FOSL2	-0.00293136842557024
CACNG4	-0.00102683968585561
FRYL	-0.000430097636056749
TMEM131	-0.000475772246523273
FSCN1	-0.00116560494655069
ACTB	-0.000584746569944115
MOCOS	0.00356887861828596
PLD1	-0.00164543404920088
WDR62	0.0017220531480044
DLG1	-0.000239578965909384
RAB7A	-0.000258977341038678
BCAP29	-0.00101983668168527
SEC31B	-0.00101950342254791
SART3	0.000456189375057331
ARHGAP15	-0.000293440330187807
EXOSC7	0.000736133061983855
KIFAP3	-0.00210442930327644
MKRN2	-0.000571389365111543
MCM6	0.00067494001716885
REXO2	0.000247877168407404
RBM7	0.000169177350457509
RBMS2	-0.00134328883036512
BAZ2A	9.32331209498299e-05
PTPN23	0.000104007995757734
MLH1	0.000313445340116423
UNG	0.00148964083473081
FMO4	7.72761381974276e-05
KLHL20	-0.000398759953194705
RGS11	-0.00152904827522023
SLC46A1	-0.000697616985736037
PLXNA2	-0.00446720717954987
SPAG5	0.000678583797966715
ANKRD13A	-0.000876607564233141
TPD52	0.000683857539918684
ACACB	0.00103976398723831
TRAF4	-3.92157561454962e-05
PAG1	-0.00243570629523584
GPATCH1	0.000198490471319614
ICAM3	0.000938864307541562
NT5C2	-0.000916703183275728
MCAM	-0.00122047420501347
GPC4	0.00108117346967934
MBNL3	-0.000862709015648187
CAMSAP3	0.000305547212071329
RAP1GAP	0.00041061001360554
XAB2	0.000147452409740971
ARHGEF1	-0.00036300565228041
STXBP2	2.53910817351122e-05
MAP2K7	0.000152893688375927
NMRK2	0.00377532963098719
DGKD	-0.000501950040536436
CTTNBP2	0.00174090775296712
ACTL6B	0.00441940341258954
RARB	-0.00447125558140545
TOP2B	0.000228051824127829
TM9SF3	-0.000125662759697902
NFKB2	0.00046464086256672
UBE2T	0.000440470550450437
PPP1R12B	-0.000357258721123098
DNAJC10	-0.000119135516870144
GTF3C1	0.000191499499120463
IL4R	0.000487980449526927
USP33	0.00012662311585382
PAK3	0.00105082965530808
CAPN6	0.000528437674410718
DCX	-0.000509630415646621
SNRPA	0.000334024273289423
EXOSC5	0.00163850098702975
DYNC1I2	-0.000575687271283644
LRCH4	-0.000508518607898167
FAM76B	0.00018389888326885
SIRT6	0.00025056388375756
POLD3	0.000592529739181002
ACTN2	0.000691180284150769
CAPZB	9.83382459725754e-05
GPR137B	0.000126954114736408
NAALAD2	-0.0010012008783814
JADE1	0.00179364035566808
SLC25A43	-0.000132953554791412
UBE2A	-5.9080868995171e-05
FGFR1	0.000992807589023758
FBLN1	-0.00113452009842118
ITGA8	-0.00533499625124587
MAP2	-0.000437034438378149
PIAS2	0.00114362488292871
AMPH	0.00050351433873653
ARAF	-4.82980596879222e-05
MCCC1	0.000201102460365848
FAP	-0.00463247526953972
NEBL	-0.00140785186709044
ACER3	0.000366249690504542
UBE2K	0.00044690329616172
PIK3C3	-0.000239534342182747
N4BP2	0.000575051092643595
TIGAR	0.00020011486897314
TULP3	-0.000192034847799105
SYNJ2	0.000195750857453717
ADCY2	0.00182210731909963
PPP2R5C	-0.000161440879052461
RBFOX1	-0.000401236491775261
GNB1	-0.000545709884559208
HOXA9	-0.00200194031624944
EDN1	-0.00269020443232304
MLLT10	0.000246889347341438
ADCYAP1R1	0.00219693228021667
ITM2A	0.000668554531181543
NRDC	0.000446613226438768
VDAC3	0.00016680312875885
PCM1	1.04042282471325e-06
TNRC6C	0.000314446315645849
CBFA2T2	-0.000653830077039387
BRINP1	0.00264612227484844
ITCH	-0.000519973641962091
TP53INP2	-0.00172212406331373
SDF4	-0.00060898381429084
TOLLIP	-0.000580787438083608
UBE2D4	-0.000268908396280134
CLUL1	-0.00178370016255476
RUNX1T1	0.000553494271102229
CDH17	-0.000656378069286304
THOC1	0.000526667752340717
FKBP7	-0.00133778790615025
OSBPL6	-6.63619828658247e-05
SLC1A3	0.000664160204710929
XRCC5	0.000754338685333971
LXN	-0.000261274547852989
MKNK1	-6.77349405287875e-06
TNS1	-0.00096469507674638
REXO1	9.96564611686104e-05
SAR1A	-0.000335558570368082
CDC14A	7.74766109962205e-05
RAPGEF3	-0.000243986152712797
SENP1	0.000620122830286789
CIC	-0.000182426739850486
LIPE	0.000653148030428684
FDFT1	0.000910095915334036
PAFAH1B3	0.000528871594152452
OPHN1	0.000259786609303668
KIF22	0.000575393025012927
CARMIL1	0.00127203892284019
PGM1	-0.000465616333976466
DDX1	0.000277563470316392
DNM2	5.41621651757458e-05
EPB41L2	-0.000216017238350186
RIMS1	-0.000673695804951417
MOXD1	-0.000406752526097807
STX7	-0.000462612922007602
RABL2B	-0.000442553808681374
KEAP1	0.000633752911415582
PTPRH	-0.00218201697655829
SLC35C2	-3.75649049259612e-05
CRYBG3	0.000421897195824974
RFX3	-0.000166621236962247
RIF1	0.00141769087540531
RAB21	-0.000175792181230052
SMARCA2	0.000402459624297207
SESN1	0.000381145699714506
MID2	-0.00117735116395015
SRCAP	5.04778122211769e-05
PUM3	0.000830139188578236
CHRNA3	0.00028099587157964
KCNN2	0.00244611973950667
CNOT4	0.000260209326645447
PSEN1	-0.000401748996188426
CPOX	0.000513742969936633
CLDND1	-0.000577245017132121
MOK	-0.00202217425358647
HSP90AA1	0.000379231202251543
RBL1	0.00111015794755007
DLGAP4	-0.000639041424668446
IGSF9B	0.00270360875215735
NDC80	0.000682052160358898
AP4E1	0.000201095825780289
RSBN1	0.000145117037088594
MAGI3	-0.00114616130503694
AFP	-0.000942670180674052
TCF7	-0.000253243173747057
OSTM1	0.000546114439151617
CDH7	0.000337988800429681
PCNP	2.20280806563819e-05
EXD2	0.00015531127787305
ARG2	0.000910970777489169
MEF2C	-0.000929909477108765
UBA5	-0.000166170896205001
STK17B	0.000282579984594158
CDC14B	0.000666311677253702
ZNF510	0.000401303218641428
LRP2	-0.00193969149016472
ZNF506	-0.000313600842065512
JMJD4	-3.07188174401761e-05
DUSP12	2.2689696632599e-05
AACS	0.000798292880200967
DELE1	0.000219872935951219
CADPS2	0.00168602997445187
HSPB11	-0.000166994938554421
PHLPP1	0.00114794847124161
ATP8B1	-0.000412501610346652
SMARCD3	-0.00266560093393201
WDR70	0.000148996585656383
STRADB	1.59585142787251e-05
BZW1	-5.40820922347048e-05
C1QTNF3	-0.00118843553325436
ME2	6.60071646511999e-05
C5orf22	0.000223202482059168
CCNT2	0.000167301274656625
FAM135A	0.00104421764699941
EPB41L3	-0.0012523143916552
COBLL1	-0.00197166660421667
DLG3	0.000540995917850002
SERTAD4	-0.00132023395646854
TRAF5	-0.000217095469082072
MRPL22	-2.20132982537464e-05
GEMIN5	0.00103123744531689
NFE2L1	0.000200384913125261
SEMA5B	0.000639158316351003
GSK3B	3.55875442698057e-05
ITGB5	-0.000347157674666307
ERC1	-1.81366129315054e-05
XPO1	0.000561905901278056
RNF13	0.000460521984552059
TRPM3	0.000576708651196723
PALB2	0.00113567007672389
DOP1A	-5.66300050236752e-05
LYRM2	-0.000120806267375523
BCKDHB	0.000496261202847248
KAT6A	-0.000483680955795699
TUT7	9.35604576638351e-05
ULK2	-0.00168568894203145
GRHL2	0.00194485407624557
TNPO1	0.000346638889225198
PLOD1	-0.00139364231676098
P2RX5	0.00763789704961049
ITGAE	-9.46201020897979e-05
DIS3	0.000395636284437302
PIBF1	-0.00045676930614289
TDRD3	-1.51482576936503e-06
NUFIP1	0.00110578584171427
PDS5B	0.000346564613365751
OXCT1	0.000691299787672227
RRAGB	-0.00132579168656221
CYLD	0.000391394808761577
SLC27A5	0.000938389938638447
ZNF324	-0.000473233507827275
ZNF671	0.000133205662439084
ZNF416	0.000607941571388662
ZNF586	0.000433478003523216
ZNF446	-0.000845343618578614
ZNF264	-0.000343875425308841
RPS5	-9.15694651957048e-05
FAT1	7.93060848557213e-05
YTHDC1	1.73404977477413e-05
CHMP2B	0.000308098604314085
SMAP2	-0.00100271982505335
PPIE	-8.50691319918355e-05
ZMPSTE24	0.000353053964704891
STARD7	0.000629993884373456
NOA1	0.000729739810418402
REST	0.000176829796380033
SSH1	-0.000543537390602781
GSTP1	-7.3512868158449e-05
APLP2	-0.00127267397164009
FAM234B	0.000981680973502367
SLCO1A2	0.00144980003051898
WBP11	0.000402062208150977
EIF3I	0.000142830440278944
NKAIN1	0.0017632216171149
COL16A1	-0.000576733981284661
TXLNA	0.000121561846501796
APOB	-0.00189641141579163
NCOA1	-0.000380292858391199
AGBL5	-0.000239560539487132
EFR3B	-8.53919147365782e-05
KIF3C	0.00037849316414158
RAB10	-9.79926518452972e-05
HADHA	0.000355052077154965
MAPRE3	-0.000834517204487333
CAD	0.000958155095407312
CD59	-0.000895507829089165
CD82	-0.000525766157342621
BCORL1	-0.0015350546684676
ATRX	0.000448434206010569
AK6	0.000335183975307008
MYNN	0.000417578104685983
MECOM	-0.00205430978635329
SCAMP1	0.000100004819625773
PREP	0.000523207785903403
HACE1	-0.000134110399787442
SEH1L	0.000818109430969451
WDR47	-0.00076422306526151
WDFY1	0.000613972464240714
OVGP1	-0.000418092375412745
SLC25A24	-0.000486616382581155
MAP3K4	6.19841830569466e-05
PILRA	0.000349128387914901
IGSF9	0.00122543325577789
ZNF213	1.17086508757657e-05
AKR1B1	0.000258769799021948
CPNE3	-0.000474301091970963
RRN3	0.000463139776685771
CTTN	-0.000518684171919706
WNT11	-0.0042978384323192
MTIF2	0.000747677543683249
DDHD2	-0.00129330524365988
TTC39A	0.000918998602935271
EPS15	0.000252918965403535
ORC1	0.00200515684277254
MGST2	-0.00231102914844615
CHERP	0.000312835380379063
ATG16L1	0.00038055122704295
USP40	-0.000435343198577987
POMGNT1	-0.000877388375986099
RAD54L	0.000900387765038244
MAST2	-5.0204817138982e-05
DNAJA1	-0.000332820081435905
B4GALT1	-0.00166142907226804
CHMP5	-0.000568988386516002
NFX1	0.000323415807662728
DIMT1	0.000953536497464282
IPO11	0.000985030114602347
EIF2AK1	-6.07069844911569e-05
EPDR1	0.000407437512918774
SNX10	0.000419260750670077
SEPHS1	0.00215684908266459
MRPL28	6.82476790194998e-06
ITPKC	-0.000301974221891928
RBM22	-0.000235021552992523
TMED2	-0.000183803205290894
ZFAND6	0.000527013993657418
HSD17B2	-0.00285879763589804
TXLNG	0.00194303930979325
HUWE1	0.000290532401747328
ZW10	0.000709705666536792
ALG9	-0.000362828810426091
NOX4	-0.00163378389716955
ACOX3	-0.00178345618686151
MTMR2	0.000323582595205946
PPP1R15A	-0.00184747325279461
HSD17B14	-0.000776663344940448
TRIP6	0.000198442869887055
ACHE	-0.00211969977641438
FTL	-0.000727745876113737
SRRT	0.000246342148222817
BAX	0.000410629738645763
NLK	0.000412807282249938
PIGS	-0.000155587154118628
ADAMTS2	-9.00022873459445e-05
TMPRSS11E	0.00309911455902689
ATXN7L3	-0.000197957369476571
PGS1	-4.15083568696964e-05
PSMC5	0.000382751539308192
UIMC1	0.000527214571885701
MMP2	-0.00114497750068205
LPCAT2	-0.000773652982036102
GNAO1	0.00164937951462299
OGFOD1	0.00051557132143947
SH3BP2	9.82687052039909e-05
NOP14	0.000714019741721057
ADD1	-0.000826879425237622
L2HGDH	0.00154613084928592
TXNDC16	0.0006673734448706
RTRAF	0.000388871468378888
NID2	-0.00117313288943731
GMCL1	0.000480554833494307
SF3B2	3.37686101722838e-05
KLHL42	-6.63051632783514e-05
GNAS	-0.000991066280355879
DNM1L	0.000134618414366948
PTHLH	-0.00611762911903045
PHACTR3	0.000929594294413414
ERGIC2	-0.000269215379217492
TFAP2C	0.000185030614927904
AURKA	0.000873230574864078
PIR	0.0013591348302355
AAMDC	-0.000559721202959222
RFX2	-0.000376126274916307
METTL2A	0.000541817723347193
ALG6	0.00111372165798699
CNOT3	0.000149075286461591
PTPN4	0.00178873591928988
DDX18	0.000932356813854226
KHSRP	9.72625778617769e-05
GNA11	-0.000623309709694765
ASAP3	0.000190766320355834
EDEM2	0.000281394977458589
DNMT3B	0.00385964915124686
TPX2	0.000553693363569025
PDRG1	0.000121322279696363
EPB41L1	-5.50602549378822e-05
DOCK9	0.000164595450479917
ANKRD10	0.00036781455896198
TGDS	0.000326718588253502
DOCK3	0.000286420457262859
C3orf18	-0.00026408925335273
COQ9	0.000208035073872116
TMEM40	-0.00643372921341119
KIF9	0.000418201546935644
ARHGAP28	-0.00156914607090106
CRLS1	9.58145443219812e-05
PPP1R13B	-9.83498021241081e-05
ATRN	-0.000358239778909248
SMOX	-0.00111317119287447
FKBP1A	0.000156894026459204
NSFL1C	3.82791726678447e-05
SLC4A11	0.00263494737394905
C20orf194	-0.000989275170940393
ZNF343	-0.000645064816664466
EBF4	-0.00183262374355198
CPXM1	-0.000612664901550188
MAVS	-0.00050820361099848
LZTS3	0.000969883491072144
XRN2	0.000624649677245335
DYNLL1	-0.000171830053915321
TESC	0.00125507287022653
SNX5	0.000628579200284444
RPL6	-0.000490111437924188
MAPKAPK5	0.000521237942639592
ESF1	0.000971650296484696
RBBP9	9.17515834879663e-05
ANAPC5	2.70175893785375e-05
SLC23A2	0.000135434863102503
SLC8B1	0.000486622492831109
TMEM230	-9.94604909207148e-05
DZANK1	0.000728169559932775
KDM2B	0.000889379096895006
LHX5	0.00050471881698457
TASP1	0.000433148087578722
GCN1	0.000295465577201335
RPLP0	-0.000274854421005897
PXN	-0.000248443165858435
SIRT4	-0.000186780839870545
KIF16B	-0.00015980028601883
TRMT6	0.000837681071157293
CHGB	0.00114042151249212
PEBP1	0.000759775848546969
TBX5	-0.00504011619542889
BRAP	0.000299681284792411
ERP29	0.000290956118965118
FUS	0.000161961540802579
IGBP1	3.7688132425696e-06
FXYD5	0.00102050512002858
ZNF302	-0.000255141134567502
GRAMD1A	0.000570274901982566
HEPH	-0.000545531362403487
CDIP1	0.000471776432248764
CMTM1	-0.00040211660661437
GANAB	-0.000326391296727527
GMIP	6.44147949689285e-05
RBM41	0.000306752388151584
BIRC5	0.000784679609690912
MLF2	-0.000131555684116598
DDX24	0.000276879865105487
ZBTB25	0.000318351921503948
NECAP1	-4.91508641166394e-05
ARHGAP4	0.00102223325549381
ANKRD24	0.00304337970311912
DHX32	-0.000492892996107081
RCOR1	-0.000143243881562125
GPATCH2L	0.000282606595169491
LTBP4	-0.000956850602711433
BLVRB	-1.81716598032569e-05
SLC9A1	3.35151346861109e-05
SPTLC1	4.98314038110164e-05
PAPOLA	0.00024873622968657
CCNK	7.28920872842985e-05
PCBP4	-0.00200079874407988
YPEL3	-0.000211473649209315
MRPS33	0.000143059167985414
NDUFB2	-0.000201576373555555
NUDC	0.000466046502377412
MAEA	0.000321736901617433
ICAM1	0.000323700655932915
STRN4	1.37038993484816e-05
LYZ	-8.40421618286363e-06
MUL1	0.000128443419321069
TFAP4	0.000911551521684079
PDCD7	-0.000191748461711598
SPG21	-9.03432413998555e-05
DNAJB11	-0.000195198452639365
P3H2	-0.000910478370376316
CHRD	-0.00169569752834299
RAB11FIP3	-0.000587044343948697
GNPTG	-0.000230723612927247
ZNF268	0.000166870107425432
GOLGA3	-0.000728151387072442
PABPC4	0.000296876852781835
CERS4	0.000142479068324356
MCOLN1	0.000111731973706402
USP48	0.000449316116338311
EFNB1	-0.00162048589550537
PDPR	0.000727019579257527
AARS	0.000638737987068229
GLG1	-3.5750592601954e-05
KIF4A	0.000776356700465658
TNRC6A	0.000688142501598711
PLEKHG2	-0.000775369586414812
DLL3	-0.000719536063261087
NAT14	-0.000179079352306356
EXOC1	-0.000197658697280077
RBM27	0.000882041010567744
OSBPL8	0.000242821742028602
DTX2	0.000894702583571682
PUS7	0.00159420119336698
NRCAM	-0.000802859758192362
LAMB1	-0.00213855906460571
DLD	0.000293969825218025
WDR7	0.00031778395525876
TXNL1	0.000360646171925161
CMTM6	-0.000187772382910227
ITGA6	0.00152509822532755
MAP3K20	-0.000665216421319088
FH	0.000143859832096415
SEL1L3	0.00141789442010165
TF	-0.00328802932045442
CDV3	-0.000298980201638682
ALKBH5	-4.29714611359019e-05
NLRP1	-0.00151774522943264
SPAG7	-2.86297122276361e-05
ORC6	0.000376506599391298
ZFHX4	-0.0027804856728548
ZC3HC1	0.000614710926447477
ANGPT2	-0.00413952799999254
TMEM101	-0.00056347570028256
CD200	0.000622387379968222
CCDC80	-0.00242802753840131
PSME1	0.000384836203019418
PPP2R3C	0.000201467469009293
HAUS4	0.000595619817976843
JPH4	0.00312229398510368
SLC7A8	0.00196193024000489
OSGEP	2.44076105506308e-05
SLC22A17	-0.00065646944599385
RNF31	0.000148229248482387
SCFD1	4.72498076792993e-05
G2E3	0.000571455643905974
HECTD1	-0.00012854558930916
HNRNPC	9.28501249055167e-05
SUPT16H	0.00083497623132057
TOX4	-9.33020707580382e-05
GEMIN2	0.000544703145806811
TINF2	-0.000299442466963279
DAZL	0.0103992072212756
SEMA6A	0.00152325088215887
TRPM7	0.000309392568004805
TYRO3	0.000147768991589061
WDR76	0.000647702736439485
CAPN3	-0.000830155130589109
SNAP23	0.000178028570753096
PHGDH	0.00085528340880197
COL9A3	-0.000206414419930253
EZR	0.000140246569964283
MYL6	-0.00112870572959249
AGO1	0.000180214972786325
TEKT2	-0.00185459030762901
CLSPN	0.000983566314042021
RFFL	0.000423558396124465
UNC13D	0.00199376634541715
MFSD11	0.000730168781669319
DPYSL2	0.000936197595165074
TGFB2	-0.00308572358562691
GPATCH2	0.000210442743861292
NUP50	0.000625933819377
CDC45	0.000821925644607232
COMT	-0.000807513543167396
ADA2	0.000775764796944044
ECHDC1	8.59815900592947e-05
LRRFIP2	-0.000315169549212592
SEC22C	0.000429860257575158
HDAC6	-0.000851395132409614
GABRP	0.000328010243427991
CDC6	0.00163121541526848
UPRT	0.0010426086808209
CDC23	0.000124230178917752
AAAS	-5.97959591657255e-06
CBX5	0.000110384554700822
SUCO	-0.000771335336450007
MSH2	0.00162732191583614
MAP3K1	-0.000919565533287633
DHPS	-0.000287901312264644
HOOK2	0.00061670371048514
ARCN1	-0.000534527899962302
EPB41L4B	0.00282871927794875
TMEM38B	-0.000195150340613333
PSMD5	0.00070237915247282
NUP188	0.000528526624513147
CRAT	-0.000793482955331733
SH2D3C	0.00059383964735145
NANS	0.000463859826230329
TBC1D2	-8.74480236022643e-05
WHRN	-0.000696140130552719
CWF19L1	0.000357244186660885
SEMA4G	-0.000647914117902747
BTAF1	1.95310736348639e-05
IKZF5	0.000324890011585678
CYP26A1	-0.00251520997872975
SORBS1	0.00118178729633024
CRTAC1	-0.000373477973224057
BAMBI	-0.00215385496079323
IL11	-0.001637917537346
MYO3A	0.000195677413510275
WAC	-4.18700674769206e-05
CREM	-0.000334407293248668
NUBP2	-0.000116778237612145
SMIM24	0.00414524428696223
HIVEP1	0.000138411005057499
FKBP5	0.000881457845220092
SRPK1	0.000849265806976676
BRPF3	-0.000178867556577959
MRPS18A	0.000252160302356118
TMEM14A	-0.000869009114297594
EFHC1	-0.000559231240266882
HSP90AB1	0.000679156981766857
CDC5L	0.000343334314954488
ITPR3	0.00159410577487317
ZNF184	-5.01938770362619e-05
DSP	-0.00131626757670039
SIRT1	0.00142519481062092
HNRNPH3	0.000106809697727845
IFT74	0.000346442365004882
JAK2	-0.00108770254504594
ABL1	0.000105707608581507
ACOT7	0.0011071329699384
SH3GLB1	-0.00082361828077297
CDC7	0.00102416660665297
SYDE2	-0.00019543420931068
PCSK5	-0.000459971463042983
SCD	0.00106672542861923
TMED1	-0.00031755621734337
ABLIM1	0.000205646965049417
ERMP1	9.9128489272825e-05
RAB18	-0.000671426893456898
NRP1	-0.00314715559652617
PRTFDC1	-0.000256581820333778
TSPAN15	-0.00058091054992765
H2AFY2	-0.00213840707515578
WASHC2A	0.000398099402535986
MZF1	-0.000459947202161645
OCEL1	1.98448174830458e-05
MYO9B	-0.00031605476281848
KCNK6	0.000399368513952713
PSMD8	-0.000158326625643468
FBXL19	0.000257858216662566
STX1B	0.00109140666288756
HSD3B7	0.000241485782513239
SETD1A	0.000685810171916278
BCL7C	-0.00125047462145802
EFNA2	-0.00117898734923673
CIRBP	-0.000855450236611557
ATP5F1D	0.000168000992671547
CBARP	-0.0002783006959837
HNRNPM	0.000491722942850949
MARCH2	-0.000347105045085677
NDUFB7	-3.43507864659472e-05
TECR	-0.000112976383918932
TIMM13	0.00074301837296489
CDC34	-0.000289121035570843
MTAP	0.000881427959258341
CEP170B	0.000261913237022132
POLR2E	4.4842050360246e-06
POLRMT	0.000712297142325836
IZUMO4	-0.000624757320434629
RASSF7	-0.000266410729547583
GADD45B	-0.00209385654140066
PALM	-0.00232796029325765
MKNK2	0.000291625609109249
ARVCF	0.000284368381903826
TRMT2A	0.000108817902404622
RANBP1	0.000612409899513777
ZDHHC8	-0.000545000609741575
KLHL22	-0.000983705443792717
MED15	-0.000491185476348761
SNAP29	-0.000405148691953084
CRKL	0.000298162517700589
LZTR1	-0.000658992127182095
MMP11	-0.00037779740484391
CECR2	0.0012187196111516
SMARCB1	-0.000183546371344197
DERL3	0.00142490074551478
BCL2L13	-3.75328080702071e-05
DDT	0.000400317467924886
CABIN1	0.000180314758888359
TBC1D10A	-0.000729533108452611
SF3A1	0.000495469316307399
RNF215	-0.000716946675812055
SEC14L2	-0.00149288856487735
SPECC1L	6.26818055017362e-06
PPIL2	0.000160027215046502
YPEL1	-0.000218323669982822
SNRPD3	0.00058040041705888
PES1	0.000867991814780704
MAPK1	-8.44828624488768e-05
GGT1	0.000285938782971426
PRODH	0.00212255730429092
PPM1F	-0.000615166761631734
SLC35E4	0.00114974148490662
TOP3B	0.000232402723386199
ESS2	0.000337030360734747
MFNG	0.000382816602409885
CARD10	0.000458185987740844
LRP5L	0.000502773369200057
SLC25A1	0.00072328636356351
GRK3	0.00122381444140525
PLA2G3	0.00426464509157619
LGALS2	-0.00487543066919062
GGA1	-0.000250797457444861
HIRA	0.000628476736171702
SH3BP1	0.00041624020438268
SEZ6L	-0.00174859414334615
LGALS1	-0.00224402635826216
HPS4	0.000107284858554488
PIK3IP1	-0.000951249616720333
SRRD	0.000445771271931571
PATZ1	0.000385946065820342
TRIOBP	-0.000665906120652572
TFIP11	0.000178153385525233
GCAT	0.000931763640042324
ANKRD54	-0.000439697577309442
EIF3L	-0.000163130944555649
SNU13	0.000276815026428988
MICALL1	-0.00046362006705322
POLR2F	0.000469236068537595
SOX10	-0.00175973094468674
CCDC134	0.000844384390892931
DEPDC5	0.000815223581381538
PICK1	-0.000121243715065418
TTC28	-0.0013340781725872
CENPM	0.000966990108789812
SEPT3	0.00160023452375641
KDELR3	-0.00171066332873553
DDX17	-0.000575552555750641
DMC1	0.00124889768419804
TCF20	0.000431579991077026
HSCB	0.000299681589069749
CBY1	-0.000414976133059263
TOMM22	0.000503881433870687
XBP1	-0.000388326939022705
RTCB	-3.42858169104409e-06
JOSD1	-0.000741803117915842
FBXO7	-0.000682891357279158
GTPBP1	0.000318499867139858
POLDIP3	1.59329155119111e-05
RAB36	-0.000925535856169001
TIMP3	-0.00386045182816307
PPP6R2	-0.000641781961806015
SBF1	-0.000450217312822549
SUN2	-0.00142918706348951
CYB5R3	-0.000635238489905833
DNAL4	-0.00103971395249253
LMF2	-0.000787389705991641
RHBDD3	0.000615865093531317
PACSIN2	-0.000212085713754994
TTLL1	-0.000267705880843048
AP1B1	6.26047851994486e-05
HMGXB4	0.00035916956836559
TOM1	-0.000387603899091141
CHKB	-0.000390078586356995
BIK	0.000591826778630465
HMOX1	0.00141501593401527
MCAT	-1.30895459259254e-05
THOC5	6.46225906588351e-05
MCM5	0.00141103645104626
ARSA	-0.00124060905897476
TSPO	-0.000718732842984875
TTLL12	0.00153708467807988
CBX7	0.000367230501841327
PDGFB	-0.00195838364720533
RPL3	-0.000267661023288881
ZMAT5	-0.000153088523256103
RBFOX2	-0.000347065808932938
SYNGR1	-0.00016584478531132
TAB1	0.000172849863455276
ASCC2	-0.000384505736367779
MTMR3	-0.000587649863431922
MIEF1	1.71504093823211e-06
PNPLA3	0.00102895143701101
MYH9	-0.000845270699473009
SAMM50	0.000363983223537498
TXN2	-0.000296154721913625
FOXRED2	0.000530425587342535
EIF3D	7.72767530681078e-05
TNRC6B	0.000872589441357135
SGSM3	-0.000611185396242791
IFT27	9.30487540060974e-06
PVALB	0.00657469382093863
KIAA0930	0.000188890045901425
SLC25A17	0.000546448708539585
UPK3A	0.0027957398200517
FAM118A	-0.000621355718450065
KCTD17	0.000120135290808384
ST13	-0.000193562469549359
RBX1	0.000155209575919251
EP300	0.000531536839981277
L3MBTL2	0.000648211175092563
RANGAP1	0.00049066025170879
ZC3H7B	-1.81727911644516e-06
PHF5A	0.000779568347286353
ACO2	0.00012190413315414
POLR3H	0.000320485646102015
TRMU	0.000148130332254013
PMM1	-0.00108063907651939
DESI1	8.26050637274926e-05
CERK	-0.000254219908047808
BRD1	-0.000210210626476381
ZBED4	0.000117795992997731
HDAC10	-0.000677741112360577
KCNK10	-0.000479443436698268
ABHD4	-3.6760170274996e-05
KHNYN	-0.00092608006673835
FKBP3	0.00041546010293827
SDR39U1	-0.000347975223650442
RBM23	-0.000366012810910527
PRMT5	0.000324202551070675
COCH	0.000311948698288923
AP4S1	0.000885149877868759
POLE2	0.00115237340630487
VCPKMT	0.000417325629633939
SOS2	-0.000707819848730046
CDKL1	0.000162852145911221
NIN	0.000220589777647469
PYGL	0.000103237380145529
PSMC6	0.000114528733865749
GNPNAT1	0.000617128617202286
DDHD1	-0.000257468666518142
CDKN3	0.000564552448307816
CNIH1	-2.6324154923587e-05
CGRRF1	0.000241711141967646
ATP6V1D	-0.000174908331832769
PLEK2	-0.00159094599810074
PIGH	-0.00102419268195856
PSMA3	0.000606891940930376
VTI1B	-0.000143774490948601
TIMM9	0.000232367358253494
GSTZ1	0.000202868259075815
KIAA0586	0.000378902868737897
TMED8	-0.000346958283938084
AHSA1	0.000168336971686323
DAAM1	-0.000964022813660202
SPTLC2	0.000743880704248491
RIN3	-0.00118776331488846
LGMN	-0.000561161650985279
ALKBH1	0.000720489098767751
SNW1	0.000203923385910618
CHGA	0.00439431824158546
ITPK1	0.0018058249017454
DHRS7	-0.000453938393851825
PPM1A	0.000236735555461899
SIX4	0.00113092580030445
GALNT16	-9.02916406645512e-05
CEP128	0.000807858753109109
ERH	0.00019345658100253
HIF1A	0.000121257706202982
SUSD6	-0.00125849988084518
SRSF5	-0.000352665732043496
EIF5	-0.000102513389437724
DICER1	-4.19621021101884e-05
ZFYVE21	0.000560383320396272
MTHFD1	0.0017331935211792
TCL1A	0.0104231341460805
ZC3H14	0.000189639083391654
TELO2	0.000429467210736443
PCNX1	0.000113838849032776
BDKRB1	-0.00671479202218671
GSKIP	0.0003760830520594
VRK1	0.00125693511378088
PSMC1	3.67953876745204e-05
PAPLN	0.00194434957205045
PPP4R3A	0.000448969097014271
C14orf93	0.00053508650536449
PSMB5	-3.65481463109994e-05
YY1	0.000162847636883649
ACIN1	-5.79642070655529e-05
CCNB1IP1	0.000523928889404965
TRIP11	-2.32635053690245e-05
APEX1	0.000401411804357439
PABPN1	0.000104834216084757
EFS	-0.000830695592824401
ARHGAP5	0.000244563638345775
CINP	0.00032827409301709
DHRS2	-6.8258078140498e-05
SRP54	8.7853945560709e-05
CHD8	0.000372053272737181
PCK2	0.00107354396090858
KIAA0391	0.000734906365618089
DCAF11	0.000719799030353493
PSMA6	4.81520668081398e-05
NFKBIA	-0.00095189466649603
EMC9	0.000605807892692071
PSME2	0.000409022122237078
BRMS1L	0.00025630182753238
REC8	-0.000593313106702095
TM9SF1	-0.000598629219845171
SEC23A	-0.000743829721900811
GMPR2	0.000257262232373841
PNN	0.000306529025853876
RABGGTA	-0.000268718373420836
NFATC4	-0.000111631153928797
PLTP	-0.000551994848167241
PCIF1	5.49202743883693e-05
GSS	-0.000235310774607182
MMP9	-0.000342751709073682
TRPC4AP	-0.000121409448774943
PYGB	-0.000369157117578366
ABHD12	0.000322510917214366
PROCR	0.00113064634287439
GINS1	0.00134538783246181
NINL	5.17524051563419e-05
CD40	0.00148268136578796
UQCC1	-0.000100907260697188
ZMYND8	0.00133653351951193
IFT52	-0.000143654605011084
MYBL2	0.000872583473562122
HNF4A	-0.00565022627579843
NDRG3	0.000290411418900886
RAB5IF	6.60820514958502e-05
RIMS4	0.00344018101962214
PABPC1L	0.000190224472737307
STK4	0.000643403851904712
SALL4	0.00120547086310874
ADNP	0.000268544407752816
PFDN4	0.00056418757941975
DOK5	0.000462766723043489
CSTF1	0.000764841283332134
BMP7	-0.00176154286157926
RAE1	0.000178544497834321
TPD52L2	-0.000187420621613059
DNAJC5	-0.000312378017888466
NELFCD	-0.000122041260631979
CTSZ	-0.000940085316868891
PRPF6	0.000178358458543243
PRELID3B	6.21076180180776e-05
MTG2	-1.08445376367712e-05
PSMA7	3.79121073799987e-05
SLCO4A1	0.00337662951113655
MRGBP	-4.04703519673594e-05
TCFL5	0.000315251489446526
DIDO1	0.000465109052185331
GID8	0.000419719022273032
SLC17A9	0.0018767666754406
NKAIN4	-0.000393954802897102
ARFGAP1	-0.00059111384309365
EEF1A2	0.000425277683867506
GMEB2	0.000341821054053646
C20orf27	0.00136168048495722
CDC25B	7.82300998081908e-05
ISM1	-0.000482117231062751
RNF24	-0.000425543876131956
ARFRP1	-0.000202037509077688
NDUFAF5	0.00029317051246072
TRIB3	0.000129716027875864
RASSF2	0.000542883910513726
CSNK2A1	0.000291618478487525
SLC52A3	0.00396110097722455
RSPO4	0.00078195506527669
CDS2	-3.61226913978584e-05
HM13	-0.000302495141299914
SEC23B	0.000196317236311723
FERMT1	0.00168442309005067
CCM2L	0.00258009999373365
PLCB4	4.80956710826053e-05
MYL9	-0.00178744187934694
TM9SF4	-0.000396609770684686
CRNKL1	0.000291821808658039
POFUT1	-0.000223192607401568
SAMHD1	0.00304375666487806
KIF3B	-2.31877789091372e-05
NOP56	0.0010246727334727
MANBAL	-0.000150872567795055
IDH3B	0.000377823287408759
MAPRE1	8.30309479294003e-05
JAG1	-0.000463810323083064
CDK5RAP1	0.000580977743003523
SNTA1	-0.000121460962245801
TTI1	0.000792440263639674
E2F1	0.000835867506161367
RPRD1B	-0.000146469611305198
PXMP4	0.000407480976424006
CHMP4B	-0.000231889495539764
CST3	-0.00156085270062154
ACTR5	0.000841936677029777
WFDC2	-0.000389211922753403
AHCY	0.000691884501812484
PPP1R16B	0.000851572935495573
FAM83D	0.00135775720875233
DHX35	0.000966768882110006
DNTTIP1	4.56044578539755e-05
MAP1LC3A	-0.00176842894694421
SYNDIG1	0.00162138573586271
PIGU	0.000129572769033978
TNNC2	0.0039674316236095
ACOT8	0.000566363056337871
APMAP	-0.000247013748093772
CELF4	-0.000276343726008591
ZNF516	-0.0014748898249606
ADNP2	0.000779612988480333
RBFA	0.000622338210461246
USP14	0.000360046972109611
VAPA	-0.00022828114730426
METTL4	0.000259867354950685
LPIN2	-0.000527888521590348
SMCHD1	-2.68556964800462e-05
MYL12A	-0.000746053811852545
CEP76	0.000675490133344148
CEP192	-0.000104193762243618
RNMT	0.000532590427898356
SMAD7	-0.00168679116088161
LIPG	-6.96854601544786e-05
LAMA1	-0.00102628957700416
RNF125	0.00125374149315111
ANKRD12	0.000444193146601347
POLI	-0.000133458620643936
MIB1	-0.000188304122768059
RBBP8	0.000840142890356637
RIOK3	-0.000648295057366815
CSTF2	0.000704421988156396
MXRA5	-0.00320937429496303
PSMD10	5.37251122485106e-05
ATG4A	-0.000800919875169191
TBL1X	0.000148687558119068
GPR143	0.00172389068384565
PGRMC1	0.000588481237238925
POLA1	0.00157941097545344
MID1	0.0001165223496578
NKAP	1.76821193834077e-05
NXT2	0.000816880692095694
ALG13	0.000538497147771701
PRPS2	0.00136025003963754
MOSPD1	-0.000426317403317037
AMMECR1	0.00095215561140355
CHRDL1	0.00218236245660516
WDR13	-0.0012912626099549
SUV39H1	0.00125839579360831
SRPX	-0.000498597616514118
XIAP	-0.000338015305709304
STAG2	0.00051537130110927
ATP11C	0.000803273588305532
ABCD1	-0.0011422237874342
CCDC22	-0.00022723694535458
SYP	0.0020450707756942
PLP2	-0.000426889313570914
PLS3	0.000192999091301477
NAA10	0.000219585081891807
RENBP	0.000823219243064464
ELF4	-0.00160732404189786
SMARCA1	-0.000344980743189775
MTMR8	0.00217515012188987
RBBP7	0.000378881829393256
KCND1	0.00130934646171144
SLC25A14	-0.000340302265304228
FMR1	-0.000159300989394118
PIM2	0.00308414267979515
SCML2	0.000543400441808201
SLC35A2	-0.000277684045333216
PQBP1	0.000222089062565161
PCSK1N	-0.000154241090662845
EMD	0.000481672069769071
TAZ	-4.13275719452642e-05
PGK1	4.44090965099595e-05
MAGT1	-0.000137742466380246
SMS	0.00074571500772599
UBL4A	-0.000204115393857797
CD99L2	-0.00105622958287722
EEA1	-0.000299900188916867
GPR50	0.00158411714610268
RP2	-0.000553491400324018
JADE3	0.000701527674272409
CDK16	-0.000497554008804956
USP11	-0.00040089199305829
PCYT1B	0.00218430723872711
HTATSF1	6.87415956934108e-05
VGLL1	-0.00854766593340173
TIMP1	-0.00172453095753845
KLHL4	0.00180004811960805
GABRE	0.000151857859118446
FGD1	0.000118439418593528
PIN4	0.000370920232158951
PORCN	-0.000386123004879479
MAGED2	-0.00149441927009472
RBM3	-8.72425522685947e-05
KLF8	-0.000818319865236848
SRPX2	-0.00573514324963808
SYTL4	-0.00194816849119885
ZDHHC15	0.000741428303786716
CENPI	0.000982347986197589
PBDC1	0.000869121714179153
GLA	0.00069940697316512
ARMCX3	-0.0012820145815769
BEX4	-0.000398806004886938
RUBCNL	0.00105946975688782
NDFIP2	-0.000812876260374787
FNDC3A	-0.000594966246901234
CDADC1	-0.000773050918137895
CAB39L	-0.00077493320098369
KLF5	-0.00298824261538031
STK24	0.000321678843718261
ACP5	0.00191358401143754
DNAJC3	-0.000163926575118086
UGGT2	-0.000208296313989386
ARHGEF7	4.05354564414141e-06
PARP4	0.000292195547143201
SUPT20H	6.03393465017961e-05
MRPS31	0.000454908422553956
SLC25A15	6.37486895643407e-05
KPNA3	0.000208890325097335
FLT1	0.0018202628044065
RGCC	-0.00493691928372405
VWA8	0.000938885700137601
KATNAL1	-0.000238358884640105
INTS6	0.000377506062873811
DHRS12	6.66252951461976e-05
MEDAG	0.00243481294422399
TSC22D1	-0.000685597294257696
CLN5	-0.000644590612425394
MGRN1	8.5310280974463e-05
ZNF629	-0.000267048754564234
TRADD	-0.00417592312257682
HSF4	-0.00498075579868045
CORO1A	0.00112594793916746
MAPK3	-0.000612464011800141
GDPD3	-0.000160469183656853
ELMO3	0.00154869039273693
PHKB	-0.000439403417872605
LYRM1	-6.63353469335546e-05
NUTF2	-2.05926703408713e-05
NUP93	0.000556027492051447
CENPT	-8.74852434624289e-05
NFAT5	-0.000653228770270953
LONP2	-0.000518923439686772
N4BP1	-6.09283209817153e-05
CBLN1	0.000377713789213143
ARL2BP	-0.00119800261501148
PLLP	0.000194309778062877
ZNF423	0.000756544794882319
DHODH	0.000725864307172374
CTCF	0.00057635358736125
ACD	0.000402857759955636
POLR2C	0.000109815452784645
PARD6A	0.00247671952149683
ZNF821	-0.000479157011230966
MMP15	-0.000271834842778604
USB1	-0.000338761355013626
CYB5B	0.000222937904048918
CCDC113	0.000235009341562299
NME3	0.000315876779289257
NDRG4	-0.00115622970988315
PSMD7	0.000506324479197452
SETD6	0.00115288226027158
SLC38A7	0.000324093307799127
VAC14	0.000636184853534842
HAS3	0.00416246285425608
TANGO6	0.00108975523892959
COG4	-0.000188194699321894
SMPD3	-0.000835111627506184
SLC7A6OS	0.000154364100893735
SLC7A6	-0.00112795778057535
PLA2G15	-0.000537312477770458
ESRP2	0.00151478468853134
FA2H	0.00320217882035279
WDR59	0.000362345763803691
MON1B	0.000178974097889116
CMC2	-3.33608544411848e-05
AXIN1	0.000230893987365053
HCFC1R1	-0.000260160794446859
NPRL3	0.000182100426021802
MLYCD	-0.000105966464128522
MPG	-0.000756587910155839
NECAB2	-3.92043129230443e-05
HSDL1	2.86264580033945e-05
TAF1C	0.000278458224781869
NAGPA	0.00049509036437476
COTL1	-0.000201152629987527
USP10	0.000531575506972067
CRISPLD2	-0.00124689638171577
TSC2	-0.000345838051039893
ZNF500	2.06025763951675e-06
NME4	-3.2364189078825e-05
ABCC1	0.000597589854007896
NOMO3	0.000132750101174858
LMF1	-0.0010715401232907
FOXF1	-0.00555247072015007
CIAO3	-0.000232138572793295
MTHFSD	-0.000715225818689273
CLCN7	5.06992406299388e-05
HAGHL	0.000221800597616807
FAM173A	-0.000188694050409074
SLC7A5	-0.000243375928082004
METRN	-0.00170332652696847
FBXO31	-0.000266623660643526
STUB1	-0.000357193422754367
RHBDL1	0.000346140055964233
NUBP1	0.000323935241523338
UBE2I	-2.01879579238108e-05
CRYM	0.00215786597689392
EEF2K	0.000808309101570264
CAPN15	0.000807286930594414
PIEZO1	-0.000538770039602879
GSPT1	0.000657946772673853
ZNF174	8.07144249886068e-05
CLUAP1	-0.000731081397290223
UBFD1	4.15083147680009e-05
EARS2	0.000954268034403168
ELOB	-0.000236211505160426
GGA2	2.43737739030521e-05
CPPED1	-0.000130329668325589
USP31	0.000894734734876196
HMOX2	9.51111469549958e-05
DNAJA3	0.000378994452533351
BFAR	0.000433568767773433
SALL1	0.00113534315925829
TOX3	0.00102189241080143
RBL2	-0.000405100265754848
QPRT	-0.000334532137990912
XYLT1	0.000329255445283924
PYCARD	0.00311477730712042
RPGRIP1L	3.24555801701591e-05
MAZ	-0.000194331440822101
STX4	2.75088460260865e-05
CDIPT	-0.000220950054248872
BCKDK	0.000141595296155073
KAT8	0.000171333141015997
NOMO1	0.000105437412877432
SYT17	-0.000711913498322687
CCP110	6.11439327916797e-05
VPS35L	0.000202273627977064
RNF40	-0.000426515100049648
KNOP1	0.000978342220037218
AAGAB	-0.000174332204504871
IQCH	-0.000645381506107683
LACTB	0.000314171338457419
CORO2B	0.000529903142323492
CSK	-0.000360452035824221
HERC1	-0.000149750769455676
TRIP4	-0.000466965025804165
MTFMT	0.000401409237383759
RASL12	0.000137746095725484
AP3B2	0.00122626670570083
ACSBG1	0.00592740179596003
IGDCC4	-0.000811908891849897
RAB11A	-0.000181785134131527
CTSH	-0.000664665034336874
TTC23	-0.000191412255676157
CD276	-0.000119153941166611
FAH	0.00014324400100675
CEMIP	-0.000839766104770621
RPAP1	0.00069336913852126
HOMER2	-0.000227539429155317
EHD4	0.00060803858917903
TMEM87A	0.000291932326451876
ZNF106	0.000336016307964241
CEP152	0.000749676007519551
DTWD1	0.000281787546381415
FAM189A1	0.000822567300942799
GABPB1	0.000260342200710046
TJP1	8.15347630491579e-05
BMF	-0.000851182073210698
DMXL2	-0.000632944979593493
SCG3	0.00294909193393203
DNAJC17	0.000417146441534375
EIF3J	0.000279670850728556
SPG11	-0.000151197273906637
VPS18	0.000461652081892593
OIP5	0.00133396545952334
BLOC1S6	-0.000315198631497548
MYEF2	0.000273526200695734
SGK3	0.000616102437109019
PDGFRL	0.000386547274973601
CSPP1	0.000299774292942295
ZDHHC2	-0.000154438082758522
BRF2	0.000104528345932117
TRIM35	0.000409894998766922
ZFAND1	-0.000110497834524717
CA2	-0.00162722841905415
FZD3	0.000246450413866873
INTS9	0.000405023980427251
RIPK2	0.000491282174738395
EYA1	-0.000986117230827962
NBN	0.000293801723675397
TRPA1	-0.000151019560100135
CPQ	-0.00149844876045633
DECR1	-0.00040009965269194
CALB1	0.000740823767592058
IMPAD1	-0.00122261998198268
SFRP1	0.000899279646981924
LAPTM4B	-0.000328217177248339
UBE2W	0.000111487574051079
POP1	0.000739274759381982
NIPAL2	-0.000122003717991028
IKBKB	0.000111142389937074
PLAT	-0.000974216061757476
JPH1	0.00123027942993041
DKK4	-0.00428634321627215
STK3	-0.000443643201691586
GDAP1	0.00138987357130777
RAB2A	-0.000755989247088593
EIF3E	-0.000102997044523852
EMC2	-8.35559720987326e-06
ESRP1	0.00213132233494712
WISP1	-0.00462069600515918
NDRG1	-0.00287881841430885
ZC2HC1A	-0.000199328418706099
STMN2	-0.00310826468629066
ARMC1	0.000456540824268786
TRPS1	-0.000311539571030487
SPAG1	-0.00082976094769201
CHRAC1	0.000859484439788288
NCALD	-0.00103930788057191
SNX16	7.74274572457388e-05
UBR5	0.000896144564030473
GSDMD	0.000861356641683152
TSTA3	0.000382968156728547
PYCR3	0.000104760914601073
EEF1D	-0.000295868090706068
SQLE	0.000775055709931644
SH2D4A	-0.000527248386705324
INTS10	0.000176162609582655
ERI1	0.000213326172330041
SLC39A14	0.00102750575395064
MTMR9	0.000577525201173013
LEPROTL1	-0.000449716328954414
DCTN6	-0.000382010814789223
R3HCC1	-0.000378634609869394
GSR	0.000597008435952594
TNFRSF10A	0.0021573758741915
PPP2CB	-0.000575365615303599
ERICH1	0.000476507342135054
NEFM	0.000345537346281154
TUSC3	-0.000794024936877635
ARHGEF10	0.000319261367227233
KLHDC4	0.000674069890682818
MCM4	0.00117520950885215
KCTD9	-1.82828195038447e-05
ASAH1	-0.000774329614374489
BNIP3L	-0.000434524257110401
MAN2B1	-0.00013441565846877
NUCB1	-0.00076030133854081
GYS1	-0.000214490947445174
MAP4K1	0.00174834962546492
ECH1	-0.000223990300812553
HNRNPL	0.000323574594239875
NFKBIB	0.000959998689867348
TUBB4A	0.00100893072576277
SARS2	0.000713092691730706
SNRNP70	2.19159156781135e-05
CLPTM1	-1.86710135234224e-05
RELB	0.000873560403300426
CLASRP	-0.000143509942451795
LIN7B	-0.00105348839563439
PPP1R37	0.000123581724982998
FCGRT	-0.000749432622497182
PIH1D1	0.000563685639126937
ARHGEF18	-2.25047053712127e-05
PPP1R13L	-0.000837822062961707
ERCC2	0.000467469491269422
DOT1L	-0.000218344968836603
PLEKHJ1	2.42824322439417e-06
RNASEH2A	0.000710297490061547
KLC3	0.000621005160273934
CD37	-0.000793877230388759
SF3A2	9.38430236170161e-05
AMH	0.000120992163439702
DKKL1	4.45211259592273e-05
OAZ1	-0.0001417487821212
TRMT1	0.000958514026925887
STX10	0.000278876423120736
DMPK	-0.000761573213099058
TBC1D17	0.000421418265685272
TLE6	-0.000606103434979195
CCDC130	-0.000739673307819923
PTOV1	-0.000555342652745324
AES	-0.000963255171469753
NOVA2	0.00185102972828388
SGTA	0.000136333025468794
MED25	-4.41036410972764e-05
SNAPC2	8.93164801587348e-05
C19orf53	-0.000123011131776598
TIMM44	0.000714265934661448
CCDC61	0.000522996508538852
IL27RA	0.00123841324725363
ASF1B	0.000389453095472841
TNNT1	0.000326445029233863
VRK3	-7.80360771235728e-06
FAM32A	-0.000212711144998264
PPP6R1	-4.79822205489477e-05
C19orf44	3.99907547260881e-05
MED26	0.000438047770292041
OLFM2	0.000712747239130093
AKAP8	0.00049540453897707
EPHX3	0.00267427900122749
ILVBL	-7.42524957646453e-05
ZNF419	3.72214031649447e-05
SYDE1	-0.00040905892761221
SLC1A6	0.00132376800903628
AURKC	0.00168415553339003
POP4	-4.68601052278296e-05
CCNE1	0.00121249146580798
URI1	0.000243562422976724
PDCD5	-1.51866701940555e-05
ANKRD27	0.000915411657658522
RPS16	-0.000140844931287894
TIMM50	0.00061359226607426
FBL	0.000720835888086758
DYRK1B	-0.000778007368221589
GPI	0.000691969490924705
AKT2	-0.000261518582920342
PLD3	-0.00112329934225285
PRX	0.000817072753570983
PIAS4	0.000297391696304313
NUMBL	-0.000456722789528966
EBI3	0.00134186747200415
YJU2	0.000880145610382083
SHD	0.000297766730470912
TBCB	-0.000140038469496363
FSD1	0.00124398346592087
POLR2I	0.000377090719430684
CLIP3	-0.0005868136336839
ZFR2	0.000841469529067198
SLC1A5	0.000764161074795221
PRKD2	0.000145777044240317
TJP3	0.00120738752494582
APLP1	-0.0013881451404927
CACTIN	0.000403583255957851
CCDC9	-0.000352007424876386
HNRNPUL1	2.51097659690867e-05
FZR1	-0.000555239124729262
BBC3	0.000371367446356087
TGFB1	-0.00237014159139165
DENND3	-0.000529817191700553
DMAC2	0.000278906265331367
PLIN3	-0.000790149119567005
MYH14	0.00120473125494983
MRPL4	0.000637450403499141
LIM2	-0.00838782017139041
RPS19	-0.00057290024849556
NOP53	-0.000133165216117472
ETFB	-0.000803468565683919
BABAM1	9.59522529605384e-05
TYK2	-0.000333646027417293
CDC37	-5.35851030866173e-05
NAPA	-0.00021447539535
RABAC1	-0.000291718688472081
ATP1A3	0.00292477376463743
MEIS3	-0.00167806801843748
PTPRS	-9.359422052793e-05
CNFN	0.00199823853273023
MEGF8	-0.000263854057904365
KDELR1	-0.000654223119340189
CYTH2	-0.000785100528728821
GRWD1	0.000912054312576796
GRIN2D	0.00115200168106314
CLEC11A	-0.00202660424489283
CARD8	-0.00028223352337484
LIG1	0.000701023344138547
ZNF175	0.000103097920257334
PLA2G4C	0.00333699946078836
RAB3D	-9.87530096397881e-05
DBP	0.000339428478988887
TMEM205	0.000422600686164917
CAPS	-0.0014566534966111
PLPPR2	-0.000408057552405601
FAM83E	0.00206685857523513
RASIP1	0.00178655778686957
BCAT2	5.81998195027785e-05
MIER2	-2.44052069442703e-05
PLEKHA4	-6.71978215836295e-05
PPP2R1A	7.81284747822621e-05
TNPO2	5.99273177222446e-05
WDR83OS	-0.000340005654515784
CACNG7	0.00237961061431321
GCDH	0.000969398017257403
DNASE2	0.000352528321033844
MAST1	0.000773307870061592
LENG1	-2.09064045494076e-07
PRPF31	0.000232873008158934
TFPT	-9.85034028546191e-05
RPL18A	-0.000124567524363062
ARRDC2	0.000642460414621542
PIK3R2	-4.64334170329494e-05
RAB3A	0.000589387972973302
ISYNA1	-0.00108576676387012
ELL	0.000132675661299045
CRTC1	-0.000588389586274401
COPE	-0.000505838670804229
DDX49	0.000183937256450683
ARMC6	0.000995477527958879
TMEM147	0.000485434558667322
TMEM59L	8.26519351511381e-05
USF2	-0.000332811932894322
LSR	0.00088306244635175
KXD1	0.00010761849731131
FKBP8	-0.000200033071481666
SUGP1	0.00020975237240517
HPN	0.000594019900984725
ZNF14	0.000374556593001973
SCN1B	0.000802855716987121
PBX4	-0.00086052732642932
ERF	-0.000459364034904583
GSK3A	0.000157354614132623
ATP13A1	7.27108030198599e-06
ZNF574	0.000661095877372253
GRIK5	0.0014490943433056
SIPA1L3	0.000631523520537219
ZNF85	0.000505200153937545
ETHE1	-0.000271010769780234
CADM4	-0.000549041930231795
SMG9	-0.00046566947492687
AVL9	0.000572388063232066
CFAP69	0.000277138872013439
GTPBP10	0.000464916712667761
RASA4	-0.000638519904525998
CDK6	-0.000467972245193924
PMPCB	0.000253760068069394
DNAJC2	0.000890082279381198
TFPI2	-0.00169140194981654
BET1	-0.000136126653345534
NAMPT	0.00035111773504029
TWISTNB	0.00083734642678527
PON2	-0.00146294920985433
ITGB8	-0.000276264460389512
HBP1	-0.000364320058109625
DUS4L	0.000526363723408894
SP4	0.00148939323875878
WDR91	9.37344896770778e-05
DNAH11	0.00296301738886016
CBLL1	0.000447384812873044
DLX5	-0.00854227156241018
MTPN	-0.000287903059584565
STEAP1B	0.00178107792052143
PTN	-0.000122224451691471
MPP6	0.00126669323006596
GSDME	-0.000793500191035996
ZC3HAV1	0.000641721776450168
TTC26	1.61065753779116e-05
OGDH	0.000352529292500699
ADAP1	0.000578579546433869
H2AFV	-0.000283190634179227
CAV2	-0.0031564809866851
CAV1	-0.00172455815416089
MET	0.00132932278909701
RNF32	-1.44569152067987e-05
LMBR1	3.5987153318505e-05
WNT2	-0.00544317244932869
HOXA1	-0.00492740108872798
DNAJB6	0.000642080856767983
HOXA2	-0.00424199418979953
HOXA3	-0.00336144867319909
LFNG	0.000406097293423077
HOXA5	-0.00252897723637606
BRAT1	0.000254864669308574
IQCE	-0.00114345068073619
VIPR2	0.00205462832982048
TSPAN12	-0.000647804903718638
SSBP1	0.000766715260721819
CPED1	-0.00277426771300301
EVX1	-0.00667369187988046
HIBADH	-0.000104849933245923
TAX1BP1	-0.000430502357276383
CPVL	0.00054169930027805
CHN2	-0.000133852160230656
GRB10	0.000423261037162589
ABHD11	7.38691358277558e-05
COBL	0.00260873033885392
FKBP14	-0.000758213778494424
PLEKHA8	9.1083681289505e-05
STX1A	-0.000474569320661041
NOD1	-0.000377728645350957
GARS	0.000427535207176679
EPHB6	0.000210314298251753
MINDY4	-0.000146081737046982
GHRHR	0.0090197662090275
CASP2	8.11431776974348e-05
CHCHD2	-0.000819382221460225
HSPB1	-0.000562440036512514
NPTX2	0.00227352704133191
PDAP1	7.64086443336399e-05
BUD31	5.19338030123328e-05
PTCD1	0.000446263293341118
ZKSCAN1	-0.000836693562475368
EIF3B	0.000836941529917944
SNX8	0.000303380913571494
NUDT1	0.000817052852714065
PTPRZ1	0.00274885089556154
TAF6	0.000323590263510728
WASL	0.000268035436260027
AIMP2	0.000895470875954557
MOSPD3	-0.000228608327123798
PCOLCE	-0.000552819791538821
PPP1R17	0.00321057874329508
RBM28	0.000513155591516985
USP42	0.000107937087082863
IMPDH1	0.000438530469525271
AGFG2	-3.52098380887196e-05
LSM5	0.000379503225496026
SERPINE1	-0.00291434415857132
AP1S1	-5.35960939652079e-05
C1GALT1	0.000891877000675931
PLOD3	-0.000817786451011646
RPA3	0.000827394172538895
ZNHIT1	-0.000341069450924079
CLDN15	-0.000237563981742548
GLCCI1	-0.000374787174122153
PHF14	0.00043300325830837
NRF1	0.000393878017183801
TMEM106B	-1.24160353254348e-05
EZH2	0.000354199237306897
CEP41	-0.000265996283913775
ZNF862	-0.00142736748245878
MEST	-0.00128520642088122
ANKMY2	-0.00106461417212462
TSPAN13	-0.000781103414184972
RARRES2	0.00245883584117038
AHR	-6.10193302198807e-05
CHCHD3	0.00090831778448075
TMEM176B	0.000760234408624883
GLI3	-0.000274891349183379
PSMA2	0.000619092224034555
MRPL32	0.00038176307097198
COA1	0.000536028668778516
BLVRA	0.00043799883689616
URGCP	0.000265505006429011
TMEM248	-0.00015188588943902
RHEB	7.12202520301999e-05
PRKAG2	-0.000406771056584781
AEBP1	-0.000886410950301841
POLD2	7.51290965971547e-05
MYL7	-0.00448972201162684
GCK	0.000897169318256142
BCL7B	2.18693194267699e-05
YKT6	-0.000220267426480089
TBL2	-0.000951057021759549
CLIP2	-0.000262253147342029
EIF4H	-6.017480390025e-05
LIMK1	0.000277529337110725
SLC1A1	-0.000937005521160496
LHX2	-0.00317112645081654
FKTN	0.00011830208831495
FSD1L	-0.000441423296539122
CNTNAP3	0.000764480654501866
SPIN1	0.000148037224162386
NMRK1	-0.000630690067683492
TMEM245	-0.000139972085205485
PRUNE2	0.00117485576143556
MEGF9	-0.00200194390668707
TRIM14	0.00244801808234365
CORO2A	0.000811991817495964
TGFBR1	-0.000684352678801734
SEC61B	-0.000309746564934694
C5	-0.00292770004372809
OGN	-0.00175760919665316
TLE4	-0.000371259076970496
PTGR1	-0.00174395305337421
SUSD1	-0.000889277691335515
AMBP	0.00256303239314063
AKNA	0.000986320516571353
DNM1	-0.000156606875485014
ENG	0.0002142289901151
AK1	-0.00045516488127028
CDC37L1	0.00072970969746898
RLN2	0.00190270717596406
PLGRKT	3.84121207429211e-05
TBC1D13	-0.000222602419563957
RIC1	-0.000226570189835804
KDM4C	0.000296768380226076
DOCK8	-0.00121857637327454
KANK1	-6.53290879930692e-06
ELAVL2	0.000962424658978352
NCS1	-0.000343037308822175
TESK1	-0.000639068903477956
FUBP3	0.000108901366459171
TYRP1	-0.00481909861071353
CREB3	-0.000692331638013003
RGP1	-0.000270218916425392
MPDZ	-0.000142461416108216
DDX58	0.0010219243551902
EDF1	-0.000314152027380138
PIP5K1B	6.23511103225509e-05
GLIS3	-0.00348347544383778
BAG1	0.000332077575831338
RAPGEF1	0.000158130439764945
NPDC1	-0.000497265380964851
APBA1	-0.00128453968605866
SETX	0.000265243455605339
SH3GL2	0.0017764852141469
PTGDS	-0.00166519293658111
ABCA2	-0.00101332913032216
SHB	-0.00117663054845244
UBE2R2	-0.00043403420368304
ABHD17B	0.000762585155825983
EXOSC3	0.000843406128628621
ZFAND5	0.000329295139509578
DVL1	2.23739337537177e-05
PDLIM1	-0.000620640301709261
CCNJ	0.00057321648069479
GATA3	-0.00598697318160695
ATRNL1	0.000115828851894094
HPS1	0.000285868012608713
PHYH	0.000497751322668104
RASSF4	9.02270627437223e-05
DNMBP	0.000395319021683212
RAB11FIP2	-0.000124956010639628
CXCL12	0.00217647543662585
ERLIN1	0.000139935530682843
EIF3A	0.000492829096089708
TRDMT1	0.00110034821736445
DDX50	-8.30631196913403e-05
MAPK8	-5.51220602549974e-05
SEC23IP	0.000346669969838852
ATE1	0.000245417209712224
NSMCE4A	0.00035376131931042
PLEKHA1	-4.40935201476049e-05
PALD1	0.00143680539294578
UNC5B	0.00111848385314075
CDH23	0.000227599334900491
VSIR	-0.00196378648072871
SPOCK2	-0.000718677076918431
MICU1	-0.000182585266296238
PPP3CB	-0.000275646494924573
CCSER2	-0.000196214969186484
BMPR1A	0.000661294843891555
MINPP1	6.39528765230535e-05
ACTA2	-0.0031141521850317
LIPA	0.000694155388992584
TWNK	0.00129634613984479
LZTS2	-2.32608470841042e-05
SFXN3	-0.0021513361933737
KAZALD1	-0.00236373439501935
FBXW4	-0.000120273924198505
FGF8	-0.00239291409745933
NPM3	0.000687832076792428
TNKS2	0.000511361558114384
GBF1	-0.000693172728512388
ARHGAP21	-0.000532266387129862
FBXL15	0.000411230111963944
CUEDC2	-0.000502549504264029
SUFU	-0.000529956935158568
ANKRD26	-7.54727309071684e-05
ACBD5	-0.000189959484582871
LHPP	0.00103637515796084
LARP4B	-0.000117507536764798
GTPBP4	0.000555845016668939
EDRF1	0.000418051861090162
BCCIP	0.000774024608632605
MTPAP	0.000897233707816003
SH3PXD2A	-0.000211271280953316
PITRM1	-0.00037329934070404
STN1	-0.000179817459314306
MAP3K8	-0.00065488536679731
DKK1	-0.00538511400743787
EBF3	-0.00324737340665806
GLRX3	0.000294591545915991
SORCS1	-0.00184652867977266
FAM208B	0.000461965579660646
XPNPEP1	-0.000414848584095066
SMC3	0.000611725522261821
SHOC2	-0.000233360985138281
TFAM	0.000787272281712273
CCDC6	0.00135876050188298
CUL2	0.000147957216709132
CCNY	-0.000267954020569244
UBE2S	0.000419790464396912
RPL28	-0.000322495965265813
ZMIZ1	-0.00129647920175497
DNAJC12	0.00101616314534589
PPIF	0.000341824593443929
PBLD	-0.00051148579949835
TSPAN14	-0.000961608434814974
LGI1	-0.00299269506063389
TBC1D12	-0.00140519796981928
KRT23	-0.00589515899661724
NUFIP2	0.000518922297046748
GIT1	0.00036848103545107
RPL19	-0.000278514914701186
FBXL20	-0.000126849938941846
RUNDC3A	0.000978836172658391
UBTF	0.000539284727494522
PSMD3	0.000254909631923228
CASC3	0.000441363152356937
RAPGEFL1	0.000788669180850577
RGS9	-0.000211851446281041
WNT3	-0.00310740008971322
RAD51C	0.000251590084332686
SEPT4	0.00160573537849182
MTMR4	0.000144090311048998
TRIM37	0.000949949607365974
DHX40	-4.26498766457051e-05
TUBD1	0.00047861318648158
KPNB1	0.000528938286347183
GOSR2	-0.000276390542582423
PNPO	0.000255542685239767
RPS6KB1	-3.98162587989553e-05
TRIM16L	3.98615143056165e-05
CDK5RAP3	-0.000442423196157958
CBX1	-3.49679344712158e-05
RECQL5	4.9996538702826e-05
PIGL	-0.000197880969115041
GALK1	-9.68023124399417e-05
INTS2	0.00064110915284992
CAMTA2	-0.00104092121058936
MED13	0.000125726751283481
HOXB6	-0.00410698455311652
ENO3	-0.00112045248748042
PFN1	7.17707974731227e-05
RNF167	0.000334538565458949
SLC25A11	2.43345261370147e-05
RASD1	-0.000872822217391811
RAI1	-0.00361510345206163
NUP88	0.000769982059566044
C1QBP	0.00116096613109578
BLMH	2.99757463710161e-05
CPD	-0.000534123399156465
GOSR1	-6.09278995871397e-06
CCDC47	0.00046442462975444
MED31	-0.000185933600650597
DRG2	0.000231463306256347
FTSJ3	0.000666470030405757
AKAP10	-3.55488239314826e-05
SMARCD2	0.000372993116691979
SYNGR2	2.49178385771014e-05
B9D1	-0.000372778783496612
UTP6	0.000621453626005388
DDX5	-0.000319284603306289
C17orf75	0.0003576904639225
CYTH1	-0.000618074586888718
PSMD11	0.000640112489974703
LGALS3BP	-8.98276857566657e-05
CCL2	-0.00410194127999686
PEX12	-0.000235254859404763
DHX58	0.00433734512502703
KAT2A	-1.3850889665826e-05
RAB5C	-0.00040745065494418
NAGLU	0.000204769996299916
HSD17B1	-0.000179536154197822
MLX	0.000112000588085829
CNTNAP1	-0.000600832962282103
EZH1	1.116195663743e-05
PPP1R9B	-0.00106680412552721
COL1A1	-0.00251835811835617
PTGES3L-AARSD1	-0.000229900231574641
MRPL27	0.000350456357521896
VAT1	-0.000305244577391045
LRRC59	-6.27547018460358e-05
RND2	0.0009093974292928
HDAC5	-0.000276443181515382
LUC7L3	-0.00037493007571425
MPP2	0.00108086344138954
SMURF2	-0.000200287081735947
DUSP3	-0.000883362393748
EFTUD2	0.000476227684431957
PRKAR1A	-0.000706032305372184
EFNB3	-0.00100389567070055
FAM20A	-0.000476883426301049
YWHAE	-0.000127939222130205
MMD	-0.0001666692522736
RANGRF	0.000206325012971251
DPH1	-0.000313394368865113
MAP2K6	0.000908111510806706
DHRS7B	-9.60531148157315e-05
WSB1	-0.00124725013868566
SLC9A3R1	-0.000884849125454208
NAT9	3.71069142779888e-05
TMEM104	0.00041667955091019
VTN	-0.0061618980050697
TNFAIP1	-0.00188681932414261
IFT20	-0.000719219387947336
TMEM97	0.000776644277114008
CDR2L	0.000356259882651349
PMP22	-0.00198607524355147
UNC119	-5.84761190497101e-05
ALDOC	0.00142350488473268
SUPT6H	2.08657874538755e-05
RAB34	0.000219191662875719
PHF12	0.000243764004816779
TMEM33	0.000655513981521335
SLAIN2	-0.000239536852912491
OCIAD1	0.000113476858213581
DCUN1D4	0.000198753127934014
USP46	0.00020236848735986
SULT1E1	-0.00312168936347042
CHIC2	-0.000518960991909688
NMU	0.00107574595213892
KIAA1211	-0.000487212636634794
LAMTOR3	-0.00038353569205486
NFKB1	-0.000556855632300182
MANBA	0.000112767172982811
UBE2D3	6.84690236226784e-05
MAPK10	-0.00185854547978295
ELF2	1.81035715654957e-05
NDUFC1	0.00015211688166433
TBC1D9	-0.00325188195607005
ZNF330	-6.07873419775743e-06
GAB1	-0.000345389045580784
KLHL2	0.000196188545155686
CPE	-0.00350096936688958
RPL34	-0.000411868708022947
WFS1	0.000236998463705198
GRPEL1	0.000713099934516577
GAR1	0.000493491460935846
FRG1	-0.000238989711025166
CLCN3	-0.000669630480878127
AADAT	-0.000920509937527753
GALNT7	0.00094440805858549
DHX15	0.000623364700119782
SOD3	0.000394341358066029
SEPSECS	-0.000137567844143878
CPZ	-0.00091907109367556
TRIM2	0.000674098414529289
FBXW7	-0.000194996515529921
NEIL3	0.000940104964053976
TBC1D19	-0.00126298077238188
NSD2	2.73201852875455e-05
SH3D19	0.000349503467764126
STIM2	1.26157083229402e-05
MFSD10	0.000258869736919226
GLRB	-0.0011651605355558
BST1	-0.000284155590614189
RAPGEF2	-0.000292625439797108
SNX25	-0.000242485515179482
UFSP2	0.000263140861391314
KLF3	-0.000838284474491039
KLHL5	-0.000864283512155993
FAM149A	0.000992662892991982
NCAPG	0.000717178304931312
UGDH	-0.000225203339272013
PPARGC1A	-0.000531533414392775
DDX25	0.00213684943480126
CRYAB	0.00025731992897463
HTATIP2	0.00132861347511757
CTSC	0.00168347421848878
CCDC34	0.000611750402248531
ZBTB16	-0.0046324766604176
ELP4	0.000340206063315464
ZPR1	0.000476738650234668
MTCH2	0.000635730258009107
FNBP4	-0.000335638294651676
SC5D	0.00086671702194361
B3GAT1	0.00114829408757779
HSPA8	0.00011961581459733
P2RX3	-0.000459351557312298
VWA5A	-0.000295397879239052
DNAJC4	-0.000783727580782759
SIAE	-0.000803861187146237
SNX15	-1.29533677958393e-05
DTX4	-0.000885626591350086
ATG2A	0.000396035861172198
EHD1	-0.000779881098665148
OSBP	4.42324273506873e-05
UNC93B1	0.000716720070188272
PUS3	0.000897040755423509
DCPS	0.000740607896583009
KMT5B	6.01913175046385e-05
FOXRED1	0.000497633758665771
PPP6R3	0.000423403876039744
NRXN2	0.00151780594434745
ST3GAL4	9.46285700787049e-05
CPT1A	-8.78389331845033e-05
CCND1	-0.000295962066314961
CCDC86	0.00124966267454265
PRPF19	0.000349482493474601
TMEM109	-0.00065553601349844
CCKBR	-0.00114700925376267
HPX	-0.00182686571130549
TRIM3	-0.000320399336913529
CHORDC1	0.000658867064705289
FOLR1	-0.00275718931830287
ANAPC15	0.000372360146718708
PANX1	0.000841773313642851
ARHGEF17	-0.00213846298393911
APOA4	-0.00623741789517908
APOC3	-0.00325141065885073
CEP164	-0.000487390909650417
RNF141	-1.64684517820555e-05
EIF4G2	-0.000624681174921217
GALNT18	-1.59405084598149e-05
BIRC2	-0.000635127470128014
UBE4A	0.000147446848121539
DDX6	0.000469202216673347
CBL	0.000951269994043925
NECTIN1	0.0018037629674234
HIPK3	-0.000711008039038716
FBXO3	0.000210610362541122
PDHX	0.000254118646826284
COMMD9	-1.96698373771912e-05
SLC15A3	0.00251226629313387
ACCS	-0.000115591427532515
MDK	-0.00158993269584694
AMBRA1	6.41854698163796e-05
MADD	0.000372186160287772
PTPMT1	9.40282085927003e-05
NAA40	-6.1686763912198e-05
CARS	0.000726139880271256
SLC22A18	-0.000927842252744809
CD81	-0.00066511201523056
SLC35F2	0.000634447199135058
SOX6	-0.00300729967331712
C11orf58	-8.1963296060769e-05
PITPNM1	-0.000545928654608348
RPS13	-0.00011610521012744
AIP	-0.00082797166271906
NUP98	0.00044737980184351
NDUFS8	1.31462454786796e-05
TCIRG1	-0.000817877528516479
CHKA	0.000640380210559494
HPS5	0.000429323283628027
GTF2H1	0.000151677573025928
POU2AF1	-0.000616633391334799
PTPN5	0.000406658498667653
VWF	-0.00206679552135919
PSMD9	-0.000606444317577029
PPFIBP1	-0.00118094732100979
PRPF40B	0.000330051048957846
PRDM4	-0.000329186469546525
COQ5	-0.000185167295090947
CORO1C	-0.000604240871526196
ASIC1	-0.00105857996810061
CAPRIN2	0.000831459042743978
TSPAN11	0.000537010219886606
KCTD10	-2.72087923582241e-05
SLC11A2	-8.61812714293414e-05
MLEC	0.000193741589018892
MVK	0.000278157673767075
CSRNP2	-0.000379236965525246
CAMKK2	-0.000349899869449477
IL23A	0.000389041775085046
ATP5F1B	0.000205689361737945
PTGES3	0.00059617306414948
SYT10	-0.000456430540018633
BCL7A	-0.000702098267526669
RSRC2	-7.44367400937296e-05
LIN7A	4.47302041351779e-05
KRT18	-0.00181822089096203
ACSS3	-8.51599396516007e-05
TNS2	-0.00102140213951721
GLI1	0.00310167359007098
PPM1H	0.00104721008247141
METAP2	0.000268455599033881
LTA4H	0.00070355282480755
ELK3	-0.0016432647864086
WNT5B	-0.00273516071754473
MAGOHB	0.000590496389541252
TRPV4	-0.000332097662157258
ITFG2	0.000201174393351532
FOXM1	0.000895108788533116
PRR4	-0.000524882478835411
PARP11	-0.000603048234970324
ARPC3	-0.000686955949914023
GPN3	0.000708141568091809
VPS29	-0.000166177123315572
RAD51AP1	0.000938170956507665
CUX2	0.000415194100911851
SH2B3	0.00131023444703838
MANSC1	0.000167953442577496
DUSP16	0.00127245851831816
CREBL2	7.64081813757905e-05
ACAD10	9.50008891725934e-05
ALDH2	-0.000775840823410458
CDKN1B	-0.000659389739806354
NAA25	0.0010576240518393
SCNN1A	0.00299408443810187
LTBR	0.00105338065417961
OGFOD2	-6.23592906457692e-05
CDK2AP1	0.000556127223596408
MGP	-0.00400651888293928
ARHGDIB	-0.00254117325305926
GTF2H3	-2.06978880445491e-05
EIF2B1	0.000240831838558755
DDX55	0.000611887005865126
SLC38A1	0.00123022155711757
C12orf49	-0.000437235522081489
FZD10	-0.00119910213089864
RFC5	0.000689221251046573
STX2	-2.75716257684245e-05
ADGRD1	-0.00228453490655881
COPZ1	-0.000656391533494074
CAND1	0.000184126885678704
RAB5B	-0.000851947092935493
MDM1	-0.000342572705763723
NUP107	0.000594634092700179
CNOT2	1.36004791168352e-05
TIMELESS	0.000861981490309433
CPSF6	0.00038549137013603
KRR1	0.000375593412166704
MRPL51	0.000296435936011251
GAPDH	0.000173913185934292
NOP2	0.000861443638141405
CHD4	-0.000293686252484833
UHRF1BP1L	0.000447941215619857
COPS7A	0.00013154260046806
ING4	-0.000737833649448493
GNB3	-0.000297608447351443
CDCA3	0.000506677753354657
CHPT1	0.000381890889484935
USP5	0.00020392946252392
TPI1	6.18441949593793e-05
GNPTAB	0.00126332773752328
SPSB2	0.00036559392389306
ENO2	0.000359588018215897
ATN1	-0.000639964917085942
C12orf57	-0.000104340432316485
PTPN6	0.000907213313212484
LPCAT3	0.000783392244130829
NT5DC3	0.000440230071518868
NANOG	0.00484306770658633
SUDS3	0.000570564655247823
GOLT1B	-0.000302300362890001
LDHB	0.000795675153956339
PRKAB1	1.93498476626013e-05
CMAS	0.000582524351420941
HCFC2	-0.00126612780299474
ST8SIA1	-0.00130903632205876
C2CD5	0.000483099733327805
RAB35	0.000184545076986482
PHC1	0.00263888619537197
COX6A1	0.000110659393750685
AL021546	0.00186895578919514
RFX4	-0.00271136166750711
RIC8B	0.000665312144092811
SRSF9	-0.000126115551771106
FGFR1OP2	-0.000216758504758305
COL12A1	-0.00158371237748696
TDP2	0.000630278676247178
DSE	0.000455068808429028
RWDD1	2.57398330645357e-05
TMEM14C	-0.000261955863413981
PAK1IP1	0.00155059779349695
GCNT2	0.00136562976744352
SMIM8	2.20030739984703e-05
NEDD9	-0.00212095207703033
CEP85L	0.000483592640332353
ASF1A	0.000305585841747891
MCM9	0.000780727237083206
FAM184A	-0.000729032899176654
RNGTT	0.000434652220341746
MAN1A1	-0.00321156659389969
SERINC1	-0.00141605670301263
HDDC2	0.000233973489532892
TPD52L1	-0.00171582311652932
HINT3	-0.000644510063630569
NCOA7	-0.000345918593780852
RIPOR2	0.00197864665818938
SASH1	0.000609148492629709
UST	0.00114959320880194
FBXO5	0.000601096076869911
MTRF1L	0.0003759927284479
PPARD	0.000227331376296458
FANCE	0.000655768805811037
TULP1	0.000784538112118357
MAPK14	-0.000145822720952808
KCTD20	-0.00054721275276614
STK38	-0.000666825209295486
SRSF3	0.000479652681181365
MRPL18	0.00058725640665552
MCM3	0.001408581229713
RNF8	0.000378528250616924
PHACTR1	0.000550142088922241
MDGA1	-0.00165649141290554
ICK	-0.000121702989853333
FBXO9	-0.000211613419256577
CD83	0.000785594784862805
MDN1	0.00124511165266117
SAYSD1	3.07636155762602e-05
BMP5	-0.00409111608407153
BACH2	-0.00141653260613294
RBM24	-0.00312921987228972
CAP2	-0.00160413114311514
ZNF451	0.000304175188880204
BAG2	0.00133747524281795
RAB23	-6.77755283577639e-05
GPR63	0.00150594082958885
KHDRBS2	0.000482247036900134
FBXL4	-0.00030533536613868
CCNC	0.000511726982956608
E2F3	0.000603931288973496
PTP4A1	-0.000451472374973628
ASCC3	0.00070246652206385
BVES	-0.000625323811939356
COL9A1	0.000462436592341841
MED23	-0.000574329787778986
WASF1	-0.000522947335689675
ALDH5A1	-0.000394940079002931
CRYBG1	0.00337001531842632
ACOT13	0.000635390016292935
SMAP1	-2.4421442867441e-05
RPS12	-3.41665453762587e-05
C6orf62	-1.77235317271081e-05
GMNN	0.00109366113264641
EYA4	-0.00321370763892635
SOBP	0.00034803389864387
SNX3	-0.000411708558330653
HBS1L	0.000397031240124008
TRIM38	-0.000584777828587154
PEX7	0.000525372178802316
ZBTB24	0.00140905764192641
FIG4	0.000651031200129807
PERP	-0.00116146180723156
ARFGEF3	0.00231546577218944
SLC16A10	0.00134245507902331
HECA	-0.000376863374261715
ADGRG6	-0.00144157233982644
PHACTR2	-1.6598561065594e-05
EPM2A	0.000841844167092705
SLC39A7	-0.000472777800408197
PHF1	-0.000437167044951275
CUTA	0.000310680069479229
QKI	0.000115683441964985
C6orf118	-0.000504102045722075
PDE10A	-0.00251176593497333
MDFI	-0.00130972871536546
TFEB	0.00138636106349291
SMOC2	0.000316028037301803
CCND3	-1.09159127908026e-05
BYSL	0.000662862997970758
FAM120B	-0.000606983018678121
TBP	0.000312492635378014
BICRAL	0.000925927943214317
PPP2R5D	0.000173548688557081
MRPL2	0.000397761818555275
PTK7	-0.000573574105318747
SRF	0.000274730525126749
CUL9	-0.000892038234089659
DNPH1	-7.49899371443627e-05
DUSP22	-0.00018945295019348
EXOC2	0.00104902050166159
COX7A2	-0.000161571860878617
TMEM30A	-0.00041401268794105
GMDS	0.00110604255595672
SENP6	0.000135618258825326
VEGFA	-0.00143842628858388
PRPF4B	0.000355141002295421
TTK	0.00125421925870028
SLC29A1	0.00204192378004833
BTN2A1	-0.000664856133112956
LAMA4	-0.00150613636414635
TENT5A	-0.00127065531976397
FBRSL1	7.47833428548319e-05
ENPP5	0.0018790663563013
PRSS16	0.0012718653974363
MEP1A	-0.00195333976535008
ERBIN	-0.000443370396397151
PCDHB2	-0.00016255257704319
HARS2	-0.000237204492430366
NUDT12	0.000258172164321686
CEP72	0.000846374672040519
MAN2A1	0.000507998241703122
SEMA5A	-0.00230586459089974
C7	-0.000740355946003631
TENT4A	-8.32277857240771e-05
GHR	-0.00273944592539788
HMGCS1	0.000772538417489683
DAP	-0.00113917349490971
NME5	-0.00138765024047632
BRD8	-7.41326831909515e-06
KIF20A	0.000269133208436978
NNT	-0.000629933665058473
MRPS30	0.000944256131070011
HSPA9	0.00079006266140432
MRPS27	0.000853738407230992
PFDN1	-0.000466695850100114
HBEGF	-0.00153126929860238
LOX	-0.00340321161791686
APBB3	-0.00117729764138659
TMCO6	0.00048609778404166
SPARC	-0.00288708395171685
IK	-0.000240341404170962
HMGCR	0.000669789802020431
COL4A3BP	0.000168328620255838
FAF2	-6.54440070758148e-05
HAND1	-0.00541274414831376
PCDHB5	0.000120197865430041
CLK4	-0.000127015101884222
PCDHB15	0.00103337048515981
HAVCR1	-0.00231393421599704
RNF130	-0.000174621496484224
THG1L	0.0002068503875493
ARSB	-0.00049724910916283
CLINT1	-0.000126782761607845
THBS4	0.00105984648543448
CNOT6	0.000396517102684947
TTC1	0.000659317048884279
MSH3	0.00056626248168636
RASGRF2	0.000946019821957047
CCNG1	0.000227616274344671
POLR3G	0.00466899565680361
DROSHA	0.000113004091215606
CDH6	-0.00239299515359115
LMNB1	0.000353890446417922
ARRDC3	-0.00156069807394606
GOLPH3	7.42658400114478e-06
SUB1	3.99684166202962e-05
NPR3	-0.00608361899270395
FAM172A	-0.000518291800710424
SLC27A6	0.000662297930763292
TARS	0.00137033597099982
LNPEP	-0.00140900341074832
PDE4D	-0.00217589174013309
RAD1	0.000646845164081702
BRIX1	0.000934198149496083
SLC12A7	-3.56305393491785e-05
RAD50	0.000444876128629946
ST8SIA4	-0.00330290153827025
GNPDA1	0.000352237905075932
SKP1	-0.000347531104582369
NUP155	0.00109667670665418
PPP2CA	0.000233681622432022
FGF1	-0.000867103391035987
NR3C1	-0.000367872583206275
C5orf15	-0.000559915738949008
PPWD1	0.000339917312946635
LIFR	-0.0017277205934382
TRIM23	9.4110005706737e-06
TRAPPC13	0.000174309447648845
SEC24A	-1.93208809121928e-05
TXNDC15	-0.00072746793713962
TTC33	-0.000552616384735109
RARS	0.000193922167461162
WWC1	0.000886474291324713
H2AFY	-0.00108312066894304
TCERG1	0.000271028838432564
DPYSL3	0.0011470786012266
SMAD5	-0.000933712546806406
CSNK1A1	0.000100477291026182
HMGXB3	-0.0003466292004806
ERGIC1	-0.000116829314564569
PDGFRB	-0.00171672165654716
ATP6V0E1	-0.000330537026036049
BNIP1	0.000328815204654571
STC2	0.000326030902209465
CPEB4	-0.000115660472327466
DBN1	-0.000132948671174559
ZNF346	0.000221464440305351
UNC5A	0.00250897571200638
EHHADH	-0.000871013218244214
SMC4	0.000178668506259228
SELENOK	-0.00103111916283532
ACTR8	2.99438846992071e-05
TBCCD1	0.00035169824038122
TIMMDC1	0.000255712926555899
CRBN	-7.58089145627148e-05
BCL6	-0.00076470383288835
HGD	-0.000203337944183097
ARL6	0.000421911703779582
NPHP3	-0.000671048001248346
AMOTL2	-0.00192078723298362
NIT2	-0.000452793517007059
FAM162A	0.00051467036539544
OGG1	0.000485735793842324
KPNA1	-0.000482741090311545
PCCB	0.000622804787578129
UBE3A	0.000189594739285379
ARMC8	0.000406221359426609
CEP70	-0.000171725000255874
RBP2	-0.000966449925296968
RBP1	-0.00147130452898274
SLC25A36	-0.000214130963172852
RNF7	-3.66313522220946e-05
TFDP2	0.000742525858366792
XRN1	-0.000692985264620744
KAT2B	-0.00202683934470394
BCHE	-0.000907935458229667
PDCD10	0.000497769926929169
WNT5A	-0.000958388573036603
PFKFB4	0.000159956867210266
COL7A1	-0.000869274546018651
FGF12	0.000864869469582651
PRKAR2A	-0.000239589018379871
HES1	-0.00107565765368633
USP4	-0.000235184577231697
ACAP2	2.1107636429668e-05
ECT2	0.0008120602891616
GNAI2	-0.000426866103058151
TFG	-0.000599657432778631
USP9Y	0.00070260544413308
TUSC2	0.000318737873212862
NPRL2	9.34891427500041e-05
RPL24	-0.000252361338873889
C3orf14	0.000760339535640084
FXR1	8.14577939461025e-05
CBLB	-0.000214780418261935
BBX	-0.000645945396300548
IFT57	-0.000460297433367465
GNB4	-0.00051077965323153
HHLA2	0.00188676799078354
IQCG	0.000113680161566926
GBE1	-0.000618940438336792
UMPS	0.000738231880442432
NCBP2	0.000182925330392609
SNX4	-0.000370043385923267
C3orf52	0.000440032063281138
FRMD4B	-0.000760304697533414
SLC41A3	-0.000334275917210556
PLXNA1	-0.000534713142448148
ATP6V1A	0.000284096803211188
ABTB1	-0.000587413359956516
PODXL2	0.000905580433776385
UPK1B	-0.00214987736136442
CSPG5	0.00142859789750595
KLHL18	0.000820443187849036
SCAP	0.000331448591189441
EFCC1	-0.00172268941227209
NEK11	-0.000624322076668431
MRPL3	0.000723315191460706
PLSCR4	-0.00135044101047864
HEMK1	-0.000774365291231644
CISH	-0.000331055897451868
MAPKAPK3	0.000659787412680684
ACVR2B	0.000755608025940915
WDR48	0.000158865483797425
COMMD2	-3.90926404086707e-06
GORASP1	-0.000474197285725624
RRP9	0.000769425595271989
ABCC5	0.000255824596388709
ABHD14B	-0.000133983593175931
EIF1B	0.00025153913097851
ARHGEF26	0.000717268345474452
KLHL24	-0.000481098882398146
PLCH1	0.000980882436848185
VIPR1	0.0017157675153623
DNAH1	-0.00118179861813974
SSR3	-0.000282903658071195
ZBTB47	-0.000853478648465422
TNNC1	-0.00209318424255427
NKTR	-0.000186878312793764
CLCN2	-6.48578100789606e-05
FOXP1	-9.45997494332063e-05
EIF4G1	0.000164945888569079
SPCS1	-6.07379527315911e-05
NEK4	0.000363821217201827
SLC4A3	-0.000329565431521535
INO80D	0.00103595425226335
EEF1B2	-0.00134760665088136
ADAM23	0.00100420962256165
DGUOK	0.000274481356780506
MOB1A	-8.78358878626342e-05
KANSL3	-0.000235293555066419
LMAN2L	-0.000404764461382121
RTKN	-0.000391685084418953
TTL	-0.000103960816374381
PIKFYVE	0.000172552693339154
FAHD2A	0.000232945713605789
NCL	0.000667435672443303
ACTR1B	-0.000673328510371391
SLC35F5	-0.000876741284486235
ZAP70	-0.00492266580821925
ACTR3	-0.000332706994674869
STEAP3	0.00249380438005317
EPB41L5	-2.01830534919231e-05
SF3B6	-1.6195620456142e-05
TP53I3	0.000461453235100204
DNAJC27	7.16877007229165e-05
POMC	0.000313268588976833
STAM2	-0.000528449154543554
GPD2	0.000432790140309492
CENPA	-0.000169392450688652
ACVR1	-0.000336494338231919
TANC1	-0.00135459985479999
SLC30A3	0.00487634058756905
MPV17	0.000131155636881384
GTF3C2	0.000553553267004625
EIF2B4	0.000198890579455014
NRBP1	-0.000169060108487063
ITGB6	-0.00427442508666219
FNDC4	-0.000263986038417038
ITGA4	-0.000920612841714335
PSMD14	0.000624482348284169
SNX17	-0.000315540021217636
ASB3	0.000140422322228708
PPM1G	0.000773727889216214
REEP6	-0.000154107616248617
PCSK4	-0.000235110664275603
APC2	-0.000290458725305057
RPS15	-0.000259295359838718
GCA	0.000533582171157244
INO80B	-0.000476488255883802
MOGS	-0.000489910615772734
TTC31	0.00024816800362945
NDUFS7	0.000112686769400061
PCGF1	-0.000229565431499376
GRB14	0.00142226093214058
CLIP4	-0.00451943915326071
SPTBN1	-3.47709284458315e-05
AUP1	7.51978206891715e-05
RTN4	-0.000180395332817791
HTRA2	-6.50663371769379e-05
LOXL3	0.000313432726815082
DOK1	0.000327155352052382
GALNT3	0.00175193927564879
POLE4	-1.12523189167338e-05
CCDC88A	0.000810762689604469
EVA1A	-0.000198414927826025
MRPL19	0.000566097925612999
LANCL1	-0.000164006702166877
WDR75	0.000843865777764493
EFEMP1	-0.000137778971812319
FANCL	5.11772271772662e-05
FN1	-0.00415365111926808
STAT1	0.000266553803425997
GLS	-0.000990004399289759
PAPOLG	0.000430396777867861
PECR	0.000510287971044459
UNC50	-0.000809122095455389
IGFBP2	-0.000325238167762046
ELMOD3	-0.000572823169617632
IGFBP5	-0.00409304351391767
USP34	-0.000213360915739098
EFHD1	-0.00231586176579799
KCNJ13	-0.0073134829918224
CCT4	0.000372213713660606
GGCX	-0.000707442953392521
EHBP1	0.000551821164059651
OTX1	-0.00194893813921892
TXNDC9	0.000374150596481001
COQ10B	0.000160705807315593
SF3B1	-0.000190084449442813
ST3GAL5	-0.00233583432631659
CHST10	0.000895829664197239
PDCL3	0.000519801647687621
MOB4	0.00062153091245063
HSPE1	0.00111288743209437
KDM3A	-0.000468042621848602
PLCD4	0.000907259813401185
CHMP3	-0.000410298811460883
ZNF142	0.000458736248149523
IL1R1	-0.00292338960574416
WNT6	-0.00558812048650313
IL18R1	-0.00351097811367098
FHL2	0.000951397767465762
MLPH	0.00119591876342607
CNPPD1	0.000300970981683946
UXS1	0.000315934937597
ABCB6	0.000736925468816469
STK16	-0.000449133528951875
HDLBP	-0.00327789102926753
PPP1R7	-9.45340243518491e-06
PASK	0.00105874390994234
STK25	-0.000349054235956336
ID2	-0.00136833061968716
TAF1B	0.000373103138720385
HPCAL1	-0.000525368655344043
ODC1	-0.00171139798632337
BIRC6	6.30093078139608e-05
NOL10	0.000935127376507754
PLEKHB2	2.68597844660711e-05
GORASP2	-0.000133915126035206
STRN	0.000504025491769303
CEBPZ	0.00175990229389239
PRKD3	0.000172801780492158
DCAF17	0.000867889221299676
QPCT	-0.00142234507910414
RAB3GAP1	-5.77246744198883e-05
SLC25A12	0.000927202627908765
RMDN2	4.88391423985794e-05
DLX2	-0.00305332364824128
DARS	0.000394833120646112
SRSF7	0.000812742025891039
SDC1	0.000475805634588333
SLC1A4	-0.00138173890468305
SOS1	-0.000238277027077878
WIPF1	-0.0021133634043106
ORC2	0.000895436385480457
COX7A2L	-0.00040079955294328
PNO1	0.00110530140958915
ORC4	0.000416489690344627
RND3	7.53725990358978e-05
ATF2	-7.7857087131043e-05
THADA	0.000520267707303146
AAK1	0.000283825501982119
TRAK2	2.60080102363759e-05
C2orf42	0.000255489207172184
TIA1	-0.000410960117418902
PCYOX1	-0.000576739953181727
EPAS1	-0.00241050421065684
ARID3A	-0.000790401829451066
SUMO1	0.000444581741573088
NFE2L2	-0.000663144697161027
MSH6	0.000682927278566346
PLEKHA3	-6.44505041947975e-05
SPR	-1.3800964572251e-05
EPHA4	-0.00153659192903002
PARD3B	0.0002842738437334
FARSB	0.000927272610397016
ALMS1	0.000798672747910081
BCL9	0.000504959229025165
PRRX1	-0.00208351414367235
DHCR24	0.00119357940026407
DNAJC16	0.000155562078867872
MARK1	0.000696466606426315
MORN1	-0.000558913676500256
GPX7	-0.000710636407081339
CACYBP	0.00061345654044854
SCP2	-0.000394623985395514
RALGPS2	-0.000337896849658457
CEP104	-1.12638293793941e-05
FAM20B	-7.40637514648623e-05
TCEANC2	0.000562189461108069
TMEM59	-0.000561737070062433
LRRC42	-5.14548493920571e-05
WRAP73	0.000313448892523212
MRPL37	0.000662622660823585
ICMT	0.000871981642640584
RPL22	-0.000153346409524195
QSOX1	0.000172828632650801
STXBP3	0.000176565494402221
PHF13	0.000252036049164491
ERRFI1	-0.00099962841144467
PARK7	7.4124407354401e-05
AMPD2	-0.000519846561926274
SRSF4	-0.000212526191353839
MECR	0.00013896258658007
KCNC4	0.000499172109663935
EDEM3	-0.000772297325712596
WDR77	0.000871267551742061
ATP5PB	0.000170711058692655
RAP1A	-0.000305325810468078
HDAC1	7.13055154873304e-05
CAPZA1	-0.000258101284843568
S100PBP	0.000261743806756173
RNF19B	-4.55647193217227e-05
SCAMP3	-0.000178514310585354
TRIM62	0.000845108728289809
ASH1L	-0.000117579426740333
DLGAP3	0.00192113553607171
SFPQ	-2.00840466544706e-05
RHOU	-0.00211016231988015
GON4L	0.00036282658271582
ARHGEF2	-0.000590813847261734
LAMTOR2	-0.000109105017737864
MEF2D	5.33299908232579e-06
DOCK7	-0.000512654087782821
SRM	0.00071699111743736
FBXO2	0.000504920836807799
FBXO6	-0.00114380157125337
C1orf21	0.00090312287446436
SWT1	0.000113349431195018
MAD2L2	0.00137598090742683
DNAJC6	-0.00139077661759475
LEPR	-0.000592865532905829
IVNS1ABP	-0.000267871639991127
KIAA2013	-0.000186098791710842
MFN2	0.000115492765271457
MIIP	0.000326936143741955
SMG7	0.00019692407472179
SLC35D1	-0.000979152421045184
GADD45A	-0.0017244675441414
WLS	-0.00498693805246425
PRDM2	-0.000520036263841645
RGS2	-0.000306979358420266
TROVE2	2.71625157820123e-05
UCHL5	0.000656428280447783
BCAS2	0.000530209681287566
SRSF11	-0.000144812836374258
CTH	0.00127658079640743
AGMAT	0.00172840934403294
OLFML3	0.000878353115490731
PLEKHM2	-0.000230639284525169
CRYZ	-0.00055471019429205
PHTF1	7.67268334718503e-05
ZBTB17	-0.000563394760950204
CD58	0.000137061345147287
TTF2	0.00147471941164116
NR5A2	0.00186782387007461
KIF21B	0.00120430273307407
TMEM9	-0.000367610270561187
ADPRHL2	-2.85691507420713e-05
MAP7D1	-0.00110381349106582
WARS2	0.000101644127634281
AL591845	0.000368331581854883
OSCP1	-0.00110256419794202
MRPS15	0.000763729610989142
EXOC8	0.000102726039327914
GNPAT	0.000121311566393217
TSNAX	6.62278323058114e-05
C1orf109	0.000543644170580897
RRAGC	-5.79640426260621e-05
NID1	-0.000829652965201908
LGALS8	-0.000188161923730881
MTR	-0.000243100865090296
MYCL	0.000431902307483681
SIPA1L2	-0.00241555536471824
RLF	0.000284051724334637
ZNF684	0.000949391253534553
RIMS3	0.00073992617855275
AKT3	-0.000998762301840336
ETV3	-0.000228131943802573
ACADM	9.46537653207478e-05
ST6GALNAC5	-0.000310432050705903
CD48	-0.000528407883322492
ADGRL2	0.000342959517222014
PADI2	0.000985907999411821
SDHB	0.000173754924974993
MFAP2	-0.000346740175607931
RPF1	0.000382097668477848
KDM5B	8.55566070488583e-05
UAP1	-0.000373546013579452
CTBS	-0.00173520003953673
RGS4	-0.00341773440834683
KLHL12	0.000375390806762693
IGSF21	0.00311238490144824
SSX2IP	0.000326821009076864
ZNHIT6	0.000195504820829312
RBBP5	0.000597144053072791
GBP3	-0.00344791398724251
GBP1	-0.00289798484332183
KIF17	0.00119655998882868
GPR89A	0.00040115355119951
CDK18	0.00108014311893841
RAB29	0.000889515526401342
ECE1	-0.000523562957228891
HMGCL	-0.000694849646907557
GALE	-0.000668954877723504
ID3	-0.000595422617637869
CD46	-0.00020908524299678
PRPF3	0.000357084238588672
APH1A	-0.000218699321265167
P3H1	-0.000798231403106763
SLC2A1	-5.84691280935796e-05
EBNA1BP2	0.000521262329964358
CDC20	0.000865623372108197
ARTN	0.00303884297938016
IPO13	0.000186488228948331
ATP6V0B	-0.000147590352749765
B4GALT2	-0.000221832857722725
ERI3	0.000284777489672011
AKR1A1	0.000560530705486711
PRDX1	0.000591502347688085
PIK3R3	4.84632772292425e-05
BLZF1	-0.000435530969230424
CCDC181	0.000583161143690825
SLC19A2	0.000867443576942497
FAAH	0.00127448803472066
NSUN4	0.000284627042281723
TMED5	-0.000144604177725957
DR1	0.000255264824914221
CNN3	-0.000754706139000302
PRRC2C	0.000132542363371084
F3	-0.00215306769498611
ABCD3	1.95051164968739e-05
VAMP4	-1.34530039540694e-05
DPH5	0.000459148276790938
PTBP2	0.000948721773561967
PRDX6	-0.000101204497222827
DARS2	0.000818960500889005
IRF6	0.000274478875582211
UTP25	0.000819687287211169
RCAN3	-0.000134037624992396
SYF2	-8.503499779709e-05
RSRP1	-0.00106914322097762
SLC35A3	-0.000783905594499995
RCOR3	-0.000603205726225453
STMN1	-0.00025120334446734
MTFR1L	-0.000618648205316023
MAN1C1	0.00061235781173384
NEK2	2.91637538188868e-05
RPS6KA1	0.000947397158347441
DHDDS	0.000134960697815649
NENF	-4.05924789865739e-05
NSL1	0.000562897220349087
ARID1A	0.000120001766197241
CENPF	0.000756051108615255
RPA2	0.000564030882898214
PPP1R8	0.000123945495293848
STX12	-0.00135581070030372
MARC2	0.00160050350777188
SLC5A9	-0.00227043951806825
OSBPL9	-0.000378033357235831
TXNDC12	0.000129009810576531
ESYT2	0.000152523629317448
CD3EAP	0.00183531525227856
MESD	2.86267478508722e-05
RCN2	-0.000106110458226643
CTSD	-5.46385281518746e-05
STAG1	0.000122473700094545
STK11	0.000130167625898545
KMT2A	0.000212467388380984
IFT46	-0.000491099135595957
APOA1	-0.00381891753292974
SLC8A2	0.0011017137252698
KPTN	0.000607660106363417
RPS25	-0.000224080258158406
KIF14	0.00109599952383217
TNNT2	-0.000268560159346863
DDX59	3.71320281777738e-05
CAMSAP2	-3.79633140782295e-05
ATF6	-0.000618439428905357
CRYGD	0.00443746355859275
MREG	0.00122204847531226
FASTKD2	0.00098630169489079
NRP2	-0.000502137829280049
CREB1	0.000420165993414672
KLF7	-0.000163360422843807
TTR	-0.0061891411279548
B4GALT6	0.000328015857324224
C1orf54	0.000128551370941645
CA14	0.000667180678407276
SPCS2	-6.49607925606376e-06
USP35	-0.000185853690146111
ELOVL4	0.000589827555618518
FILIP1	0.000816033698645671
HMGN3	0.00033493376910753
UBE3D	0.000396746197838906
CNR1	-0.0020057598383554
ANKRD13C	-5.53921760038589e-05
SGIP1	-0.000397908418848488
PHF3	0.000645306256528754
PLAGL1	-0.00350633382104564
FBXO30	0.000763603269397742
TNFAIP3	-0.00136443696887105
AKAP7	0.000522763860329201
RAB32	-0.00208948287025164
MYB	0.00199492947680573
SGK1	0.000542553250091291
RNF146	-0.000651730627172102
CTGF	-0.00212316320531694
FBXL5	0.000392911256235706
MED28	0.000106455248480171
RXYLT1	-0.000207737089779061
ZNF430	0.000165780342278229
VAMP8	-0.000975331710272221
DCLRE1B	0.000283999755452466
MYL12B	-0.000777427106583759
FOXO3	-0.000246997548042932
ARMC2	-0.00010554134706244
RPN2	-0.000221524075420804
TGIF2	0.000354635913394206
OLFM3	0.000884252149136294
PKD2	0.000466594995454269
ABCG2	0.000435411431379398
SPP1	-0.000213932722958914
CCNI	-0.000792689489926693
RARRES1	-0.000431880446209488
MFSD1	-0.00075975078614788
RAB3GAP2	0.000438997593465217
EEF2KMT	0.00130396440759822
PPL	0.000310562146868486
UBN1	0.000146600535594297
KLF12	6.06508495016633e-05
UCHL3	0.000884967540193884
PCDH17	-0.00244338319577328
HS1BP3	-0.000501591742629775
LDAH	-0.000129209185612445
WDR35	0.00127892231691471
CCND2	-0.000925772446625615
ELL2	-0.000346333896208849
CYP20A1	0.000327542737291158
NDUFB3	-0.000410780154532745
GTF3C3	4.59027850993984e-05
UBE2B	-0.000689155140434713
TJP2	0.00150383373232796
C2orf40	0.00274076672733545
ITGB1BP1	-0.00069406137222488
CPSF3	0.000800672030983535
SENP5	-0.000372446380135747
CCDC92	-0.00445461485950982
C1orf198	-0.000654274647119334
HEATR1	0.00132281566471472
PTBP3	0.000623714944404598
RAD23B	-0.000102793855866258
FKBP15	3.17285783339541e-06
CTNNAL1	0.000280948704453948
FAM206A	-0.000221668078568478
WDR34	-0.000199308844577668
SET	0.000956900314509102
PTPA	0.000307339560827922
GLE1	0.00017872964233121
RAB14	-0.000344900934895072
CNTRL	-1.86408863766927e-05
TRIM32	-0.000255873068534581
FBXW2	0.000236555411055085
PHF19	9.02401966086362e-06
NEK6	-0.000932862737621603
BSPRY	0.00144349573784182
PPP6C	0.00028236778899903
NDUFA8	9.86686608766942e-05
HDHD3	-0.000598174054109855
RBM18	8.89451405067711e-05
HSDL2	-0.000620483064740177
MAPKAP1	0.000494583312166201
INVS	-0.000378702672908264
GALNT12	0.00025120220337181
DENND1A	0.000365856188252374
ALG2	-7.05108361907401e-07
CSF3R	-0.00924276274303502
KDSR	2.49810163353613e-05
VPS4B	9.68956625320388e-05
C19orf25	0.000385918863608795
ZBTB45	-1.79097715199289e-05
YLPM1	0.000293400501587805
DCAF4	0.000662257296134983
FCF1	0.000690208444871192
PGF	-0.000957337082801399
IFI27L2	-0.00099084409197664
BBOF1	-0.00139647075223172
NEK9	-0.000377016165460307
ACYP1	-2.74733132876287e-05
IFT43	-0.000738924428725346
NPC2	-0.000715309112804015
DNAL1	-0.000127857835322654
IRF2BPL	0.000631258328049427
ACOT2	0.000125710792594779
LTBP2	-0.00278911555816109
AREL1	0.000122255604895479
MLH3	0.000257768507847322
TTLL5	0.000468019704651803
FLVCR2	0.000512743720775
ABCD4	-0.000433887921303768
DLST	0.000311854497381174
PPP4R4	0.0019527399416607
TGFB3	-0.00245356868232171
SLIRP	0.00102628029414469
RBM25	0.000391234498228091
ALDH6A1	0.000298984677333631
EIF2B2	0.000160023843279642
NRDE2	0.000152971090047348
COQ6	-0.000669401937733457
ZNF410	-0.000700516616506329
RHOQ	0.00025398960892588
SUPT7L	-0.000527017618034714
KLHL29	-0.000304442773232088
DNMT3A	0.000508389482096511
TMEM214	-0.000272191521757466
ATAD2B	0.00012255049591705
FKBP1B	0.00124719295980314
ATL2	8.70176526826423e-05
YPEL5	-0.00144663837153809
FAM98A	0.000860956938817862
YIPF4	-0.000717671055837039
AFTPH	0.000233362220775015
LGALSL	0.000225884241354193
CNRIP1	0.000455809088735683
BCL11A	0.00212914340007626
CRIPT	5.23401129592344e-05
EPCAM	0.000541850728195962
SLC17A5	0.000271144894265519
OGFRL1	-0.00157755042517838
SLF2	8.82564165864546e-06
IDE	0.000559578761913999
GPAM	0.000231108317819822
CUTC	0.000765043121454372
PPP1R3C	0.000346597531346987
PYROXD2	-0.000665737359119684
MXI1	-0.0014688343502876
SMNDC1	0.000218150528180282
C10orf88	0.000105338980787788
HELLS	0.00153849073330489
TCTN3	-0.000313532353026319
FAM45A	0.000217950204169677
AVPI1	0.000808571253003935
WDR11	-0.000310653776327629
ARMH3	0.000289140841805828
KCNIP2	0.000623030363376551
GOT1	0.000400319136700262
SFRP5	0.00144691375704262
GNA13	0.000377848927611223
HOXB8	-0.00164664478107824
KANSL1	0.000132913592640261
HOXB5	-0.00504091509123166
HOXB3	-0.00405010754062041
HOXB1	-0.00213326720189725
DUSP1	-0.00157300218786365
PANK3	0.000212427798293942
MSX2	-0.00480015826472191
TEK	0.000420411102684409
RCL1	0.00115805942358855
CAAP1	0.000714280977087849
MOB3B	0.00156961510687203
GRIA2	-0.00664855021027877
NUP43	0.000599459527682205
MTHFD1L	0.000729774065980463
LRP11	0.000618488527311076
PCMT1	-0.000199404809967488
PLEKHG1	-0.00132290589259381
MYCT1	-0.00277859453199775
CYSTM1	-0.000410249963233323
WDR55	5.46136496243534e-05
ARAP3	0.00118129917523665
PCDHB10	-0.000120980247716102
MRPS14	0.000200727699746581
CENPL	0.000424869877730887
GORAB	0.000196321382220136
ACAT2	0.00125017653057284
TCP1	0.000362677749805556
SNX19	-0.000408915988149721
MSANTD2	0.000424622022361513
PDZD11	5.01550286924789e-05
SLC10A7	-0.000762370079960545
NUDCD1	0.000914380994683719
ENY2	0.000183623514650967
MASTL	0.000935914858764615
KIAA1217	-0.000381798189715363
PLXDC2	0.000871984147179499
EPC1	1.14706270734417e-05
CCDC77	0.000686832563447343
TAF12	0.000155605426541214
ENOX1	-0.000414666295864194
TNFSF11	0.00791599835132905
MTRF1	0.000615601123991641
SOHLH2	0.00122633647762475
DNAJC15	-0.00060210014439199
PROSER1	0.001063568104511
UFM1	-0.000436534849498596
WBP4	4.71001315318078e-05
ELF1	-0.00122672964260505
SMAD9	-0.00225184825306018
HSPH1	0.000391306039445868
KBTBD7	0.000789027171959231
ALG5	-2.7226618617236e-05
EXOSC8	0.000486821044289619
ETF1	0.000776924598910923
TGFBI	-0.0019846331118233
FAM53C	0.000467911480397142
SIL1	-0.00136489051662801
PAIP2	0.000178584084392054
KDM3B	-1.6530285960402e-05
EGR1	-0.000505343760274771
SERP1	-5.90585872501345e-05
PLS1	0.00211868862871737
ZFP30	-0.000928306654859247
NR2C1	-0.000418306982259521
UTP20	0.0016729741855637
TMPO	0.000266414205169893
ARL1	-0.000410996467349999
GLT8D2	0.000131428159079572
MTERF2	-0.000501623533064017
SOCS2	0.000357561009550266
NFYB	0.000577897821776245
WASHC3	-0.00111429333235633
APAF1	-0.000794782022124222
DUSP4	-0.00207633918122963
CLU	0.000531982357954506
TNFRSF10B	-7.40017311446897e-05
SORBS3	-0.00127776419425176
PTK2B	-0.000992805599160142
PPP3CC	-0.00160830820254163
PDLIM2	-0.000652799434069281
EPHX2	-0.000218026681445262
RNF170	-0.00101438054616686
NPPB	-0.00787282345186779
UBIAD1	0.000979665829667849
TARDBP	0.000277365023601346
TNFRSF8	0.0056030089651962
ZNF706	-0.000313091865698966
LYPLA1	0.000587186673800032
CRISPLD1	-0.000497278088123726
COPS5	0.000275093676708065
RDH10	-0.00105534718543262
AKAP1	0.00209887714828802
COIL	0.000375608239067109
TRIM25	0.00131530847338555
SCPEP1	0.000723596289029561
SPOP	-0.000388921272275365
TBX2	-0.00509044578159929
SLC35B1	-0.000257447662803362
TBX4	-0.00521486833025865
TEX14	0.00412201932283771
FAM117A	0.00112826691576426
NCAPH	0.000994515166374526
LRAT	0.00283499826401545
TMEM131L	0.00147802998215202
MND1	0.00111912978427531
TRIM6	0.000858632757191463
TENT4B	0.000489144258842151
ADCY7	-0.00106031059790686
CEP89	-0.000141509393765744
TSHZ3	0.000658965997022972
ECHDC2	-6.73877325212622e-05
PLBD1	0.000435083610746839
PYROXD1	0.000194530963960651
KCNJ8	-0.000453538223404766
PSPC1	0.000751994648896608
ZNF549	0.000439835125106317
A1BG	-0.000362715812548652
ZSCAN18	-0.000658655725298762
ZNF211	-0.00010073013526726
PDZRN3	-2.12925442339408e-05
LHX4	0.00302634430485883
RNF2	0.000320369078834368
TRMT1L	0.000542855849349146
SEC22A	-0.000611857503340616
DPPA4	0.00324921707735955
POPDC2	-0.0016981052256815
B4GALT4	-0.000584606078671166
NAA50	0.000856807658811602
KIF18A	0.000882424144031515
DESI2	0.0011530980822201
MAPK8IP1	0.0014791233976449
CRY2	-0.00039173883379534
PEX16	0.00029669674882349
DEPDC7	0.000800378560713762
CAT	-0.00050382084400985
PILRB	-0.000283768443495105
ZMYM2	0.000223656429515271
TBC1D15	0.000512260454847104
ADGRB2	4.72108529405439e-05
ZCCHC17	0.000367265562556672
FABP3	0.00186515706029951
KHDRBS1	9.32517569170139e-05
TMEM39B	0.000403247209716612
POLR3GL	-0.00123038131431954
ZNF639	0.000291675250821857
PIK3CA	-0.000330927660317022
PDS5A	0.000351488712321553
LIAS	0.00083555122690453
CPXM2	0.00084096724726818
TMEM54	-0.000524441139252397
CSMD2	0.00215031430622088
LRIF1	0.000304168921192204
CLCC1	-0.000747659042240018
GPSM2	-0.0010161967676613
GTDC1	0.000221656975030227
CXCR4	-0.0046943754339173
ZRANB3	0.000956905663445677
ACVR2A	-2.28049437069488e-05
POLK	-0.000602352182883359
RPL21	-0.000339377257222703
MTIF3	0.000158806485040346
GTF3A	0.000349361804161626
RASL11A	0.00112143431152678
UBL3	-0.00071578173649134
FYTTD1	-0.00155390852808398
MTERF4	6.4753185515498e-05
OCRL	1.5256205787953e-05
MRPS2	0.000639162406223278
FMOD	-0.00262302274345314
PLG	-0.00578645828108558
KIAA1191	-0.000614957481854506
COPA	-0.000563995033660339
RBBP6	-3.68107809682131e-05
ZC3H7A	-2.5820829634935e-05
SERAC1	0.000192496245570706
ANXA11	-0.000938797384328683
SHLD2	0.000245027651207045
PRXL2A	-0.000527556790466772
ZNF205	0.000270502667851383
NAA60	-0.000207089042718408
RPL5	-0.000287110570973623
ODF2L	-0.000551536636858703
TRMT13	0.000233662117428521
RWDD3	-0.000360465427341144
ZNF644	0.000531377265254446
CCDC18	0.000986246339686869
RPAP2	0.000406811748159996
PQLC1	-0.000892280131038313
NBPF14	-0.000938499307474968
BBS9	0.000930712837719266
PMS2	0.000149678802121401
ZMIZ2	0.000224959791556604
SEPT7	-0.000588026342796149
EEPD1	-6.54457748631531e-05
KLHL7	0.000924573519859791
HERPUD2	-0.000505463409650916
CBX3	0.000184972740607587
HNRNPA2B1	0.000262764944229824
WIPF3	0.00175942487077483
NPY	-0.00123494982746391
FAM126A	0.000615906678198729
HOXA7	-0.00219204898046569
INHBA	0.000313167454701759
FKBP9	-0.00236626810850271
NT5C3A	0.00032082413880138
ARL4A	0.00020112579787634
CCZ1	0.000532911244211292
POLM	-3.60785457155622e-05
MRM2	0.000480458412824915
TWIST1	-0.00453413229388612
SMU1	0.000270846740674591
GLIPR2	-0.00162176342489957
SLC25A51	-0.00027595043254178
CLTA	-0.000229222804219167
RECK	-0.000115004862451056
ACO1	0.000685687233406215
DNAI1	-0.000693438246457635
DCAF10	-0.000548745233104855
CNTFR	-0.00320218092206299
KIAA1549	5.03549676956019e-05
TRIM24	0.000986132609793328
CYREN	6.91234634437008e-05
CALD1	-0.00126724870592501
NUDT10	0.000721364568169944
PLAU	-0.000120118440253874
CHST3	-0.00152161407540352
BICC1	-0.000677734098174521
CISD1	0.000402838409962673
ECD	0.000712918153329531
P4HA1	-0.00187153478068693
SLC25A16	-4.48204243488225e-05
ZWINT	0.000634656198741532
VPS26A	0.000181791957873854
RBM19	0.00082426771533919
CIT	0.000450114496718585
IFT81	-0.000429510957822378
ACADS	-0.000326808571242353
HVCN1	0.000523335428550403
DDX54	0.000535407398657029
MED13L	-0.00112338155990435
RNF11	-0.000763634095687278
RASSF8	-0.000653182904745775
SSPN	-0.000509099140019231
ITPR2	0.00099575486413759
CCDC91	0.00020999306488277
NECAB1	0.00205719308780247
WWP1	0.000371410987153293
ACOT9	0.000278372238496028
PRDX4	4.4044395390886e-05
DDX39A	0.000685494799979166
PKN1	0.000239234444411911
TRIR	-0.00018107749414818
ADGRE5	-3.39964014981631e-05
WDR83	0.000194303455411078
GIPC1	-0.000585422192151177
SPRYD7	-0.000852394475626306
EBPL	0.000668221616832056
ATP7B	-0.00184618779858979
ZC3H13	0.000401128872059968
NLN	0.0018451922825604
CENPK	0.000565519635717683
OPTN	-0.000969256008798304
ITIH5	6.2737816402336e-05
ATF1	0.000482841964644769
TSFM	0.000638253700140686
ARHGAP9	0.00181266501183016
MMP19	0.00012307639082686
PFDN5	-0.000686498056592073
SPATS2	-0.000492767689426449
ORMDL2	9.52181022395734e-05
NR4A1	-0.000194601672217671
CDK2	-0.000773035149984548
LRP1	-0.000215397989383226
ATG101	0.000434304326018988
IKZF4	0.000165651444165213
SMUG1	-0.000351465541391578
TUBA1B	6.06288124035832e-05
EEF1AKMT3	-0.00015911386394926
KBTBD4	0.00036549526926342
SARDH	0.000668835866922633
ATPAF1	0.000245979612636466
STIL	0.00064299603679098
HJURP	0.000796467597042321
AMD1	0.00123510990615871
NDUFAF4	0.00116055404246627
USP45	0.000840577875415015
PLP1	0.00167293798618057
MORF4L2	-0.000298469505841938
FAM199X	-2.49580180755354e-05
RAB9A	0.000333360811229003
METTL8	0.00178096188757053
TTC21B	0.000607102192668358
NMI	0.00296984745639546
BAZ2B	-0.000114931773785699
SLC36A1	-0.000136602263897503
LPGAT1	-0.000869676544592682
BATF3	-0.000114359855619711
G0S2	0.00185606106499093
RAP2C	-0.000430839795009863
EXOSC9	0.000916126628653065
PLA2G12A	0.00030236747074231
B9D2	-0.000358940464261992
COQ8B	4.66043565160944e-06
PFKFB2	0.00105789284445299
RAB38	0.000346536090747705
AGO2	0.000782898941209408
MXD4	-0.00138817460854929
CKS2	0.000754974073241216
ACSL3	0.000696009956692844
CHPF	-0.000438164721111122
DNPEP	0.000295204127382375
INHA	-0.00116384691443768
OBSL1	-0.000213228953879819
SLC12A4	-0.000667309847792883
ENKD1	-0.00073937856139088
FAM210B	-0.00121802351712302
SNX21	0.000200833909362458
SLPI	-0.00451380071764165
TTPAL	-0.000225839838362545
PREX1	-0.000785759018171236
ARHGAP40	-0.000668190714579675
SDC4	-0.000433082259225569
NCOA3	6.47226478561985e-05
PIGT	-0.000345484937588145
NCOA5	0.000212287741956822
VAPB	0.000108092042051057
PARD6B	7.53196790243073e-05
ATP5F1E	-0.000429882764264016
CHD6	5.1419522976414e-05
PLCG1	-0.000439859379815551
TOX2	-5.21753625602547e-05
SRSF6	-1.93489725554284e-05
GDAP1L1	0.00145237087987619
ARFGEF2	0.000199567026879874
ZNFX1	0.000255448825591412
EDN3	-0.000233589394543312
CSE1L	0.00119061530624846
RAB22A	-0.000424069303543775
PTGIS	0.00013480562541175
STAU1	0.000131752135585419
SNAI1	-0.000524474623601881
MOCS3	0.000559856303741676
STX16	-3.48003947523339e-05
PPP4R1L	-1.93159250117096e-05
PMEPA1	-0.000310490108307814
RNF114	0.000204622762169915
DDX27	0.000674618855109397
SEMG1	0.0127077444991138
BCAS4	0.000857738295199089
NEURL2	0.00070465074806902
MTRR	0.000460279331776192
FASTKD3	0.000674567956592334
PEPD	0.000717932131255384
CHST8	0.002653495677394
IQSEC2	0.000575928404060137
VAMP7	-0.000200444310197346
STAMBP	0.000149377075276072
NAGK	-0.000896630953940544
MCEE	2.79311449908639e-06
PAIP2B	0.00180409971551403
SNRNP27	-0.000417670245073089
MPHOSPH10	0.000316733483583517
ATP8A1	-0.00021397581641135
USP22	-0.000292870709672677
HIF3A	0.000343388110229451
ZNF576	0.000617443835193471
ZNF45	0.000392479788602013
LYPD3	0.00140779527109522
USP9X	0.00168742322455612
GRM4	0.00418001114467481
TRERF1	0.00187816870941002
PACSIN1	0.00141517713249388
BTN2A2	0.000446947111660091
SIRT5	0.000726334590249106
MRS2	0.000894417869814697
WRNIP1	-7.83576441598043e-05
RRP36	0.000642085828806799
SNRPC	0.000379832378746004
SERPINB6	-0.00140498505346421
XPO5	0.000911679845505032
ABCC10	-0.000335280939037973
PEX6	-0.00041760873220863
NQO2	0.00177979248570382
AL365205	-0.000993433934356926
OARD1	0.000456316037601563
AARS2	0.000378263035027912
ZNF391	0.000391915550566862
RPS10	-0.000187318967837383
MOCS1	0.00112684846914144
HIST1H2BJ	0.0019585105888003
MED20	0.000569861269685461
TBCC	0.000442617467696216
MAD2L1BP	0.00050880725475712
KLHDC3	0.000301106197033355
MEA1	0.000285556594278308
COL21A1	-0.000234267049953242
CDKN1A	-0.00152333805793003
SOX4	-0.000248450298170261
GLO1	0.000219662510023315
RREB1	-0.000206820596607655
SSR1	-0.000480224392623934
RIOK1	0.000426075595761633
NRN1	-0.00456833599427687
SLC35B3	-0.000430662199015315
RPP40	0.00127930693639186
ATXN1	-0.00165607625877431
NUP153	0.000743240326231647
DEK	0.000765757588752618
EEF1E1	0.00136617695110009
LRRFIP1	-0.000111310297039044
RAB17	0.00107388345640449
CXCL6	0.00260790732593953
MYRF	-0.00296920165094994
AHNAK	-0.00357052706744221
EMC3	-5.55876241298524e-05
SSUH2	-0.00143349317435211
WNT1	-0.00706062893050662
SH3TC1	-0.00166155115031938
CNOT1	0.000416467299186449
BBS2	-0.00113235181531978
MT1G	0.00628117675606671
MT2A	0.000873460210634615
C16orf70	0.000289280586897639
GOT2	0.000794539114066766
DOK4	-0.000494230617683623
CLYBL	0.000987120390752362
TMTC4	-0.000115496857131544
RAP2A	-0.0004082582426482
ABCC4	-0.000389807191120372
EFNB2	-0.0020897436692393
SOX21	0.00197553356043166
TM9SF2	-5.94703919410022e-05
C17orf53	0.00080123460027677
IRF1	-4.34874547405954e-05
UPF3B	0.00104538138207457
RNF113A	0.00023668034499178
SEPT6	0.000106506035706848
TMEM255A	-0.0012485518219981
NDUFA1	-0.000193103464248685
ATP5S	0.000647296901274452
BMP4	-0.00345010387544627
FAM193A	-0.000189635111716373
GRK4	-0.000985680538477467
SOX9	-2.04163315867866e-05
HS3ST3B1	0.000219183382736022
SLC25A35	0.000503023068945068
MRPS7	0.000334567625212427
GGA3	0.00021308409278313
ARMC7	-0.000359220706035022
NUP85	0.000611129600571417
SLC25A19	0.001694113978715
MIF4GD	0.000184026196712939
NT5C	0.000216072315988724
MSTO1	0.000225175648662157
C1orf61	-0.00121730783232765
TTF1	0.000590012421798983
GTF3C4	0.000625504235208506
DDX31	0.000365061386803793
BARHL1	-0.00356324778527821
PPP1R12C	-0.000113267407499139
MBOAT7	-0.000317915710340174
SLC2A4RG	-0.00136522130495859
PPDPF	-0.00133873400440589
CHCHD5	-0.000311899814206133
INSIG2	-0.000310201436470789
POLR1B	0.00140538654894442
CCDC93	-0.000952852197665594
SLC25A23	7.70179175699413e-05
GTF2F1	-0.000349816108698332
ALKBH7	-0.000352305744138153
CLPP	-0.000103595566750484
TNFSF9	3.88536472085834e-05
GRIA3	0.000511499061326606
THOC2	3.90915631759516e-05
MED1	0.000372664911724667
RPL23	-0.000243071878638563
ATG4C	0.000890050444511814
CD70	0.00225464454559765
C3	-0.000394297061981345
SH2D3A	0.000976058845420792
TRIP10	-0.000438102458023758
GPR108	-0.000824289890456321
FOSB	-0.00147051556269952
OPA3	0.00030149877803073
SNRPD2	-3.26415050583228e-05
RTN2	-0.000224733285030331
EML2	-0.000650102364992346
VASP	0.000178172173390246
SYMPK	0.000312419175234579
GPCPD1	-0.000475973687474372
SDCBP2	0.000633148637304549
PANK2	0.000531313359069039
GNRH2	-0.00299815754851124
FOXA2	-0.00496535569948859
GZF1	-4.89349805536012e-06
NAPB	-3.93406290346503e-05
CENPB	-9.77559290344989e-06
PSMF1	-2.96678837127147e-05
DTD1	0.000463575551216044
RBCK1	3.52327088073792e-05
TMX4	-0.000681596951570133
STK35	0.00062922154046337
SNRPB	0.000565237939506939
NRSN2	-0.00073524370759061
AP5S1	-0.000694431267690979
RRBP1	-0.000514423790225615
BMP2	-0.00250372799401755
ZNF133	-7.18106547416608e-07
FLRT3	-0.00461653378035645
OVOL2	0.0011409160485336
PCSK2	0.000660349750923294
MKKS	0.000613197899691917
BFSP1	0.00121268155190384
DSTN	-0.000381549428532484
LAMP5	0.00137908639335101
SNRPB2	0.000282153524764809
MGME1	0.00114497214867844
LRRN4	-0.00459561735219981
TBC1D20	-0.000655533178234271
ITPA	0.000648444142371843
TCF15	0.00201643223858674
MCM8	0.000796252725845637
TMEM74B	0.000324651996769876
FAM110A	-0.000143088659351143
MRPS26	0.00048310202045429
NCLN	0.000575486345390563
CITED1	0.000568042592665067
HNRNPR	5.90840823461424e-05
ZNF436	-0.00269698556365799
MAX	-0.000371309469138732
CHURC1-FNTB	0.00038874266822636
ARMCX5	0.000288707913175761
MMP24	0.00151850342263084
NECAB3	-0.000362142454127934
ID1	-0.00136414007680218
RALY	-0.00011643485308207
DYNLRB1	-0.000579805049609617
EIF2S2	0.000599492658759484
ERGIC3	-0.000624505945429238
ROMO1	-0.000289884316621709
CEP250	0.00017852171129298
PLAGL2	0.000208301859456515
GRPR	0.00080842089936666
KDM5C	0.000123257371851467
AMOT	-0.00169380662061062
TMEM115	-0.000266813711473274
PSMB2	0.00032051488625939
AGO3	0.000558693123460728
UROD	-0.000307511095372694
ST3GAL3	-0.000586262993688228
TMEM53	0.000402922775175453
HECTD3	0.000179758416919391
KLC1	-0.000468404317105447
XRCC3	0.000964071965622494
TUBGCP3	0.000186847625277168
MCF2L	0.000208428258286672
F10	-0.00144451114861564
PCID2	0.00054457472529667
LRFN3	0.0001113972410991
IGFLR1	0.00134943072065686
CAPNS1	-0.00106089681300582
PDCD2L	0.00142218458323914
RBM42	-0.000176013427891916
KIRREL2	0.000565277955795067
UBA2	0.000283289626395609
COX6B1	8.32592977001078e-05
THRA	-0.000469975555779094
FRMD8	-0.000320143256275264
PRDX5	-0.000371258701312204
BCL2L12	0.00102351345113982
IRF3	0.000488695204096126
PRMT1	0.000453156180722079
RRAS	-0.00113265299032531
PRRG2	0.00078560643391557
SCAF1	-0.000147310875801966
PRR12	0.00052787981582246
ASL	0.000445071049834888
SBDS	-0.000864470369096757
STAT5A	0.000717909908086583
WNK4	-0.00109685155249277
BECN1	-0.000841264758947005
PRKCG	0.0017867361504499
TRAP1	0.000695388575218518
GLIS2	-0.000388462914915383
NSRP1	0.000462277093592088
DNAJC8	0.000326186115972601
AHDC1	-0.000523002830970691
IFI6	0.000805657025374324
DACH2	-0.000199321811420392
ZNF384	-0.000119620939151267
UXT	-0.000310404986455654
ELK1	0.00038196877908013
TIMM17B	-5.15081212090537e-05
PCNX4	-0.000806961122465397
ATG14	0.000482812562001629
KTN1	-0.000312504054798741
SIX1	-0.00160506463265065
RHOJ	-0.00372327521061488
DLGAP5	0.00119745269122542
L3HYPDH	-0.000521622401890678
HSPA2	0.00211753123050436
ZBTB1	-0.000315879145148443
TRMT5	0.000977303068231616
SGPP1	-0.00067751450760092
PLEKHG3	0.000285208331237548
RHOT1	1.843184641459e-06
WDR60	0.000290094203155431
AIF1L	0.00143657248110156
NUP214	0.000168485115717377
SLC10A3	-0.0009108285155842
MAP2K2	-0.000290069891947749
HNRNPH2	0.000357022987480281
ARMCX1	0.000187255949356675
TMEM35A	0.00102195794472251
TIMM8A	0.00130979597792097
ZC4H2	0.000279340195274172
CANX	-9.22047164737776e-05
INTS11	0.000143209412690585
RGS13	-0.00341787002414122
IPPK	0.000414063994877306
ZNF484	0.000403497626795865
FGD3	0.00172441535092667
PPCS	-0.000373368615303043
COX7C	0.000289200937142537
TRAF2	0.000738885259166073
ABHD8	0.000231459377062564
MASP1	-2.00517024483137e-05
HRASLS	0.00105836689142874
RAP1B	-0.000312941362536431
RAB3IP	0.000369170988828754
DYRK2	7.84428667126734e-05
YEATS4	0.000812336114578355
CRYGN	0.000475611091279937
LRRC61	0.000888455757471603
IDUA	-0.00148664872903305
FGFRL1	-0.0016252935295346
TMEM175	-0.00144759277794998
AUNIP	0.00155638863645353
PIN1	-0.000134408154817235
FBXL12	-2.92762576438154e-05
EMC1	-0.000194836777538369
UBR4	0.000132769055203102
HP1BP3	-0.000901966616879064
SIN3B	3.96550762476059e-05
SLC35E1	-0.000281083516774891
EPS15L1	7.37588447374665e-05
KLF2	-0.00288141624382099
UQCR11	-0.000236713579075273
GFER	0.00020537488570894
SYNGR3	0.00124911419005063
PKMYT1	0.000789031601206313
WFIKKN1	0.000169518306773722
WDR24	1.39821589750342e-05
FBXL16	0.00153065222390218
CHTF18	0.000139673344503323
MACF1	-0.000150949515242322
SMARCA4	-0.00011749265999499
KDM4B	-0.000336791243937585
METTL25	0.000698291104162188
EMC6	0.000357656798969043
METTL16	0.000817568949788285
TUBA4A	0.00270872343048009
VIL1	0.000946858557055663
AAMP	0.000305466965688345
PNKD	-0.000209791626078743
TNFRSF19	-0.00293854744591916
RNF6	-0.000540968532351387
ECHS1	0.000156658321563111
AKAP9	-0.000782428686544203
GNG11	-0.00172497032830346
SEM1	0.00014800221970067
HIP1	0.00103387212565871
PTPN12	0.000292759243740458
POR	0.00039538827274788
STYXL1	-0.000256965780426319
GNAI1	-0.000733281159746599
PEX1	0.000353133388097249
MTERF1	0.000520432421644998
SGCE	-0.000539371830917091
RBM48	-8.34359823786843e-05
CASD1	-0.000315734729924403
ZNF780B	0.00026678853359535
LRFN1	0.00104048781439403
ZFP36	-0.00111806279176586
SRD5A3	0.00052812085444198
RASL11B	0.00068185926705971
PAICS	-0.00536645259572919
KDR	0.00155331871317084
PPAT	0.00123780348103271
TUBGCP6	-0.000272607728332589
ADM2	0.000654443725981954
DGCR6L	0.00014553503054097
DGCR8	0.000263092940094758
ASPHD2	0.000904902116638624
SDF2L1	0.000306199562982739
GAL3ST1	0.00091851361847701
YWHAH	0.000492044275789797
RFPL2	-0.00368701579963298
GNAZ	-0.000436794893382613
MGAT3	-0.000987504081909922
ADORA2A	0.000463650655804077
ATF4	-8.87235885823178e-06
A4GALT	0.000911252377581835
CDC42EP1	-0.00220215925921893
MCHR1	0.00078683842454093
TPST2	0.00107307326061218
BAIAP2L2	0.00115708898459642
MPST	-6.4666126799083e-05
TST	-2.49401576074053e-06
APOL2	0.000897927839178353
RAC2	-0.000112964265297983
LIF	-6.54292048685294e-05
C22orf23	-0.00119097910088447
APOBEC3F	-0.000448062888859432
RIBC2	-0.000591744071905082
KRT17	-0.0017906227470597
EMC4	0.00013889372065385
SPECC1	0.000642389150126993
CPA4	-0.00272410440582907
DOCK4	0.000284560616615417
POT1	-9.59954065525613e-05
ATP6V1F	-0.000574146321441119
LSM8	3.06337230373353e-05
CDHR3	0.000891065480163053
PRKRIP1	-8.19612292107179e-05
VGF	0.00185505617841821
PODXL	0.00101233103483162
FOXP2	-0.00311705093827419
STRIP2	0.000677100055421889
IFT22	-0.000720583899859596
MKLN1	0.000509196965675113
DNAJB9	-0.00092423555987177
FLNC	-0.00293284993026377
LRRC4	0.000531342781791737
CALU	-0.000768709332408861
CCDC136	0.000445294121717259
SMO	6.44261410578942e-05
LRRC17	0.000626600124280541
KLHDC10	-0.000217232980242707
NDUFA5	0.000170984737754258
FEZF1	0.00387053733739232
MRPS12	0.000940018016157297
MYO1B	-0.000205894023132829
HOXD3	-0.00364544486404228
MTX2	0.000183498882391104
CHN1	0.000487168401979532
GAD1	-0.0015385672004962
OSGEPL1	0.000457750734656128
ORMDL1	-0.000165604354133114
HAT1	0.00069273237385674
HERC2	0.000711589760347103
SNRPN	0.00120458250403334
PSMG2	0.000526286937108353
TWSG1	-0.000687803302157382
ARHGAP22	0.00135639780097133
EIF2AK4	0.0011023642967221
MYO5C	0.00167778538816906
CGNL1	0.00131689193218662
TMOD2	0.000608169691688304
TTBK2	-0.000155153703557058
ELL3	0.00210041923788139
CCDC32	-0.000530859681116552
INO80	0.000651800240349692
ICE2	0.000476797807275855
ALDH1A2	-0.00105547344287466
MINDY2	0.000137199735536271
IVD	0.000260788540953764
KNSTRN	0.00034009243599616
DUT	0.000962692759520816
CHAC1	0.00146528566661376
CLN6	0.000935170995632714
ARPP19	-6.98454278448833e-05
VPS13C	-0.00047858708588186
CALML4	0.000516761181228861
ISLR	-0.00151705504401183
THAP10	0.000475090982833749
LOXL1	-0.00185089093058894
ANAPC13	-0.000429659226936575
MBD4	0.000206224304866732
COPB1	-0.000698323905383218
PSMA1	-0.000209280856580047
SUMF2	-0.000772341259181257
PALLD	-0.00105386278350966
SPCS3	-0.000337275323557886
SERGEF	0.000399149474446409
E2F8	0.00135334071741563
DCTD	-0.000590072353130903
SOX15	0.00139535949818682
PIMREG	0.00154571968419207
RPAIN	-8.36903316584653e-05
PLD2	0.00012339506835083
AIPL1	0.00135476523878133
CD68	-0.00109979677456462
TXNDC17	0.000582929683813731
ATP1B2	0.000789586043907309
FXR2	-0.000457489620005944
KIF1C	-5.09870824552875e-05
MPDU1	0.000432820307649311
PHF20L1	-0.000376004394077571
LRRC6	-0.000439829086913055
CCNT1	0.000375328532625133
PUS7L	0.000737874037688277
KRI1	0.000577199892327131
ILF3	0.000330641827383886
SLC44A2	-0.000510072873762564
AP1M2	0.00201426710788885
CDKN2D	-0.00102260322410292
MTUS1	-0.00108720293076699
KLK10	0.00379815240243842
KLK8	0.00424632741154987
NGDN	0.000479693379943127
RAB2B	-0.000308780937381959
BCL2L2	-0.000701652042385929
AJUBA	-0.000703521130905101
DTD2	0.000458539383972844
PARP2	8.67490231697714e-05
HEATR5A	0.000375215705827266
FOXA1	-0.00569625578285894
SNX6	-6.58685514076197e-05
EAPP	-3.34797499342001e-05
EGLN3	1.17504430355848e-05
MIS18BP1	0.00108100637480701
RNASE1	-0.00156674797315525
NEDD8	-6.4581780081525e-05
DAD1	-0.000732549200073788
TEP1	-0.000663724195121318
EPB41L4A	-0.00107059935020992
CDO1	0.000271137060396449
REEP5	-0.000265956745016278
ITFG1	-0.00102542779521224
FOXJ1	-0.000781757976235028
SEC14L1	-0.000502379342106056
RHBDF2	0.000934683079467623
ARHGEF6	0.00150133204726294
MAP7D3	0.000828720460715401
FGF13	-0.000171939673152023
ASH2L	-0.0002747547079249
TTI2	0.000695199631731552
CDKN1C	-0.00232544198255003
SGO1	0.000754893410888931
RPS4Y1	0.000241659759418648
KLF16	0.000315047261671088
TMEM8A	4.21376962526652e-05
MAU2	-0.000130784464245939
SHC2	-0.00278649082442671
PLPPR3	-0.000933617333344884
ABHD17A	-0.000490782682000597
SYT5	0.00217642819029815
TNNI3	0.00170591509263285
CBFA2T3	-0.000754113583398763
GAMT	-0.00133084432048567
PUDP	0.000279964163760389
ERMARD	-0.000222711825018472
PHF10	-0.000805634476628594
PRRG3	0.000750151852886908
GALNT8	0.00132070639843683
FAM155B	0.00184185515963982
GDPD2	0.00403747905618838
SAT1	-0.00107182360841137
GNL3L	0.00110420125916551
SH3BP4	-0.000227155409694312
MOSPD2	6.10362633552362e-05
DOCK6	-7.08927800714159e-05
ECSIT	0.000689378806777231
LDLR	0.000520267329733951
ELOF1	0.000405287931870757
PRKCSH	-0.000621399044875256
CNN1	-0.00135829191232569
CDC16	0.000220494330258452
ZSCAN10	0.00649680893863216
THEM6	0.000221900320121952
NECTIN2	-0.000616157302060488
APOE	-0.000564553258121574
TOMM40	0.000872346660233999
APOC1	-0.000912817704612336
GADD45G	-0.00014217373933251
LRCH2	0.000280087496310008
DPP6	0.000372126533558138
XPO7	0.000634103805453565
FAM98C	-0.000151321316353485
SAFB2	0.000259387925357167
RPL36	-0.000488835201121958
ATP8B3	0.00200624721997583
GDF1	-0.000251365883903492
NCAN	0.000136307467231429
KIF1A	0.00166000696083699
GTPBP3	0.000350362765014235
PLVAP	-0.003523287294683
BST2	-0.000211135814791842
SLC27A1	-0.000441379287190696
NSUN5	0.000756940238287909
USHBP1	0.00262017924738784
COLGALT1	-0.000790905979204926
DDA1	-0.00039496366789609
MRPL34	0.000762276092507646
PGLS	-0.000721285766719727
LSM7	0.000319631188964072
TULP4	-0.000102392045807363
SNX9	6.61293328490379e-05
RTN4IP1	0.00161388912766581
QRSL1	0.001053975274368
C6orf203	0.000171664749677978
RSPH3	-0.00109899807782049
MLLT1	-0.000379829588039959
AFDN	-0.00027839614744538
ACTN4	-0.000494973170223594
STK33	0.00058635770162193
NDUFA10	1.80373894128545e-05
ARPC1B	-0.000308892641966181
ZSWIM6	-0.0011224182558734
FCHO1	0.00164923898804279
UNC13A	0.000310800593084291
MAP1S	0.000533148304720205
PXDN	-0.000967185373973317
SSBP4	-0.00137298479690766
GDF15	-0.000524882755196365
PGPEP1	0.000537500284167185
LSM4	0.000343127029313813
JUND	-0.00127332646211438
HRC	0.001015313518363
TRPM4	3.94311300443467e-05
SULT4A1	0.000464366184590709
CRB3	0.000923801322767965
OLFM1	0.00242878487484978
CAMSAP1	-1.53757999641691e-06
UBAC1	0.000442625301928392
ZBTB46	-7.93250279174503e-05
HELZ2	0.000167201878765037
SAMD10	-0.00019387057291767
COL5A1	-0.00357656189112851
ATXN10	-0.000210318172502663
TUBGCP2	-9.89646316641391e-05
CALY	-0.000831192288512053
PAK4	-0.000121154788491268
MNX1	-0.00527838821979829
ZNF337	-0.000489576953625725
CEP85	0.00075978545919357
TAF4	0.00065927605315942
GATA5	-0.00472491212245754
LAMA5	-0.000658989095493627
OSBPL2	-0.000392507920930596
ADRM1	0.000385390706807182
ASS1	0.0010872434153449
EXOSC2	0.00100850761010172
POMT1	-0.000399533300911597
UCK1	0.000272278250417606
FIBCD1	0.00163342152914729
PRRC2B	-0.000613298341087243
CHMP2A	-0.000425760990405212
UBE2M	-4.34869823275562e-05
TRIM28	0.000280574736120074
METTL26	0.000329250472911846
YIPF2	-0.000374917467432411
ATG4D	6.52218924875428e-05
EIF2S3	0.000545218941699737
TMEM160	0.00014556094889488
ZC3H4	0.000681052128819915
NPAS1	0.00104244247759907
MAP3K10	-0.00033137462284961
ARHGEF16	0.000417041585498839
LRRC47	0.000439409057175088
SESN2	0.000178362325383813
SMPDL3B	0.00328956530458248
ATP5IF1	7.46978812667791e-05
MED18	-1.14597993433184e-05
THEMIS2	0.00189958443965643
CLIP1	-0.00113639781279206
HIP1R	-0.000462994503816946
ZNF317	0.000499853329806456
PPAN	0.000856188476438855
EIF3G	2.56840210564742e-05
ANGPTL6	0.00175678815747731
C19orf66	0.00180944995725862
DNMT1	0.000588369896208538
ZNF426	0.00037576513343496
SLC6A8	0.000721994597307592
PNCK	0.000347101674609252
DKC1	0.00112799290517304
PLXNA3	-0.00162966750106417
DUSP9	-0.00103267921851768
MPP1	0.000247765356362802
ZNF331	0.00100220042864247
ZNF236	0.000174426487715111
LRP3	0.000249564280947456
C12orf65	-8.56294634412234e-05
NOL11	0.00108508438104813
UBE4B	0.000724670393754631
CASZ1	-0.000208882345561432
HABP4	-0.000739740911183523
SLC35D2	-0.00112236973209635
PRRG1	0.000766775640225811
UBA1	7.742307309826e-05
RGN	-0.000538013062995227
PPIL4	-9.06448071970455e-05
AKAP12	0.000225388809741964
SYNE1	-0.00181958505630828
ULBP3	-2.08175931881147e-05
LATS1	0.000148761197555476
EPS8L1	0.000331863580019861
AAR2	0.00031522151697254
RBM39	-0.000409598244200468
GGT7	-6.49548961665705e-05
ACSS2	0.000247752861958678
EDA2R	0.000624230776695574
ARHGEF9	0.0012746113022346
C1QL1	0.000528900182384033
GFAP	0.00196971833728707
ATP6V1E1	-0.000281618145336053
ZNF227	0.000232061116497113
ZNF428	-0.0013397109204737
ZNF141	0.00049504440119459
COX4I1	-0.000194913933825499
EMC8	0.000132009661689491
GSE1	0.000239078853218635
GINS2	0.000963988230965153
CHMP1A	-0.000304073522939237
SH3BGRL	-0.000260035635171952
COX7B	0.000395086884802426
F12	0.00151246988478414
PRR7	0.000233889772323252
NFATC1	-0.00114168355378275
IDO1	0.0104979935231539
CAP1	-0.000357290245966199
PPT1	0.000740025760003137
RAB11FIP4	0.00099295155172551
RLIM	0.000110962351517956
ABCB7	0.000755855892973745
TRAF3	-0.000655316711044091
HAUS8	0.000714930910291492
MRPS25	-8.12547160320897e-06
SH3BP5	-0.00108130506016456
HACL1	0.00130777019865317
TBC1D5	-0.000555669577972675
CAPN7	-0.000827229330926239
RFTN1	-0.000530547217283227
RBSN	-8.52084673871963e-05
SLC6A6	0.00127589420272205
KCNC3	8.17888108696562e-05
NR1H2	-2.05091536583798e-05
LRRC4B	-0.000177011169228428
PDLIM4	-0.00102966038923455
KIF3A	-0.000286817828064105
MGAT1	-0.000243229804035537
GFPT2	0.00129750556224163
TUBG1	0.000321643033395512
PSME3	-0.000188758719531609
RPL27	-0.000314314861465734
PSMC3IP	0.000348392702986946
ACLY	0.000641856285143854
VPS25	8.64713959818235e-05
RAMP2	0.00097503198268001
NDUFA2	5.31195412418215e-05
ANKHD1	0.000316803865091596
DIAPH1	0.000220709344619422
NDFIP1	-0.000740971507108669
UBE2D2	5.54341412700612e-05
EXOC4	-1.99805762398171e-05
ACAP3	-0.000887026979761271
C1orf159	-0.000505479298322232
ANO1	0.00161953253597689
PPFIA1	-0.000219111267969638
KREMEN2	0.000732020341089245
THOC6	0.000706007262894774
TRAF7	0.000507321632928027
NINJ1	0.000134865874095461
NPHP4	0.000259207501339341
MAP1B	-0.000684762420464711
IL13RA1	-0.00143352811067788
WDR44	0.000411057443728403
ZCCHC9	7.14892928573955e-05
TOP2A	0.000458885682938356
STARD3	3.96381741122001e-05
RARA	-0.00116777168086496
PPP1R1B	0.00480401370803435
KHDRBS3	0.000493676767663904
CHD1L	0.000157892614504255
PEX11B	-0.000737396233026106
FMO5	-0.000785748330901873
PIAS3	0.000116825611712962
PRKAB2	-0.000309748984459139
PDHA1	-6.58226479044717e-05
MCCC2	0.00106366883246736
ZNF304	0.000396221301313059
ZSCAN5A	0.000451804662455475
SELENOS	-0.00122810820542776
CHSY1	0.00016064668676013
SNRPA1	0.000687949959046929
LLGL1	-2.49858336906313e-05
LIN28A	0.00227538682216302
THAP1	0.000744073292884683
RHPN2	-0.000332589630451333
C19orf12	-0.000739739371374185
FAAP24	0.000277787657418476
ACTR10	-0.000730670987677256
ABHD12B	0.00284362381931297
GCH1	0.000224273203873729
LGALS3	-0.000759670910312388
DNAJB1	-0.000354755109239769
ZSWIM4	0.00020586328305233
FBXW9	-0.000116030484254048
RFX1	0.000220544022969285
ZNF20	0.000492172072382448
C19orf57	0.00013951434361745
DCAF15	0.000564754000582081
CC2D1A	0.000200710910229791
MATN3	-0.00139822328360862
TRIM21	0.000433588129738992
SPATA6	-0.000325648810586374
LRRC41	-0.000712618566934762
DHX30	0.000219417358311141
RAF1	-1.96756385762491e-05
NUP210	0.00107979263274229
HSD17B7	0.000945264585617191
ENOSF1	-9.73476094658528e-05
EMILIN2	-0.000896586435119218
ARFIP2	8.52476563638614e-05
TRIM5	0.000199828782396541
CNGA4	-0.00133751119220206
TRIM22	0.00397501218082454
RRP8	-1.54204908438166e-05
TIMM10B	0.000510840075110759
EFR3A	0.000481763764997626
HHLA1	0.0105408619709254
PTCD3	0.000388226752460253
IMMT	0.000373265628540746
MRPL35	0.000679236959697188
IQCA1	0.000426273100811823
ILKAP	-8.01502440116262e-05
PER2	-0.000402827653214132
RAMP1	-0.000109262623267439
SCLY	0.00175975656458314
RAN	0.00058525340428555
PRKAA1	-0.000317203507877159
RAP1GAP2	0.00120382076889342
CLUH	0.000733726318694843
INPP5K	0.000158207957297466
MYBBP1A	0.00123250435517067
RPA1	0.000259282302832218
SERPINF1	-0.00119045042061838
UBE2G1	0.000871383968585553
EEFSEC	0.000514300745353755
TBC1D14	0.000268151892701739
TMEM128	-0.000401864582963159
COQ3	0.00120025090006005
PNISR	-8.45503304318861e-05
POPDC3	7.42986624903868e-05
SEC61G	-0.000312027240167713
LANCL2	0.000294679623595294
FIGNL1	-0.000212545466714404
DDC	-0.000743544304950048
GRSF1	-4.50661857428217e-05
ANKRD17	0.00033571550715176
UTP3	0.000697459333609793
ITGB4	-0.000299805317021879
WBP2	-0.000338601689629803
H3F3B	-0.000560701192708423
UNK	0.000113793861092247
TRIM47	0.000787845474208403
ZRANB2	2.89752460517648e-05
EIF5A	0.000768918895072575
KDM6B	-0.00239838006053673
GPS2	0.000535065220877551
DLG4	-0.000159568860461386
RIDA	0.00113279691224114
VPS13B	-0.000149392608968654
MATN2	-0.0010427505449471
REEP2	0.000570688100701453
PCBD2	0.000806489083122493
SDF2	-0.000234752476839202
FLOT2	-9.69212044563376e-06
ERAL1	0.000473504137167276
PRMT7	0.000136606967495543
NIP7	0.000832336812990393
TERF2	3.23677142432835e-05
VPS4A	-0.000262580505705808
MTSS1L	-0.000597672746019779
HSPA12B	0.00212238261793273
ANKEF1	0.00114039022108729
PCED1A	-0.00130988507747922
SNAP25	-0.00171488030734138
BTBD3	7.44201996633472e-06
PCNA	0.000903076285082258
NXT1	3.78940076351381e-05
POLR3F	0.000444162275954932
RIN2	-0.00362636863122603
PTPRA	-0.000196124269800584
DAP3	-7.16521660931298e-05
KHDC4	-5.32009433911821e-05
NES	-0.000377263843586785
BCAN	0.00301447791135102
ARHGEF11	-5.00467129957145e-05
RAB25	0.000169791519052755
DCAF8	0.00108492518154578
SYT11	-6.61804283554958e-05
IGHMBP2	0.000131658595505296
TESMIN	0.00169807823300725
MMACHC	0.000777034660288339
DPH2	0.00127575250268425
TOE1	0.000992327615955461
NASP	0.0011063296516155
MUTYH	0.000687862047538895
CTNNBL1	-9.93670564946223e-05
LPIN3	-0.00074481734562078
ZSWIM3	0.000794617726871273
RBM38	0.000952419721788194
VSTM2L	-0.00159156474617199
OSER1	7.73343292428003e-05
SERINC3	-0.00119972141353342
AP3B1	0.000270085768100247
ZBED3	0.00043347110079321
PATJ	0.000639450929660833
KANK4	-0.00359104138332116
SYT4	-0.000922581602206528
FBXO44	0.000182668877484697
CPLANE2	-0.000637832325019932
CASP9	0.000936383301819907
DCTN4	-0.000201027755608588
ATP8A2	0.00269969879853186
ZMYM5	6.45102252027981e-05
USPL1	0.000100722856216339
XPO4	0.000975510538346836
POMP	0.000400555017055153
CDK8	-9.34253701007768e-05
WASF3	9.03858613715004e-05
MYH10	0.000154840333365093
PEMT	0.000382560448201784
SCO1	0.000828657651613952
MPRIP	-0.000424882537228505
CHI3L1	-0.000945735905450348
PIK3C2B	-1.67959839126854e-05
DSTYK	-3.19744721879123e-05
SLC41A1	0.000670651566893753
TMCC2	5.25765686179637e-05
DCLK1	0.00237522057284143
COG6	-0.000759423998410438
SPART	-0.000292055760460794
EPSTI1	-0.00372522155212541
TRPC4	0.000816024261448551
POSTN	-0.00290158218202075
RFXAP	4.91520055312542e-05
TPT1	-0.000801746054136268
GPALPP1	5.99805685174948e-05
RFC3	0.00104929589848109
STARD13	-0.00052302127257454
IRS4	0.00144433904101692
MORC4	-0.00175057142261522
BEX2	0.000764373122778377
RNF128	0.000376161355615605
TBC1D8B	0.000848488671365091
TCEAL4	3.09875405959358e-05
BEX1	5.00590573252144e-05
FAM104A	0.00060353168076881
SLC39A11	0.000508174303367385
EPHB2	-0.000725827324774006
SRRM1	0.000159997639335404
BTBD2	-0.000324310641136795
KMT5C	-0.000272668296206432
ZNF414	-4.777927060903e-05
PDE6B	-0.000461095429902637
HSPBP1	0.000519854982123917
CSNK1G2	0.00013192175744668
SLF1	0.000237490066849792
CNDP2	0.000366058552520412
MACROD1	-0.00020177086769145
WDR74	0.000971420951698793
LGALS12	0.00476818526245012
RTN3	0.000300191919046545
FOPNL	0.000596584934449578
MED10	-0.000336655746135028
PDZD2	0.000727444524401486
MORC2	0.000745943360659574
LARGE1	0.00219134378903545
SLC2A11	0.000251664505215378
C1QTNF6	-0.00212408339367153
FAM83F	0.00212832029777592
ADCK2	-0.000513172819736168
MKRN1	-0.000329953974243469
AGAP3	-0.000391719438435557
KRBA1	0.000170843094060338
ACTR3B	0.000991790728073865
NTS	0.00105042166892711
BTG1	-0.000313073715280774
LRRIQ1	-0.00114837964629747
C12orf29	9.47695533646537e-05
ATP13A3	0.000151966489564878
DYDC2	0.00200360650925795
TMEM254	-0.000154879170958111
TMTC1	0.00103246254620536
KRAS	0.000440814444925403
IPO8	0.000739857253557792
LARS	0.00109209316473886
SPINK5	0.000660095102696708
IMPA1	3.40229108463366e-05
LRRCC1	0.000529251719677905
E2F5	0.000331882518577743
CCDC59	0.000416949386491507
SWAP70	0.000584370911003516
ARNTL	0.00100255671803005
AMPD3	0.00098075794425767
SBF2	0.000422718887257244
MICAL2	-0.00156962034570127
RRAS2	0.00125730171952585
HSD17B4	0.000563382778560823
ZFC3H1	-0.000502368422827315
TEX15	0.00270122482654555
SARAF	-0.00116885857637539
RNF122	-0.000376737994978404
DPF2	2.74726299807635e-05
MEN1	0.000334304913532789
ERG28	0.000604803477496645
GSC	-0.00632560465366072
DGLUCY	0.000521019171770412
NUMB	-0.000222145507992435
VRTN	0.0046765995214662
COX16	0.00020918965698609
TTC9	0.00169272488329327
MED6	0.000303185577729032
EIF2S1	0.000563728097570507
LOXL2	-0.00105092445956172
ELP3	0.00024523115715026
CTIF	-0.000572470507014238
MBD2	-0.0010215245875585
IER3IP1	-0.000312154797174884
MRPS36	0.000189725323107963
CCNB1	0.000787140811707158
CDK7	0.000506867542155635
CAMK1	-0.000689074846567602
THUMPD3	0.000376654231541986
VHL	-0.000199762210917306
BHLHE40	-0.00254923328721851
ARL8B	-0.000177672078922334
EDEM1	-0.000855862085858679
CNTN6	-0.00458195164970395
CHL1	-0.00370099723249783
MEIS2	-0.00382107305641118
DPH6	0.00101943674483803
KATNBL1	0.000226001217010552
EMC7	-0.000284853457318317
GSTM1	0.000228851900907791
PRPF38B	0.000300420076986588
TSPAN2	1.6577639332122e-05
GSTM3	-0.00185060590347316
SYT6	0.00372987505647779
VAV3	0.000926578356217263
PSRC1	0.000544768641896158
HMGCS2	-0.00501475279257098
SORT1	3.38098466863438e-05
WNT2B	-0.00312204864550919
PTGFRN	-0.000882755256712105
LAMTOR5	-0.000544479854311514
NOTCH2	-0.000666035909367882
TRIM45	0.000677251153720851
CEPT1	0.000107306065774797
VTCN1	-3.89621088356141e-05
NGF	-0.00181132839692176
AP4B1	-1.51506155852449e-05
NAPG	-7.03454027931577e-05
SPIRE1	-0.000314207453746408
PPHLN1	0.000300250918052848
FKBP11	0.000322429577942868
ARF3	0.000355176077482198
TMEM106C	-0.000414816948147541
SLC38A2	0.00053267290349188
YWHAQ	7.90660530893246e-05
KIDINS220	-0.000536002564306269
GRHL1	-0.000132361121634925
ROCK2	-0.000201994877575796
MYCN	0.00174597473994162
LPIN1	-0.0011322432005885
IAH1	-0.00109682982251248
LDHA	-0.000195231682851438
IL6ST	-0.00301920762181892
FST	-0.00161608876760134
NAV1	-0.000116398513902556
CDC73	0.000485340543522289
TIMM17A	0.00015595460902715
RPS15A	-0.000407551428146162
RAX	-0.000489190158360202
NARS	0.000446647486984976
GRP	-0.00589980214786377
RELCH	0.000416685291751849
FBH1	-0.000211017407064024
RBM17	0.000152522465949845
ANKRD16	0.000447385733175514
ECHDC3	0.0011275202994117
CCNH	0.000466957288796902
TMEM241	0.000252743699677911
KCTD1	0.000196973625972749
CABLES1	0.0016049839172649
DOCK2	0.00253738104865002
EMP1	-0.00179737249390555
SOX5	-0.0025177228447443
RERG	-0.000453380861345229
SPX	0.000675868498214234
LRP4	-0.000311429534255976
DDB2	0.000816897403803841
ACP2	-0.000671505935047713
RTL8C	-0.000911895216144361
RAB33A	0.0028335579193214
SOX3	0.00129942106310616
RBMX2	0.000142723240105388
STK26	0.000412289809687208
PUM1	-8.03078818317839e-05
SPOCD1	-0.00125600503200576
YARS	0.000521265602829619
PHC2	-0.00186352504551257
CDCA8	0.000583052988395351
GNL2	0.000661249313609069
AGO4	-0.000649118612611035
HOOK1	0.00112689387654528
BTF3L4	0.00038706310583108
TUT4	-0.000922518404560547
PRPF38A	0.000361844425673685
DSC2	-0.000570071280207281
RNF138	0.000890057460073134
ELP2	0.000581918122190429
DSC3	-0.00123169710399164
DTNA	-0.000414749636026045
FHOD3	0.000712062961514121
TPGS2	5.86103922786549e-05
DAGLA	0.000285315826820795
SLC43A3	0.00161535802394153
TIMM10	0.000948215518387458
DHX34	0.000502642244371885
APLNR	-0.00305549113773098
FADS2	0.000618792537370286
TMEM258	-5.45894958185094e-05
TMEM165	9.64566680259113e-05
CLOCK	0.0003319789628247
PDGFRA	-0.0016602447755755
GGACT	-0.00071733094295715
COL4A2	-0.00222111692482891
CLDN10	0.00351346551603223
DZIP1	-0.000640280160010551
UBAC2	-6.13493735628587e-05
ARGLU1	-0.000401443409229107
BIVM	-0.00118902527123924
ERCC5	-0.000291842659080916
TPP2	0.000647014218890495
KDELC1	9.68170131841317e-06
CARS2	-3.29896788989311e-05
ARHGAP32	-0.000106690723955778
STT3A	-0.000221710769665439
ADAMTS8	0.0025727963598952
ETS1	-0.000292731069114784
TMED7	-0.000371823324941567
APC	-0.000320838637548697
NREP	-0.000570644057046963
WDR36	0.000794228227373086
OSTF1	-0.000452656819074218
RFK	-0.000808657375213837
UBQLN1	-5.21988032636985e-05
NAA35	0.000252062943432259
C9orf40	-0.000711989034023014
ANXA1	-0.0045968152298427
CTSL	-0.000860418556162577
CEMIP2	-0.000850331238093562
AGTPBP1	0.000589880804876072
GOLM1	2.98190681003347e-05
FAM189A2	0.00176814050303703
PSAT1	0.00094373297324683
ISCA1	0.00050707174927464
ADAM19	-0.00273508091979497
CCNJL	0.00147566417804534
TAOK3	-0.000408320746310013
USP30	-0.00065169877420677
MSI1	-0.000677237460411505
FBXO21	0.000354346382557493
TBX3	-0.00551653162128125
RNFT2	0.000599626827684773
P2RX4	-0.000920206739455771
BICDL1	0.000875919639778559
DTX1	0.000973180639222923
TRAFD1	-6.78672870456251e-05
DMTF1	-0.000152837956622717
TMEM243	-0.000114179988891921
CCDC146	-0.00152455439317185
TMEM60	0.00032994607753328
PNPLA8	-0.000346734640043343
HILPDA	0.000368742481184363
FAM71F1	0.00403992028786921
RINT1	0.00025467888172345
SRPK2	1.75795352848629e-05
TES	-0.000915437328474916
MDFIC	-0.000368761767964748
MTO1	0.000758264016771715
ANKRD6	-0.00180685348914637
KHDC1	0.000245680915320705
CEP162	0.000183467868225278
SYNCRIP	0.000751436611579293
SNX14	-0.00115546166143928
NT5E	-0.000781188447984839
MRAP2	0.00132045232232373
EPHA7	-0.00168403977837058
AKIRIN2	5.31198371364341e-05
ORC3	0.000913508471133461
LCA5	-0.000927927834250095
MAP3K7	-2.50597750634752e-05
PRR5L	-0.000714436399298448
LMO2	-0.00131666919118186
PHF21A	-2.91109162168848e-05
NAT10	0.00110998313284212
CAPRIN1	0.000178591977297653
ATP5MC2	-0.000171601058175593
DNAJC14	-4.17245356534732e-06
CD63	-0.000998176538958309
PRPH	-0.0030084155537994
AVIL	4.50770513574357e-05
AMHR2	-0.00480574331210767
GDF11	-0.000216400130674117
GLS2	0.00253219864533951
ITGA7	0.000481491304853834
RDH5	2.81922266184077e-06
BLOC1S1	0.000135774549793678
CDK4	7.29044528426804e-05
PPP1R1A	0.000208451107190606
TROAP	0.000432259562169241
TSPAN31	-0.000822374149054292
TFCP2	0.000199488268670779
COQ10A	0.000303919355048149
FAIM2	0.00128101452979668
PAN2	-0.000589007068999096
ESPL1	0.00072040141311102
KRT7	0.000178475348840385
ZC3H10	0.000614932005140216
HNRNPA1	-1.59301521933209e-05
SLC26A10	-0.000563875063842824
ACVR1B	-0.000379444970261616
OS9	-0.000736211713552366
LTV1	0.00103404058069343
MAP7	0.00202491592265961
CD164	-0.000737596762974675
AFG1L	0.000534646383106915
NHSL1	-0.000300757058792026
AHI1	-0.000125720170189358
HEY2	0.00139497749954718
PKIB	0.000267795705651645
SMPD2	0.000390434278445437
MICAL1	-0.000180585415939015
REPS1	0.000471282068994753
PRADC1	-0.000709380550754228
SEMA4F	-0.000577277398371296
CCT7	0.000284813223474139
RAB11FIP5	-0.000351857579832449
SMYD5	0.000852331666968561
DYSF	0.00120667733567227
CCDC142	-0.000137882646608542
EMX1	0.00288318809801404
KCNMB4	-0.000109952826011141
USP15	0.000232633594088545
GNS	-0.00113041140671649
CPM	-0.0013227867775843
MDM2	1.98522923395836e-05
KLHL36	-1.07510768717111e-05
BCO1	-0.000796666293262393
MPHOSPH6	0.000467333868451901
KIAA0513	-0.000134215135152111
DYNC1LI2	-0.000320125056832939
FHOD1	0.000309959884110879
CCDC102A	-0.000434683069601902
SLC9A5	0.000628472700734787
AGT	-0.00209279794342884
ZNF670-ZNF695	0.00104147974115224
PCNX2	0.00173728627201661
KCNK1	0.000394818630561269
URB2	0.00158479513838517
EGLN1	-0.000736526320804249
COG2	0.000548366128376673
ABCB10	-0.000371842057623788
NTPCR	0.000649933033840392
TAF5L	0.000617941532208168
GLUL	-0.000465862230296826
STX6	0.000944608210098344
DHX9	0.000494046485115048
KIAA1614	-0.000120436501301043
CEP350	0.000236300050066568
NPL	0.000190180702190314
FAM129A	0.00158997219139198
PIGC	-0.00022749862337126
LAMC1	-0.000527139775001412
RC3H1	0.000347915025097049
SP110	0.00177664538029518
MRPL44	0.000662006838537749
PAX3	-0.00210078568952603
DOCK10	0.000310250340096994
TTLL4	0.00045008478216982
USP37	0.00113843403472066
ITM2C	-0.000106288481614942
SLC19A3	0.00151567489484428
SERPINE2	-0.00168826335029292
DNAJB2	-0.00131546496055227
TMBIM1	-0.000758440202029899
CYP27A1	-0.00134030497023075
EIF4E2	2.14172018361844e-05
ARMC9	-2.9956711778098e-05
CAB39	2.3482957875281e-05
COX5B	0.000176831055128232
REV1	0.000200560047666281
TSGA10	0.000673227375682966
MFSD9	-2.33945125379311e-05
TMEM127	-0.000231255453471855
TGFBRAP1	0.000522263296176026
GCC2	0.00030624971501192
MRPS9	0.00101092836541282
C2orf49	-3.37887049434297e-05
EPC2	0.000245121031402208
ARHGEF4	-0.000800803551477145
ISCU	1.2996506928638e-05
ALDH1L2	0.000620760572092945
USP44	0.00478072595214503
SCYL2	-0.000396371282521065
CKAP4	-0.00120717230443576
PLXNC1	-0.000529619573457317
APPL2	-0.000493558419166919
PWP1	0.00057492503155897
DRAM1	0.000409791216966691
WASHC4	0.000317495702611198
SLC41A2	0.000261408668055592
VILL	3.02843008225716e-05
FLNB	-0.00067321459714092
NEK3	-0.000537878579699934
PCDH8	-0.000427955420003373
VPS36	-0.000462160529124956
RNASEH2B	0.000969974292896944
CKAP2	8.68275182755322e-05
CNMD	0.00671574882402012
TBC1D4	0.00148465964492961
BORA	0.000523482441585776
LRCH1	-0.000382632121999224
SUCLA2	6.11451129825785e-05
RCBTB1	6.5297496671517e-05
MED4	5.16249544662343e-06
PHF11	6.76956092780477e-05
COG3	-0.000200248950612525
LMO7	-0.000301987968505946
ITM2B	-0.000913050862325764
SPRY2	-0.000603020382440283
NUDT15	0.000485332414467528
EDNRB	0.00105851120261075
RCBTB2	2.5976392326683e-05
LCP1	-0.000780395091683696
SETDB2	-7.71997049032613e-05
SCRN1	-0.000855753500801767
TNS3	-0.00106459076840834
CHST12	-0.000244922130809549
IGF2BP3	0.00109100323365479
GPNMB	0.000410930666638225
RAPGEF5	0.000501182858227487
RAC1	-3.18655288689469e-05
KDELR2	-0.00126386187303157
NUPL2	0.000196550790977887
ZDHHC4	-0.000397447795498394
AOAH	-0.00175375512633722
BZW2	0.000144172253863299
TBRG4	0.000764752404467775
DDX56	0.000211420208242297
HUS1	0.000311764970102266
NACAD	-0.000330593825181314
DBNL	-0.000552489467198032
CCM2	-0.000400482430065706
TTYH3	-0.000554987300333973
CIDEB	0.000491005813504026
TTC5	-1.62983757815543e-05
ZFHX2	0.00162000638103547
MTHFS	0.000350756743701915
ADAMTS7	0.000107153555290787
ABHD17C	0.00101413885867792
IREB2	0.000215688205724581
ALPK3	-0.000319725415992146
TM6SF1	0.000602206075677929
CIB2	0.000644517813922898
CALCOCO2	-0.000774265989156436
RSAD1	0.000607790861372369
NMT1	5.84171345969805e-05
SRSF1	0.000375373906095347
VEZF1	-0.000112679696070836
TACO1	0.000422231436708548
TEX2	-0.000341374963545185
DCAF7	-0.000362219585477965
LIMD2	8.90626929457939e-05
BRIP1	0.000790692709204814
KAT7	0.00140797776146774
ACTL6A	0.000379841848447942
NDUFB5	-0.000294538230088691
MRPL47	0.000557450045230122
TRA2B	0.000380986769435873
MARCH7	7.51474930400691e-05
TANK	-0.000286070430943944
GATA4	-0.00584868045171309
SKIL	0.000330486072797383
EPRS	0.000624933917107354
HLX	-0.00266146859748578
VPS45	-6.80033414010537e-05
KCTD3	0.000510109424844506
RPS6KC1	-2.03159233877458e-05
CBWD2	0.000280469714483734
SMPD4	0.000419331249051165
WDR33	0.000314482057011992
CCDC115	0.0003031502801803
SAP130	0.00064224007056954
BIN1	-0.00019956644939928
IMP4	0.000663298989348525
HS6ST1	-0.000468858972153036
UGGT1	0.000242020417142951
GYPC	-0.000407736978487452
STAM	0.000230734368084208
ABI1	-0.00012006372301624
YME1L1	9.2579185727874e-05
DNAJC1	-0.000956116167324671
NIPSNAP3A	-0.00112951096862138
LRRC8A	0.000620958516569074
CDK9	0.000181245587198412
TXN	0.000127272200857029
ODF2	-0.00113679358307445
ECPAS	0.000947274873106094
TOR1B	8.55515454002266e-05
C9orf78	0.000396999056479305
SMC2	0.000866621587260607
TOR1A	-1.5210717256801e-05
RALGPS1	0.00105257345065453
FAM129B	-0.000195678004880022
ST6GALNAC4	0.000871286529074185
TMOD1	-0.00144953609215129
DAB2IP	-0.000295178615750417
STXBP1	0.00110370328700624
SLC2A8	0.000178428681038741
ANGPTL2	-0.000761839058403459
CDK5RAP2	-0.000148884626242879
ZFP37	0.000548725427359426
SLC31A2	-0.000412596418496977
SLC31A1	0.000480884544319471
ZNF189	-0.000329949621324181
STX17	-0.000165229729149984
PRPF4	0.000394071269935183
FPGS	0.000499582135920006
USP20	-0.000431089175162141
ATP6V1G1	-0.000159919326629221
TEX10	0.00128907879095512
GARNL3	0.000132360955551086
MRPL50	0.000843444498872305
DPM2	0.000420142887745725
TSTD2	-0.000187963031096865
PSMB7	6.69620926063952e-05
TRMO	-0.000123303745943303
RABEPK	0.000509630275258167
GOLGA1	-0.000300727930076146
XPA	-0.000799354608958494
NCBP1	0.000695758001043262
ANP32B	-0.00113462383197419
PDCL	-0.00017065672736339
RPL35	-0.000202597312845453
CTSV	0.000277726787530857
LMX1B	-0.0028520218182846
ARPC5L	0.000368069695212703
ENPP2	-0.00201225978470434
DSCC1	0.00207598360166447
DERL1	6.93954087274787e-05
MYC	0.00043032829829166
DMAC1	0.000200443630858286
RANBP6	-2.03625350465843e-05
POLR1E	0.000738662979762267
PLAA	0.000782153338631191
IL11RA	-0.00199470823512869
UBAP2	0.00014105282496762
APTX	0.000149571363641925
RNF38	0.000395662157721611
TLN1	-0.00089105361764142
SIT1	0.00978572230441946
DNAJB5	0.000291338691569039
SPAG8	-0.000975348802934673
DCTN3	-0.00150489992926634
CD72	0.000894754676112213
TMEM8B	-0.00129405580188045
GRHPR	-0.000316338048138796
ALDH1B1	0.00129070220174075
HINT2	-0.000180151549706597
ARHGEF39	0.00060445664078818
IGFBPL1	-7.07668146697264e-05
DENND4C	2.3960686994621e-05
RPS6	-0.000179519188183235
CNPY3	0.000142966587605999
FOXP4	-0.00146443129676008
PPIL1	0.000929018004928049
KLC4	-0.000459928337547295
KIF13A	0.000673170256436353
ZSCAN9	-0.000495347169387735
PIM1	-6.57314805045679e-05
GMPR	-0.00252367379538713
CMTR1	-9.68045246811986e-05
TFAP2A	-0.00320459629323727
YIPF3	-0.000587425537863618
TMEM14B	5.03914874974148e-05
TMEM63B	0.000226103733697289
FRS3	-0.000603792187223092
TJAP1	0.000126530050337033
SLC22A23	0.000696777240731469
TUBB2A	-0.000464345928223813
LRRC1	-0.000294467702760325
FOXF2	-0.00615426906604286
BPHL	0.000339955400520611
RIPK1	0.000212181757922858
TUBB2B	6.26701972108683e-05
UQCC2	-4.18541100478197e-05
HMGA1	0.000987713080811454
TCF19	0.000621037612275504
FLOT1	-0.00037702054744691
IER3	-0.00242325369485555
MDC1	0.000267030661661076
PGBD1	0.000245699739536265
ATAT1	-0.000962594159254824
TPMT	0.000945640072654981
RNF144B	0.00222306661979488
NRM	-0.000191296720101902
MTCH1	-0.000247495999184119
VARS2	0.000305156459451818
TAF8	0.000576446045098696
FAM8A1	-0.000915559573585138
C6orf52	-5.20449875131295e-05
CPEB2	-0.00174500404845019
FHDC1	0.00204333479721243
MGARP	0.000778024987127763
FCHSD2	-0.000480338341155686
ARRB1	-0.0018548533461582
SLCO2B1	-0.00221072464400678
THAP12	-0.00010785196389428
ANKRD42	-0.000702731872574584
IL18BP	0.000284196916809814
NUMA1	-0.000542851504026794
CCDC90B	-0.000401856029339443
SYTL2	-0.000458881834765955
RAB30	-8.39493503133492e-05
CREBZF	-3.31401530755002e-05
LRRC32	-0.00203917544732608
PRCP	6.68957579234326e-05
NARS2	0.000403603838903579
RNF121	-4.10803560088189e-05
MRPL15	0.00072913105327486
GGH	-0.000975418512987596
SULF1	-0.00260636539701788
TGS1	0.0012459357155078
SDCBP	-0.000836066698009859
NEK1	6.52484710679378e-05
SORL1	0.00168439798469493
BUD13	0.000528593244302193
CFAP300	7.41365573356951e-05
DCUN1D5	0.000881026106384913
YAP1	-0.000644674991553477
SLC37A4	4.91674895412569e-05
RDX	-0.00031499804061418
PPP2R1B	0.000501687657068946
FDX1	0.000205230286335198
C11orf1	0.000170036918482389
FXYD6	-0.000725307334380433
ALKBH8	0.0011750880646233
MAP2K5	-2.99517540486381e-05
CTDSPL2	0.000352388521795339
SLTM	0.000959504665917031
THBS1	-0.00123894088507251
MAPKBP1	2.32614879148579e-05
NUSAP1	0.000320901415025658
NDUFAF1	9.40704965129964e-05
KIF23	0.000728391118226699
ITGA11	-0.00360146108824003
KNL1	0.000191378616961353
HAUS2	0.000409560483920946
RTF1	2.13085201843764e-05
PARP6	-0.000870707876534458
RPLP1	-0.000164278819034284
PAQR5	0.0013731116235266
LRRC49	0.000248364020362338
TUBGCP4	-5.18562239355589e-05
RMDN3	-0.00016100589906385
UACA	-0.000677880390178812
SMAD6	-0.00374914740028686
PLCB2	0.00136412886274761
TMEM62	-0.000679546979163841
PAK6	0.000996972167603386
ADAM10	-0.000456777752821491
STRA6	-0.000781554667125724
ZNF280D	0.000442488830906944
SEMA6D	-0.0012720171949896
RSL24D1	0.000306524928163357
GCOM1	0.00122978115977005
GCHFR	0.000259705065845376
BCAR3	-0.0017283500434151
TTLL7	-0.000188702806404346
FNBP1L	0.000161613451919675
KYAT3	0.000769060116818213
GTF2B	-0.000368127596692292
RABGGTB	0.000533507408308986
ARHGAP29	-0.00334853971794517
SLC44A5	-0.000506320382163933
DBT	0.000718224711019578
RTCA	-0.000202196846781842
IFT172	-0.000255083402189633
SELENOI	-0.000164545452358637
CGREF1	0.00199512982392179
HADHB	-4.85961588569419e-05
KHK	0.00237336571708972
ADCY3	0.000402739472688758
PPM1B	0.00149772365256589
PNPT1	0.000640874106510781
DYNC2LI1	-0.0010387498625182
THUMPD2	0.000989196543311252
CYP1B1	-0.00227739173058355
RAB1A	-0.000568805822748933
ACTR2	-0.000497430817056214
PREB	6.43299751721754e-05
SLC5A6	0.000745562054390868
PREPL	-0.000165244741588193
EMILIN1	-0.00151578642952235
FBXO11	-0.000207859359104321
SIX3	-0.0022823423834018
ATRAID	-0.000165333917390363
CENPO	0.000762912865085407
LRPPRC	0.00108284075780514
TRIM54	0.00640061209542118
DTNB	0.000838832261961918
ACTR1A	-0.0003154854836452
MFSD13A	0.00198919947660618
MYOF	-0.00350378547793054
LOXL4	-0.00348765179015479
ATAD1	-0.000290290260548517
KIF11	0.000873129728170589
CUZD1	0.00756477868315696
TACC2	0.000903605895303793
DUSP5	-0.000330003954734217
CALHM2	-1.59703847311586e-05
ARL3	2.99271981431172e-05
CEP55	-0.000161346838451268
KIF20B	0.00133217842451983
ENTPD1	0.000241875349817536
EXOC6	-0.00067679496360189
PLCE1	-0.00468906773331111
RBP4	-0.00186308347562276
DBR1	0.000508695264900544
DNAJC13	-4.22661708163206e-05
GPR87	-0.0041808974309378
ANXA7	3.74947078115854e-05
FAM149B1	-0.000240439079112855
ASCC1	0.000289261504699967
RPS24	-0.000329212712714334
TET1	0.00129625003784788
DNA2	0.0014515616769099
AOX1	0.00126179668517416
ATIC	0.000940472015290504
SMARCAL1	-1.67456844586747e-05
BARD1	0.000583203252898002
CARF	-0.000479928124940085
ASNSD1	0.000196355652480351
METTL5	0.000495400816621348
SSB	0.000623787437274665
NAB1	-0.00033315204446706
PPIG	0.000538865025480981
FASTKD1	0.000946020025127234
HECW2	-0.000530738632979013
IDH1	0.000727481162641292
OLA1	0.000180026475142385
CIR1	-0.000270764158399726
ITPRID2	-0.00249126731584668
FAM117B	0.000406426774484586
WDR12	0.00114949410799201
ABI2	0.00031311495296227
ITGAV	-0.00176114089205251
SLC40A1	-0.00635397250955758
SLC35A5	5.7965945069422e-05
DIRC2	-0.000180459460042524
SENP7	-0.00126160040809969
COX17	-2.11832857705207e-05
PARP9	4.82195020694678e-05
MNS1	0.00117671090193178
USP8	0.00041607330598372
SECISBP2L	-0.000540627768854324
TMOD3	-0.000361065635331802
SPPL2A	1.70273379114043e-05
GLCE	0.000827814308799394
SHF	-3.58534200612621e-05
APH1B	0.000965191555611814
INTS14	0.000244285876533933
PARP16	-0.000269002356092523
PPCDC	0.000877026393189771
HCN4	0.00274260328630415
SEMA7A	-0.000226382727815274
UBL7	0.000367251645785396
ARHGAP24	-0.0041159854678993
FAM13A	0.000139666317995101
HERC3	-0.000381186582796399
HERC6	0.00124142938532769
HERC5	0.00300444108847706
PCDH10	-0.00350829741611177
ZGRF1	0.00097632504533507
AP1AR	0.000714088934719702
COPS4	-4.81320398777103e-05
HNRNPD	0.000432077275040715
RASGEF1B	-0.00111249112110044
SEC31A	-0.000751427502021657
FGF2	0.00291457724241745
BBS7	8.66381070114335e-05
KIAA1109	-0.00014966544647998
RAP1GDS1	-0.000399455623445519
LARP1B	0.00086127517769702
MMRN1	-0.00312264817961361
PDE5A	0.000328795172363987
PRDM5	0.000997939757429558
NAAA	0.00127251200965262
NUP54	0.000868007149499561
BMP2K	0.00023300841819144
G3BP2	0.000694690411302547
SEPT11	-0.000787008002179725
FRAS1	0.000711476266224972
SCARB2	-0.000909385328962156
CCNG2	-0.00177434196035067
CNOT6L	-0.000162801236163551
USO1	0.00099607100290037
SHROOM3	-2.46950323924675e-05
ANXA3	-0.00159558360842067
PPA2	-0.000232370474831561
CENPE	0.000732130635791852
GSTCD	0.000448288116343382
INTS12	-0.000182595127852703
ENPEP	-0.00173601463014853
CASP6	8.04044640267224e-05
LEF1	-0.00208222401414898
HADH	0.000286968834561504
EGF	-0.00127527062011409
PAPSS1	-0.000197157303948787
SEC24B	-0.000389390992551988
PPP3CA	0.000223477814465776
SLC39A8	-0.000378181002797772
MTTP	0.000899102101830127
FBN2	-0.00235975383643145
MAPK8IP3	-0.000951829445112136
RGS3	-0.00116010465931018
GUCD1	0.000283592814478732
RNF185	-3.82293274632742e-05
SHISAL1	0.00150308327889086
B4GALNT3	0.000127510952057579
ERP27	-0.00670030310110642
ETV6	0.000440684339479556
GABARAPL1	-0.000740648807530084
KIF21A	0.000200528233338315
CPNE8	-0.000552113836893198
YARS2	0.00072189177266458
FGD4	0.00145943327344378
ALG10	4.60033085798598e-05
SINHCAF	0.000746330270159039
AEBP2	0.000938772731911177
ETNK1	0.000283284366216711
ZCRB1	6.64376208733133e-05
TMEM117	-0.000574405082779197
PRICKLE1	0.00106948457848755
C1RL	-0.000651125058665234
NDUFA9	8.53006077882927e-05
CLSTN3	-0.00130899074131351
KLRG1	0.0019988902211849
VAMP1	0.000497697212129329
RBP5	-0.0010071078694373
PEX5	0.00027263336265052
PIANP	0.00012411240497932
SLC38A4	0.00311874242612147
AMIGO2	-0.00176117034525184
SCAF11	-0.000268785762019076
COL2A1	-0.00302163929445498
LLPH	0.000502376361816127
LRIG3	-0.00229821632061671
MARCH9	-0.000302768878119835
INHBE	0.00256777999585225
GLIPR1	-0.00282208755441164
PHLDA1	0.000920418968519259
TMEM19	-0.000146631496286725
LGR5	-0.00462006397253623
DUSP6	0.000851420263856846
POC1B	-7.65112575376227e-05
TMTC3	0.00036898765879733
LUM	-0.00447202929291802
SNRPF	0.000701400494170313
NEDD1	-8.72634902596738e-05
ASCL1	-0.00328396362494931
GAS2L3	-8.9645865336496e-05
TMEM132B	0.00283742742709447
SLC15A4	-0.000103894265924065
TDG	0.000352680217658498
RITA1	0.000634975581097731
SDSL	-0.00170862476969827
MMAB	-1.9388404006258e-05
GLTP	-1.31405777902947e-05
GIT2	-0.000314469797818759
TCHP	-0.000635292504491574
FAM222A	-0.00222774400872116
NUP58	0.000312283883097443
MTMR6	-0.000397922695946561
SLC46A3	-0.00199980419825853
SLC7A1	0.00120423424955091
LNX2	0.000405483102683922
SUOX	0.000139029632292502
CCDC65	-0.000548001170621816
SLC39A5	-0.00194468814727925
TARBP2	0.000437617598765675
NABP2	0.000860717040785454
N4BP2L1	7.67516663266524e-05
SMARCC2	-0.000292246933321376
BRCA2	0.00134343657311626
KANSL2	9.21772723400767e-05
CERS5	-0.000100576953162457
MAP3K12	0.000524475017310456
ITGB7	-0.000498196392865003
GALNT6	0.000249534049495705
CSAD	-0.00146442574392031
LMBR1L	-0.000691463990290596
C12orf10	0.00036976410958324
ESYT1	-2.86413979969807e-05
TMBIM6	-0.000319751996398777
ANKRD52	-0.000363811078828411
ZNF740	-0.000387899224100131
WDFY2	0.000798968145931848
HNRNPA1L2	0.000187636263108117
LPAR6	-0.00137285715126144
ESD	-0.000557968499040668
RB1	-0.000337129151518873
SBNO1	0.00052441795427766
SETD1B	-7.30194302727584e-05
VPS33A	0.000433672157032243
VPS37B	-0.000772964213884749
RHOF	6.45960250550259e-05
DENR	0.000294030810358738
DIAPH3	0.000158424386448503
SLAIN1	0.000879438986279947
RBM26	0.000263075816114846
MBNL2	-0.00233548522887402
ZIC5	0.00198680247759702
ABHD13	-0.000136751561153445
RAB20	0.000577040111828585
GRTP1	0.00212399009390243
CUL4A	0.000401919524727905
CDH24	-0.000641940422530555
NOVA1	-0.000286996930171376
TMX1	0.00125578135901599
FRMD6	-0.00152310914495406
PELI2	0.00110917916915453
RTN1	-0.000862023795382569
ARMH4	0.000338786812825309
SLC38A6	0.000215189886925228
NAA30	5.71784282204612e-05
DCAF5	-0.000875236370202531
RAB15	0.000605913903134513
WDR89	0.00108072785635833
STON2	0.000195982416589761
EFCAB11	4.5029081406717e-05
PTGR2	0.000880621924044759
JDP2	-0.00107084578531003
FBLN5	-0.00245480694487439
CLBA1	-0.00103184279582768
WARS	-0.000159344534824336
WDR20	0.00020461308770862
NIPA2	0.000290202003004389
SLC12A6	-0.000242039908914604
MFAP1	0.000218608570255597
TCF12	-0.000620209375881972
SORD	0.00121166450257271
SERF2	-0.000365707865464859
ZSCAN29	0.00025504959688235
SLC27A2	0.00183427721084997
BNIP2	4.59439216134908e-05
GTF2A2	-0.000447989375693376
SRP14	-0.000476659304141972
BAHD1	0.000842654645030379
CDAN1	-0.000377976295213352
TLE3	-0.000554038417520419
ANP32A	0.000158981633045373
COMMD4	0.000404365236830425
UBE2Q2	-0.000148586292554193
ETFA	-0.000627156851752477
HMG20A	0.000358358947517535
SCAPER	-0.00033225766553522
TSPAN3	-0.000929771794654777
WDR61	0.000176494193407129
NCOA2	0.000324843769425236
NEIL1	-0.000172417286180198
MAN2C1	-0.000822021845046337
DNAJA4	0.00175538668308805
TLNRD1	-0.000535438167649242
TPM1	-0.00104123079245117
IGF1R	-0.000243004927333912
ARRDC4	-0.000513568564831844
PIF1	0.00166573170449028
USP3	-0.000377267019118832
CYP11A1	0.000596196998341948
BBS4	8.74203968191989e-05
PML	0.000207409884037364
CYP1A1	-0.000897881259320582
LINS1	0.000219013355813466
ULK3	0.000300110820076915
PCSK6	-0.00164263525109997
SCAMP2	-0.000491054610792389
HAPLN3	0.00281685093549385
POLG	3.19292168430158e-05
FANCI	0.000806784486994342
ABHD2	-7.58341703390584e-05
TICRR	0.00135497028614663
NTRK3	0.00130302944846004
DET1	0.000109498897872258
MFGE8	0.00158110143447848
ZNF710	-0.000506199616370478
UNC45A	0.000188022961182681
ST8SIA2	-0.00140178179842436
MCTP2	-0.000369509601701131
FURIN	-0.00160743402178685
IQGAP1	-0.000132104321779427
CRTC3	-0.00123503971399681
EFL1	0.000583957205970568
SH3GL3	0.000774317294535661
SEC11A	8.07848457131207e-05
GLYR1	0.000420532223012819
PMM2	0.000649412640836909
TGFB1I1	-0.00144477457345853
C16orf58	-0.000692529466127069
ARMC5	0.000132910999128459
PARN	0.000780032590792313
FTO	-0.000180750151420237
UQCRC2	-6.3112116872484e-05
CDR2	7.9477855092711e-05
ARHGAP17	4.4662104888989e-05
NKD1	-0.00171573588477642
DHX38	-0.000114450808528987
TXNL4B	5.43685317285814e-05
MARVELD3	0.00205711783559548
CHST4	0.00801984209467781
ZFHX3	-0.002410288517313
CPNE2	-0.00099164266916062
KATNB1	0.000535752981294177
KIFC3	-0.00237064178516977
ADAMTS18	-0.00503220558415726
NUDT7	0.000494214102276474
GCSH	0.000638278276442502
CMTM3	-0.00154941514063206
CDH11	-0.0030138444532063
NOL3	-0.00102687775245648
MAP1LC3B	-0.000532791556066329
MBTPS1	-0.000684134062549008
CDH13	-0.00159044024544966
ZCCHC14	0.000109669298065884
TLDC1	-0.000211888640241504
RHOT2	0.000204393146094104
ZSCAN32	0.000269264904728274
RPS2	-0.000323505926312956
NDUFB10	0.000150032389061253
PDPK1	-0.000232009635415295
TIGD7	0.000256048760099266
DEF8	-0.000265764815241618
TCF25	-0.000894534343592749
GALNS	-0.000228648830247247
GAS8	0.000331238038028397
MED9	0.000309193686796954
NCOR1	0.000254879946160187
COPS3	0.00037768919934774
GID4	-0.000188482518476648
ZNF287	7.24765369286461e-05
MYOCD	-0.00179325372619575
KSR1	-0.000584425832100509
UTP4	0.00107137064364464
RANBP10	1.15902594241971e-05
CTRL	0.00105912651474319
DPEP3	0.00784681981737849
GFOD2	0.000391378609332768
NOB1	0.000816025854896611
PRPSAP2	3.40439615094832e-05
PCTP	-0.000558403216261875
TOM1L1	0.000809978266236865
C17orf80	0.000261087484947525
TOB1	7.09150812662867e-05
VPS53	-0.000126475773346237
SGSM2	-0.000361612108990921
NPEPPS	-0.000397570794930124
SCRN2	-0.000413168663357653
SSH2	-4.33321182858653e-05
RHBDL3	0.00295465085417272
ARSG	0.000468156460405989
G6PC3	0.000497553927479351
CLTC	-4.43301993974795e-07
BCAS3	0.000114030960660333
PTRH2	0.00081376597647827
SS18	-0.000303293679818447
TAF4B	0.00257634414579417
AFG3L2	0.000857381970093155
PRELID3A	0.000986481053384732
IMPA2	0.000866298659131519
GNAL	0.000276374475853873
SLC39A6	-0.000300518723069126
RPRD1A	0.000616567847627993
C18orf21	0.00071465465435306
GALNT1	-0.000139815836508618
ASXL3	-0.00229878593662517
ADCYAP1	-0.00312700566268404
GAREM1	0.000443694298945157
ESCO1	0.000902097915282967
OSBPL1A	0.000921292333606319
GATA6	-0.00661598878640007
GREB1L	-0.00137437591237792
RMC1	-8.88710024524746e-05
PELP1	0.000776365681649282
NPC1	-0.000170112888650272
ARRB2	0.000966022061329528
SLC13A5	-0.00032879148020098
WRAP53	0.000803355716890011
MINK1	-5.51988579877882e-05
SAT2	-0.000283565646954164
ASGR1	-0.000473795163041085
PIK3R5	0.00104612082076442
TP53	0.00112148562358059
CCDC40	-0.000252474414168614
ARHGDIA	-0.00089875036300567
TMC6	-0.00016796111932505
SLC16A3	-0.00302804126969571
TTYH2	-0.000377228271737209
RAB40B	-0.00076764892987982
EIF4A3	0.000630187893713527
CSNK1D	-0.000419654248016765
ANAPC11	-1.14456812887282e-06
TBCD	0.000324414093479137
FN3KRP	-0.000212536432551951
NARF	-4.27147594951883e-05
RPTOR	1.38443899341889e-05
FOXK2	7.74838156592997e-07
TRIM65	0.000688562202860363
CBX8	-0.00243460862164933
RNF157	0.000498989804349103
CEP131	0.00023341673209609
WDR45B	0.000245140397141848
CBX4	-0.00180045251869331
RNF165	-0.000230928833960834
DYM	5.44960362350779e-05
MAPK4	0.000179359010123087
ELAC1	-6.42621437881197e-05
MBD1	-0.000487194651400823
SMAD4	4.64931310465888e-05
TNFRSF11A	0.00418873584251343
ZCCHC2	0.00062725660451823
CBLN2	-0.00373673380588524
PMAIP1	0.00245223538132092
P3H4	-0.00094998653656535
NT5C3B	1.18904341384856e-05
RETREG3	-0.000338900014107335
ERBB2	0.00137097952174191
GRB7	0.00191678824839034
MIEN1	-0.000187280488073952
PNMT	0.00348169735492704
IGFBP4	0.00032367989748228
FKBP10	-0.000831033610449422
TXNL4A	0.000244698404968654
CACNA1A	0.0014969738236423
SAMD1	0.000192896712039064
BRD4	0.00017097451112305
SLC39A3	0.000461791893669506
NFIC	-3.16593152052975e-05
TPGS1	-0.000216822765248541
PLPP2	0.00321095744154525
PRDM15	0.000543002500143379
PFKL	-0.000849203638358892
FEM1A	0.000414874192935306
MVB12A	-0.000416243266476204
SH3GL1	-0.000161233502268415
DUS3L	0.00067065422764611
DPP9	0.000233469516598028
CCDC97	-0.000149079725365095
TMEM91	-0.00126188383291184
ZFP14	0.0002755172794803
SIRT3	-0.000313901680558371
IFITM3	-0.00100044121565297
PGGHG	-0.000202786361306535
HUNK	-0.000534128495245562
COL6A1	-0.00126423314948263
IFNAR1	-0.000179094289654251
SOD1	4.44017912540138e-05
COL6A2	-0.00190892299708629
SIK1	-0.00026210926655
TRPM2	-0.00180029501620272
SCYL1	-0.000573729718948162
TMEM50B	-0.000893526036854434
APP	-0.00085988576858292
DOP1B	9.66254581021713e-05
URB1	0.00107719777809991
AKT1	-0.00121077228570093
EMP3	-0.0014201897675895
SAE1	0.000322689589407647
LMTK3	0.000352141100887364
GEMIN7	0.00029243752578627
CBLC	0.00248143589702584
WTIP	-0.00117420159459214
ADAMTS10	-0.000891389415981168
RNPEPL1	-0.00137860338060338
CAPN10	-5.42554022021492e-05
MYO1F	0.00195594755696284
ZNF787	0.000405475251745843
TIMM29	0.000176855760205925
FBN3	-0.000266320370248536
CARM1	0.00056964941729288
EVI5L	-0.000447849517021079
SLC47A1	-0.000868372919803572
PSMB6	0.000400788143872372
ZNF473	7.04057789423142e-05
FAM71E1	0.000197170421993367
RPS11	-0.000479470457264173
RPL13A	-0.000325696401802836
CTU1	0.000380004593257724
NOSIP	0.000163163273481913
IGLON5	8.63123200186073e-05
RCN3	0.000234899296608237
ZNF614	0.000416798719540262
RERE	-0.000327804494746518
MMEL1	0.00047848685446525
PRDM16	-0.00166048123995231
EPHA2	-0.00154644417212656
ARHGEF19	0.00150788794504922
EFHD2	-0.000128141442809986
PEX14	-3.05474202626571e-05
PGD	0.000442795134390194
SH3BGRL3	-0.000700908224415936
CNKSR1	0.000267895568044771
RPL11	-0.000254392171973815
ZNF593	4.24982482064913e-05
C1orf216	0.000517299623650253
KIAA0319L	-5.79227780007909e-05
EVA1B	-0.00199757961010082
C1orf94	0.00737309475123052
PLK4	0.000919333150519075
MAP3K6	-0.000443023726308976
GPN2	0.00039353044970067
SYTL1	-0.000102465467556555
WDTC1	-0.00101387990535231
NBPF3	5.80355779353447e-05
HSPG2	-0.000900146229914918
ITGB3BP	0.000351657734968912
SERBP1	0.000845644328378049
BCL10	0.000615651630909038
CYR61	-0.0013885122925943
PRKACB	3.02598230932036e-05
PIGK	8.92608718111381e-05
TINAGL1	-0.000520198445153727
AZIN2	-0.00259279624632213
RPS8	-0.00039924394075175
KIF2C	0.000734246442372878
PTPRF	-0.000327527043350076
MOB3C	0.0011729946027758
LMO4	7.36107135348949e-05
MTF2	0.000859097467935836
SLC44A3	-0.000273369507802214
IGSF3	-1.81692516289161e-05
ZNF697	0.000210839718586277
CTTNBP2NL	-3.62760893850852e-05
STRIP1	-9.51198341023041e-05
PSMA5	0.000479966424765193
CELSR2	0.000551179026841157
GPR161	-0.00111532492907836
ALDH9A1	0.000476496795435463
ATP1B1	-0.000972926006302154
TIPRL	-0.000416110374298253
NME7	-0.000358877207384795
POGK	-0.000166282348387142
MPC2	-0.000372329804455505
CREG1	-0.000138556331545236
DCAF6	-0.000461997600815668
RXRG	-0.00840173566578887
UCK2	0.00084876004381699
TMCO1	-0.00041347474595398
POU2F1	0.000959752213177746
ILDR2	-0.00200016667242628
MGST3	-0.000280769681679985
COP1	3.12426367437997e-05
UFC1	-0.00016354795178577
PPOX	0.000134335048511441
NUF2	-3.05878915968193e-06
SDHC	-6.69554121421202e-05
PFDN2	-6.42004339899782e-05
NR1I3	0.000620756844562209
USP21	-0.00023223013284173
PRCC	1.39717096411325e-05
RRNAD1	2.75574142364673e-05
MRPL24	0.000156482409232846
PIGM	0.000417649667850703
ISG20L2	0.000594920470413031
CRABP2	-0.00159737640421034
HDGF	-0.000254918456854622
ABL2	8.81354889313766e-05
XPR1	0.000111760023631995
RGS16	-0.000183583811494501
TOR1AIP1	-5.58724868840081e-05
FAM163A	0.000548183941277622
HMCN1	-0.000461847038720123
RGL1	-0.00156485803943587
LYPLAL1	9.69068666915043e-05
LHX9	-0.00736399023464184
PRUNE1	0.0003487149722923
TUFT1	-0.000800712479955914
SF3B4	0.000537776017997749
ECM1	-0.00292585031516041
ZNF687	0.000746588645601188
TARS2	0.000246519860866612
CGN	0.0010579226711679
SNX27	0.000569269185451971
SETDB1	8.38166469863673e-05
ADAMTSL4	-0.00139076078253716
MCL1	5.82111204738967e-05
CTSK	-0.000579529272707151
RFX5	0.000298903292408932
PI4KB	-0.000385420908295389
PIP5K1A	-7.16818341707963e-05
ANP32E	0.00086441017463162
MINDY1	-8.08846670489739e-05
SELENBP1	-0.000524903969794343
CERS2	8.41801113754662e-06
ENSA	-6.56381447549481e-05
SEMA6C	-0.000657010021727939
MRPL9	0.000142767589689622
ARNT	-0.000405896416605401
POGZ	-0.000103698756873435
C1orf56	9.73754050528618e-05
OAZ3	0.000411649268064244
GOLPH3L	0.000397418860640034
DTL	0.00125581345252615
DYRK3	-0.000168277154695615
EIF2D	-0.000197695677598511
INTS7	0.000634136903050205
VASH2	0.00316804482232675
TAF1A	0.000234279288085089
SMYD2	-0.00167274844591711
SUSD4	0.000774994857474088
DUSP10	-0.0026215973434833
TP53BP2	-0.000154947625728944
ATP8B2	0.000206297296530756
ADAM15	0.000357436019372283
JTB	-0.000106562571815831
RAB13	0.000459031179560942
TPM3	0.000100179620972896
SNAPIN	-0.000255322314628192
SLC27A3	0.000444470225860862
UBAP2L	0.000302234001305551
SLC39A1	0.000594580680266416
HAX1	-0.000119380977282378
CREB3L4	0.000959828299999083
EFNA3	0.000469881409123567
C1orf43	-0.000207842510963393
GATAD2B	-2.35823388606281e-06
ILF2	0.000229514201501207
RIT1	-0.000383738900949366
INTS3	-4.31225522710808e-05
HCN3	0.000143757187046207
ACTA1	-0.00134331545556127
C1orf131	-9.67845932892687e-05
GALNT2	-0.000623625259948625
TTC13	-0.00020843224088119
SCCPDH	-0.000452163970227504
MAP3K21	0.00234857827031222
CEP170	-0.000138885747032753
ACP1	0.000272350217985502
SNAP47	0.000241174641833339
SRP9	0.000195075080573021
NVL	0.000640658582197803
SDE2	-2.64627585831425e-05
DEGS1	3.14857211906446e-05
FBXO28	0.000981229401528157
ARF1	-0.00086750926666096
LEFTY2	-0.0032379298154962
CNIH4	0.000571484202236027
ITPKB	-0.00245140938947634
GUK1	-0.000865324679721887
CDC42BPA	0.000288456304575075
CNIH3	-0.000167667710545363
C1orf35	-3.71242215339924e-05
MBOAT2	-0.000676795348589422
PARP1	0.00112980148635278
PSEN2	0.000500988339435256
PYCR2	-4.82202681842445e-05
LBR	-0.000162552732057741
WNT9A	-0.00100534918075237
EPHX1	0.00031465121269191
REN	-0.00304799287794221
SOX13	0.00117947654233911
ETNK2	0.000276608086850847
PPFIA4	-0.00038217447317148
PLEKHA6	-0.000243762542883509
SYT2	0.00240935736342946
ARL8A	-0.000232252321865075
OSR1	-0.00341486505388647
GDF7	-0.00528044508617571
PDIA6	-0.000152856338075864
RHOB	-0.00264982946061735
HNRNPLL	9.78327821400288e-05
GALM	-0.000246040175213384
CAMKMT	0.000406544423118867
EML4	0.000152300359751159
CALM2	-0.000640007912933373
CHAC2	0.00213173155075838
RPS27A	-0.000191659979130634
WDPCP	0.00123608444397791
VPS54	-0.000681060386435503
ASXL2	0.000849476296592436
ETAA1	0.000700274171262292
SNRPG	0.000607780997696385
MEIS1	-0.00432948038901926
CIAO1	6.20275664135446e-05
ZNF514	-0.000550868404881859
SNRNP200	0.000191907340991985
MRPS5	9.46483144302059e-05
TPRKB	0.000326318042787507
EXOC6B	0.000377438280258207
SFXN5	0.00121464153069776
TEX261	-0.000333974381958581
DUSP11	2.99640855400868e-05
ST6GAL2	-0.000442790568562838
NPHP1	-0.000288316221440323
MALL	0.00238031514927152
THNSL2	-0.000921895010870165
RALB	-0.00134774374515271
TMEM177	0.0011224062185963
RABL2A	-0.00098901330781174
SLC20A1	0.000638185322085851
FBLN7	-0.00210142531865775
ZC3H8	0.000110754579213611
LIPT1	0.000880398493607501
FAHD2B	0.000642191256622375
AFF3	-0.00149663845612259
UBXN4	-0.000516020398451376
NXPH2	0.000594075553291164
SPOPL	-0.000345204881636343
POLR2D	0.000867638278699549
AMMECR1L	-2.47028557141837e-05
GALNT13	0.000731347633157564
PKP4	0.000275504259160412
SCRN3	-0.000982213454715055
LNPK	-0.0011785764546915
ZNF385B	0.000331217843095147
TMEFF2	0.00127410125543774
CDCA7	0.00125346276621038
DLX1	-0.0058969752234525
UBR3	0.000107813511862997
PHOSPHO2	0.000838583286877154
GULP1	0.00102285384362399
FAM171B	0.000517867872195437
HSPD1	0.000987039233893234
CCDC150	0.000853558454083512
METTL21A	0.000758993218326397
NBEAL1	-0.000268900561341142
KANSL1L	-0.000193866439230612
SPAG16	-0.000541095005545554
SUMF1	-0.000222960703577389
RHBDD1	6.97161833338074e-06
ACKR3	-0.00429086060498488
HES6	3.95078751163251e-05
ANKMY1	-0.000372787205912682
COPS7B	7.99199315331724e-05
DIS3L2	-0.000137619442476687
CPNE9	0.0044603468629321
FANCD2	0.00106155729137033
TAMM41	0.000350769354305118
VGLL4	-0.000739584654042377
RAB5A	0.00019903176268694
RETREG2	-0.000217261805924829
CTDSP1	-0.00121799123265307
CNOT9	0.000708161181031215
STK11IP	0.000222915965495705
GMPPA	5.97524682653467e-05
EAF1	0.000292265446437308
CNTN4	-0.00271160807297592
DYNC1LI1	0.000621787909015437
RBMS3	-0.00198429145479617
OSBPL10	0.00152183589312945
POMGNT2	-3.33243765117169e-05
FAM198A	0.00217486305509842
CSRNP1	-0.00139577861768888
SLC25A38	0.000660033175236853
ITGA9	-0.00148116080107491
GOLGA4	-7.44446619688324e-06
CTDSPL	5.40301823966437e-05
STAC	0.00175882251386668
IQSEC1	-0.000153969696180317
CAND2	0.000754803983343941
RPL32	-0.000384423286337027
PTPRG	0.000496623225404337
IL17RD	0.000135617909284986
SHQ1	0.000692647657100327
SLC25A26	0.000642970698668362
UBA3	0.000138379218820119
ARL6IP5	-0.000890323809110754
TMF1	-0.000778519209072152
LRIG1	0.00141635027633877
AC073896	0.000168956551174153
LIMD1	0.000790148651124415
ZNF660	0.000177524564048772
NFKBIZ	0.000219554532585965
COL8A1	-0.00319429655499379
NXPE3	0.00130186430670469
PHLDB2	-0.00102421677183718
ABHD10	-0.000119855619448485
TAGLN3	-0.00181276438385607
RABL3	0.000604860915193513
ADPRH	0.00101320081311246
IGSF11	-3.75272490796099e-05
ATG3	0.000501944215929801
BOC	-0.00130776316133556
SRPRB	0.000101316933165024
TMEM108	0.000667220735489432
AGTR1	-0.00154955119173474
MED12L	0.000471605890670348
EIF2A	0.00019227128738472
OSBPL11	0.000517215701062809
TRPC1	0.000204439523131842
LPP	-0.000229350586165292
TMEM44	-0.000115621485111227
RUBCN	0.000210173719935223
AMT	0.000364924741906754
TCTA	-5.19521679562272e-05
NICN1	-0.000608082805279563
DCAF1	0.000586999283533837
MANF	-0.000580447808249367
STXBP5L	0.00252498596199874
EAF2	0.00206454035780467
SLIT2	-0.00225530848650756
EIF2B5	0.000167134264235471
AHSG	-0.00190688197896269
ECE2	0.0017130730466294
DGKQ	-0.00039018636704397
FIP1L1	-3.76068509449384e-05
LYAR	0.00152102918792391
CENPC	0.00027786701348193
ATP10D	-0.000794465130130763
OCIAD2	0.000191762178634395
SCD5	-0.00263455075907493
PLAC8	-0.000449353602628571
ENOPH1	0.000729969717558676
TRMT10A	-5.11548301396291e-05
KLHL8	-0.000210578741310636
SNCA	-6.36458893339009e-05
PYURF	-0.000224528778222974
TBCK	-0.000355140018751315
CAMK2D	-0.00253864441698909
CISD2	0.0004147672682307
DDIT4L	0.000329918081296587
ANK2	6.3557445088758e-05
TIFA	-0.000700701306507184
SPATA5	0.00125691908056361
CCNA2	0.000901856999652567
METTL14	0.000374038409042906
USP53	-0.000957743887421009
SETD7	-0.00271759157960602
NAF1	0.000848825946441008
SFRP2	0.0017214968280531
RPS3A	-0.000543265505557035
RNF175	0.00165081116138208
PDGFC	-0.00314920568746011
CBR4	0.000443505247346615
CYP4V2	-0.00109250340920794
NDUFS6	0.000614072171980944
MARCH6	-0.000455623734743718
NKD2	-0.000513668539673587
CDH18	-0.00102981773808179
ADAMTS16	0.000756663825199122
SRD5A1	0.00111257733924548
MYO10	0.000758005337619366
OTULINL	0.000663910946627719
RPL37	-0.000272200425129076
SKP2	2.49788500077593e-06
OSMR	-0.000761776043173694
UGT3A1	0.000682483503634168
PLK2	-0.00249059764232813
SHISAL2B	0.000390673308986576
PIK3R1	-0.00119957485800666
HAPLN1	-0.00306422428534701
LHFPL2	0.000423876996046075
SSBP2	-0.000387875338786317
IQGAP2	0.00131051601163072
CRHBP	-0.0037151018021302
RASA1	-6.87569873884936e-05
LIX1	-0.00238418277281361
GIN1	0.00039173616381411
PPIP5K2	-0.000153130437669786
PAM	-0.00107700780457535
BDP1	0.000287109244090681
GTF2H2	0.00106541177451334
SLC30A5	-0.000505210477793393
BTF3	4.62094184859693e-05
FBXL17	-0.00106452994789214
TNFAIP8	-0.000168838125009133
FEM1C	0.000416444511564459
COMMD10	0.000889318458661151
ATG12	-6.32398855353602e-05
MEGF10	0.00248081193108694
ADAMTS19	0.00106601548542221
YIPF5	-0.000786022526416744
ARHGAP26	0.000999306764050181
CXCL14	-0.00293771883885056
SLC25A48	0.00113471106769321
DDX46	0.00077013936328862
RNF145	3.61728391906528e-05
GABRB2	-0.00134358070042785
FBXO38	-5.82128824195223e-05
PCYOX1L	0.000557196517128237
TNIP1	-0.000647936684242812
G3BP1	0.000714975916654233
ZNF300	0.000530931850962469
N4BP3	0.00193626808801776
NHP2	0.000535261304810746
RMND5B	0.00106091072484952
BOD1	0.00054143521748093
CPLX2	0.000620446453955933
TENM2	-0.0019980531758792
FAM217A	0.00263058084764743
TBC1D7	0.00019312718118967
FARS2	0.000519778674308776
CDKAL1	0.000532651872167215
ZMAT2	0.000104621431146078
KLHL3	0.000912715797794094
DCDC2	-0.000718533996025888
TRIM41	-0.000291208222196996
HIGD2A	-0.00025931645848448
FAM193B	-0.000310048456256595
TNFRSF21	-0.000852471343872091
RNF44	0.00039397135223535
MUT	0.000129706845047205
DOK3	0.00124559114568065
ABT1	0.000273760936714914
PPP1R18	-0.0011301683008793
DAAM2	-0.000169997200302048
PRIM2	0.00148805825075217
HMGCLL1	-0.00213248433902638
SCUBE3	-0.00258181749521392
CRIP3	0.00328808018737484
RPL7L1	0.000130776919153624
NFKBIE	0.00116374763476432
TPBG	-0.00175618785903699
IRAK1BP1	0.000630299034998109
PHIP	0.000521336241734508
PRSS35	-0.00274251021916334
MMS22L	0.00114466997244529
FAXC	0.000879698796536715
PNRC1	-0.00112764519209461
PM20D2	-0.000178884948226803
RARS2	-0.000210012795886901
TBC1D32	-0.000473163251857167
CLVS2	-0.00119877497899813
RNF217	-0.00140720589334151
RSPO3	-0.00461252536478835
ARHGAP18	-0.000219736279007309
ABRACL	0.00111535662090062
SLC18B1	0.0015763412550882
MTFR2	0.00145191708626318
SLC2A12	0.00054869723864649
SHPRH	0.000535659827498542
AIG1	0.000963093040239231
DYNLT1	-0.000528022471691525
TIAM2	0.000325158338380777
TMEM181	-0.000219863485523334
WTAP	0.000103279710055499
ZMYM4	-6.79745088842114e-05
ARMT1	0.000390615348649913
SLC22A3	-0.00230416238443088
VWDE	0.0026400115565752
GNA12	0.000738332272424966
C7orf50	-0.000523462181467658
SDK1	-0.000375802756045542
CCZ1B	0.000535099802676365
C7orf26	-7.25941573834596e-05
RBAK	-3.39053084816641e-06
CREB5	-0.00148920949268156
EGFR	-0.00114321254739307
CDCA5	0.00126815245606466
IGFBP3	-0.0023502485118112
PURB	9.18945375732993e-06
SSC4D	0.000151128559171445
MDH2	0.000261876989555573
POMZP3	-7.79937104115451e-05
NIPSNAP2	-8.3069038594783e-05
CCT6A	0.000464162053847932
PSPH	0.000503482824094607
ZNF92	0.000541580116141465
ATXN7L1	0.00176595448887383
TMEM168	-9.65633712685408e-05
C7orf43	0.000118830194696079
SLC12A9	0.0006722143029098
GIGYF1	0.000724749080169094
TRIM4	-0.000269105769487898
MEPCE	0.000461936265919129
TMEM209	0.000223443807884881
AGBL3	0.000155663322893871
ZC3HAV1L	-0.000492904182766227
TMEM140	0.000455752594326176
TLK2	-0.00016261727882763
EPHA1	0.00266484235679958
NOM1	0.00069856034158633
NCAPG2	0.00147935909075297
NLGN4X	0.00240214868959908
SHROOM2	1.34376374073125e-06
LUC7L2	6.64599866602355e-05
DENND2A	-0.00136842140674366
CLTRN	-0.000263118009773354
SH3KBP1	0.000152986029389146
TMEM47	0.000481695124499471
SYTL5	-0.00241854014654513
CASK	-0.000304862667003025
KDM6A	0.000475939287666108
MSN	-0.000165841487840379
HDAC8	0.000122109879774355
SLC16A2	0.000565704940296197
ZNF182	0.00068075157295722
CHST7	0.00199814686561627
KRBOX4	4.91414475492594e-05
NDUFB11	-1.108059351524e-05
ZMYM3	0.00023689387371433
TAF1	0.000100715769394594
NONO	-4.74247903224848e-05
CCDC120	-0.000105711634478027
LPAR4	0.00136963085694471
EBP	0.000654253094790672
OGT	-0.00022342937814029
SNX12	0.000217305328565453
ZNF711	-0.000233696343716166
DIAPH2	0.00137102795100659
RIPPLY1	-0.00838378396053973
PRPS1	0.00121107460570812
CXorf57	0.00110906466170316
DOCK11	0.000713635733141498
IGSF1	0.00202815079881791
GPC3	-0.00113649279323262
RBMX	0.000264118456248297
MCPH1	0.0003158364680165
MFHAS1	0.000781615160646317
FBXO25	-0.00012276512760693
NSDHL	0.000622366579090284
ZNF185	-0.000250557527669721
CETN2	-0.000435746147720406
RPL10	-0.000623488614619789
ATP6V1B2	-9.95180008461013e-05
CCDC25	0.000369490015070015
HMBOX1	-0.000480357235669396
BIN3	-0.00015574294209145
SLC25A37	-0.0002223317254844
CHMP7	0.000242383110815538
DOCK5	0.000641003765325092
PLPBP	5.418769569793e-05
ERLIN2	-9.27774868281387e-06
RGS20	-0.00109149035940154
TACC1	-0.000394259380922854
GOLGA7	-0.000149048152310918
PLPP5	-4.67954102958608e-05
GINS4	0.0011736387225213
NSD3	-0.000152537331155667
TRIM55	-0.00136822439740154
ADHFE1	1.07858487220044e-05
MRPS28	0.000495917962293827
LACTB2	0.000408408380089562
PRDM14	0.00763381244143807
TERF1	0.00350860958818478
RPL7	-0.000255934221866003
SYBU	-2.20035083216785e-06
MTDH	4.12238831920533e-06
LRP12	-0.000849508282449359
EBAG9	0.000345357094302033
RSPO2	-0.00198635078313273
POLR2K	0.000189710588567739
MAL2	0.00147070324820221
EIF3H	-6.27493938884897e-05
UTP23	0.000661563018114899
NDUFB9	0.000459626286496077
TATDN1	0.000649424536082761
ZNF7	0.000107830583159122
ARHGAP39	-0.000155959101010619
SLC39A4	0.000193843021770693
NAPRT	0.000277843810238971
VLDLR	-0.000650990391132308
AK3	-0.000649299354186165
UHRF2	0.000219257521363922
NFIB	0.00106288707881066
CER1	-0.00445374673935448
PLIN2	-0.000150857754117328
HAUS6	0.000971718217071166
CDKN2B	-0.00517189070176165
CDKN2A	-0.0050784854555656
C9orf72	0.00029870659230598
ZCCHC7	0.000279150982349822
FBXO10	-4.07532313425893e-06
SIGMAR1	0.000503945415385613
CBWD5	-6.65666281588709e-05
CEP78	0.000135337613318572
NTRK2	-0.00395020927870418
IDNK	-0.000854316037306209
SHC3	0.000557263478307661
AUH	0.000431795088214203
MFSD14B	-7.06533865819911e-05
C9orf3	-0.00126215809066822
ZNF462	0.00079105600746303
INIP	0.000321202079156497
UGCG	-0.000218798227713489
SNX30	-0.000279390480370727
STOM	0.000197789360609844
GSN	-0.00111902150360946
MRRF	0.000650732280686506
NR6A1	0.00186898562277676
CRB2	-0.00059725567202658
ALAD	-0.00146835674340395
ASTN2	0.000529185512978877
POLE3	0.000474367814723439
SURF4	-0.000527237485886386
GBGT1	-0.000517082295580002
SURF1	0.000162267882824843
SURF2	0.000851487284795719
SURF6	0.000539267663709883
MED22	0.000620254849428634
REXO4	0.000341856082571658
RPL7A	-0.000423993981667019
GTF3C5	0.000115139539124851
ASB6	0.000106477490414882
PTGES2	0.000537870737083067
NTMT1	0.000251689404929732
CIZ1	-0.000344453857975268
SLC25A25	0.000357362316249617
SH3GLB2	-0.000446888180030804
MIGA2	0.000349407345364109
PTGES	0.000692688255405275
LRSAM1	7.63385130937214e-05
HMCN2	0.00325240321485679
GPR107	-0.000403614890013241
PAXX	-7.78264801279611e-05
IDI2	0.000563684986429735
INPP5E	-0.000502474068119373
SEC16A	-0.000271960569561329
DPH7	0.000229443855239491
NOTCH1	0.000218445400112889
CACNA1B	0.00126221269160445
NACC2	-5.28753725839528e-05
PROSER2	-0.000156954492616598
USP6NL	0.000567868521460602
COMMD3	-0.00238769579902146
MSRB2	-0.000909607670787543
PDSS1	0.00113513457126786
FAM171A1	-0.000483832706686759
MINDY3	-0.000685392350246518
RSU1	0.00025288235799288
PARD3	0.00010538737724114
ZEB1	-0.00365674654511545
FAM13C	-0.0019218490661422
NRBF2	0.000279099139093673
CDHR1	0.0031034893838597
POLR3A	0.000537564101813219
HERC4	-0.000215757155506173
LRMDA	0.000218631909331398
CAMK2G	0.000374565354072918
ADIRF	0.000401853197388125
GLUD1	-0.000347574141907175
ANKRD1	-0.00601740196681486
HTR7	0.0048152555162744
RPP30	0.000877161261730615
FRA10AC1	-0.000256352085506724
ADD3	-0.000481476568527338
DNAJB12	-0.000225581949112813
EIF4EBP2	0.000208186807207254
TCF7L2	0.000615992082954581
MKI67	0.000484267040683696
INA	-0.000264327261188359
FUOM	-0.0004829111916601
LRRC27	-0.0011876022551157
MTG1	0.000264699045899338
PAOX	-0.00025947072835235
GSTO1	-0.00119552055870441
TAF5	0.00115152027117452
PPRC1	0.00093915922900206
ITPRIP	0.000526971749114297
CNNM2	0.000914567418969051
PDCD11	0.000721113896662159
ADAM12	-0.00228138518137458
RGS10	-3.75765731324458e-05
BTBD10	-0.000427389682186271
ADM	0.00130315732722738
GAS2	-0.00156367900228596
SLC5A12	5.69075115931056e-06
LIN7C	0.000351292346720921
IMMP1L	-6.20693881510628e-05
PGAP2	0.000981022349761681
TUT1	0.000388910080690589
ZNF214	-0.000236321104068533
ZNF215	0.00160568264646684
HSD17B12	0.000347797362785299
APIP	0.00045590639159329
PAMR1	-0.0016054242397357
DGKZ	0.000625868275221058
EIF3M	0.000307381564328027
TNKS1BP1	0.000303704538585917
SERPING1	-0.000680186540937783
SSRP1	0.000517520672459209
SLC43A1	0.00251859189060836
PTPRJ	1.81040348049e-05
C11orf49	-0.000717847547870179
ARFGAP2	-1.683344005286e-06
CELF1	0.000284746426096559
HIKESHI	0.000275735025211685
CCDC81	-0.0029826339301013
SESN3	-0.000350410663245138
ENDOD1	-0.00211042978745136
CCDC82	-0.000515309119669781
KLHL35	-0.00187373845931343
TENM4	-0.00254000302005052
SERPINH1	-0.000974363068123754
CAPN5	0.000514116590470574
INTS4	3.78231600773628e-05
PAK1	0.000977678534304337
RPS3	-0.000487493531176068
ZC3H12C	-0.000426684841812112
TTC12	-0.000957248772411508
NCAM1	-0.00200188109927182
DRD2	-0.0017813983501618
C11orf52	0.000328812353452668
NPAT	0.000742845454597502
ATM	0.000126069001984969
AASDHPPT	-0.000218645746284005
GLB1L2	0.000462436875700373
LAMTOR1	8.58998568180451e-05
ST14	0.00100610547628138
HYOU1	0.000165842027667314
ADAM33	-0.000223622133296299
KAT14	0.000417036929880343
TKFC	-0.000175984367779879
MTA2	0.000191892405530497
TMEM138	0.000322172738070234
FADS1	5.69523678633572e-05
EML3	-0.000547803469826129
INCENP	0.000612788622502446
FRG1BP	-0.000996085317522493
CPSF7	0.000159069582273883
B3GAT3	-0.000727254733217305
EI24	0.000473172745027685
CHEK1	0.00110209686381904
FEZ1	0.000615429306505721
ESAM	-0.00320979279909952
MPZL2	-0.000352472422202531
SIDT2	-0.000802300290455921
TMEM25	-0.000606318527373602
TAGLN	-0.00267643314722147
JPH2	-0.00180941593940873
DUSP15	-0.000572273326223312
COMMD7	0.000317229298278609
KIAA1755	-0.0014506497500572
DSN1	0.000672716575891461
SOGA1	-0.000567202270998888
LSM14B	0.000109859615967513
YTHDF1	-3.00330094641374e-05
CABLES2	4.86791385043177e-05
LTO1	0.000131852758074231
TRPT1	-0.000127160646887436
NUDT22	0.000100284483521082
FERMT3	0.000415448695929342
PLCB3	0.00124188518539494
MRPL49	0.000353122755015065
CDC42EP2	0.000254709949530776
FAU	-0.000234626863001733
TM7SF2	-0.000230340553308602
VPS51	0.000103372918582268
PPP4C	3.521780060135e-05
ALDOA	-0.000118457958834042
FAM57B	0.00182062853873143
DOC2A	0.00104109679469773
HIRIP3	0.000400074176113794
TAOK2	-0.00048617683869227
TMEM219	-0.000707665608003531
HMGA2	-0.000571825798519685
CNKSR2	0.00174174946180042
CNTN5	-0.00593148330201939
MPP7	0.00114119595094145
ITGB1	-0.0011442355735345
CWC15	-0.000112387648303017
ARID5B	-0.00326287539285379
CDH8	-0.000494020180342466
DCUN1D2	0.000361632375539523
TMCO3	-0.000695658500230757
TMEM218	0.000110665798428089
TIRAP	-0.000329075764430585
EEF1AKMT1	-0.000478524242442146
LATS2	-0.000318384917348775
SAP18	0.000774658363403513
ADGRL3	-0.000862403119378221
KIAA1328	9.30064481891593e-05
FAM124A	0.00242655711564036
MIA2	-1.88737939988116e-05
HNMT	-0.00115464944321262
LYPD1	-0.00316522103868225
LYPD6B	-0.000345774556642347
PDCD4	-0.00141579006347787
GPM6A	-0.00181348107849827
WDR17	0.000818246413832396
VEGFC	-0.00110965635686592
CCDC102B	-0.000727262732497256
FSIP1	0.00140812934858741
DLG2	0.000217033642063143
PRSS23	-0.00294092546329804
MTMR12	0.000948032828266405
PPP1R1C	-0.000145925105194401
CCT5	0.000726683775461248
FAM173B	-5.74562855007421e-05
DOCK1	-0.000151878041689941
DIXDC1	-0.000215299991083102
DLAT	0.000635579178478325
PIH1D2	-0.000239445662265727
NKAPD1	-0.00021960055807097
TIMM8B	0.00040066880591712
IL18	-0.000390417892182149
PTS	-0.000416708736095207
PIP4K2A	0.00144596730235662
FREM2	0.000341723998922217
FOXO1	0.00159800399124904
CRIM1	-0.00142137583160956
SEC24D	0.00038322817304917
ABCB9	0.000289935351010382
RILPL2	-0.000346838496165066
DHX37	0.00141831565796914
UBC	-0.000856481243465504
ITPR1	-5.60855544621745e-05
SLC7A11	0.00107681807375305
NOCT	0.00101181913407596
DCP1B	0.000322798967874485
CACNA1C	-0.000719943518059165
THRB	0.000940244558627165
NGLY1	0.000312895694408661
OXSM	-0.00106731691061439
UEVLD	-0.000179298317057899
TMEM86A	-0.000322021329485024
C12orf45	0.00140053967170813
TMEM263	-0.00194905505784482
BTBD11	0.00196742534198589
UBE3B	-0.000240322601644696
ANK3	0.000506178671217383
IPMK	2.40792470186679e-05
PLBD2	0.000557544124833375
DLG5	-0.000264291007942524
MAT1A	0.00380661104507532
SLC2A13	-9.64362964695917e-05
GXYLT1	-0.000652824391813633
TWF1	-0.000272358466308896
DIP2C	-0.000673085787160188
EIF4E	0.000566987041335869
MAGI1	0.00117046983372721
TEX30	-2.0402063631212e-05
CSNK1G3	0.000330914669241735
SRFBP1	0.000952471586973158
AKAP6	-0.00218389497783319
FAM177A1	-0.00099880913905312
MBIP	6.91296655253232e-05
MIPOL1	0.000907671760555568
EXT2	-0.000370529437805512
TMEM18	6.49768923555945e-05
KCTD14	0.00223023560084704
NDUFC2	-0.000300435771260336
ME3	-0.000981556670795786
ADAMTS12	-0.000527047291833327
NUBPL	0.00014965446187418
NEK7	-0.00193781823425732
FER	-6.09947455803776e-05
VIPAS39	-5.76022490500308e-05
ANKRD50	0.000227582050882773
UPF2	0.000918885501939714
CDC123	0.000807993223348021
SCLT1	0.000135702038087449
CCDC3	-0.0025927867117793
C4orf33	-0.00017102613214203
FRMD4A	-0.000231218039049168
PTPRO	0.00100160801534908
EPS8	-0.0015371328917472
ACAD8	0.00134766567658912
THYN1	0.000942625049841732
VPS26B	-0.00025248453533713
NCAPD3	0.000716974377751404
VTI1A	0.000142429180658184
QDPR	6.08900299613447e-05
FAM160B1	-0.000493778438409106
ANO4	-0.000922597620193054
TEX9	0.000391534306816547
QTRT2	0.00121578513417965
MMAA	0.000147317992906758
ZNF827	3.78513588870479e-05
EDNRA	-0.00241582953415163
DPYSL4	-0.000224154979861202
VENTX	0.00112993001946312
ADAM8	5.83287711600133e-05
ITIH2	-0.00227184527280053
KIN	0.000559921205840845
PIGF	4.57111286298423e-05
INPP1	-0.00135440350887292
MFSD6	0.000523002640352112
RNF144A	-0.000204714505171315
ASAP2	-0.00027240914252237
ADAM17	-0.000482771169785992
FLI1	-0.00236641861871343
WWC2	0.000531340268788295
CENPU	0.00132145840880887
ACSL1	0.000381357569598318
SLC25A4	0.000703262469662711
AMN1	0.000179056849998098
BICD1	0.00116321880384915
SAV1	0.000988597147836355
CCDC122	0.000197046238183231
SERP2	0.000124584598438659
NBAS	-0.000292099114681811
ZNF385D	0.00050265007580234
TDO2	-0.00200358888237418
GUF1	0.000657886726241917
GABRA2	-0.000898906133261262
SACS	0.00105451560523241
CENPJ	0.000432093480735119
FBXO4	-0.000551344480847778
TMEM267	-0.000353373358954952
PARP8	0.000760231340714293
GFRA1	-0.00151427760282565
CACUL1	0.000174359325248871
DST	-0.000258112832338409
BEND6	0.000626154390956217
TIAL1	-0.00013553003940694
BAG3	-0.00119441647951978
GLT1D1	-0.000912349013040837
TMEM132D	0.000354519264644745
SCHIP1	0.000198482845831969
KCNE4	-0.000927778376440269
AP1S3	0.00117668400074051
RABGAP1L	0.00271114016569351
CCDC74B	0.000180870996675236
TMEM56	-0.000696884493909931
MZT2B	-0.000875381718185545
ASTN1	0.00140336164900906
FAM168B	-0.000567443086326494
PTPN14	-3.71423223405718e-05
MGAT5	-6.53638636036716e-05
TMEM163	0.00125632130434653
GPATCH11	-0.00120193463790171
HSPB8	-0.000126171880312992
GEMIN6	0.000990215683215053
TMEM178A	0.000332651365117854
POU4F1	-0.00140315675627648
RNF219	0.000519435491656318
GRID2	0.00364568002065505
SETBP1	-0.00134870267271682
ARL14EP	0.000294632345258929
EPG5	6.0328263077151e-05
PSTPIP2	-0.00125133905265326
ATP5F1A	0.000139998649641376
HAUS1	0.000636411044407532
C18orf25	0.000270964849819933
SPC25	0.0010429841699735
PDK1	-0.000227432515406138
PDE3B	0.000673612887614498
TCF7L1	0.00120809972346708
TGOLN2	-0.000363036450164109
UHMK1	-0.000244176445545966
ATG10	0.000595892171679929
POC5	0.000131532633839775
SPOCK1	-0.00119543596073801
TADA1	0.000370703096274466
CWF19L2	0.000664032778363325
JMY	0.000197328592178035
HOMER1	0.000950924960750239
XRCC4	-0.000165413189319979
ZNF773	4.07861221865071e-05
ZNF776	-0.000277408614150649
ZNF256	0.00060437697365616
SUV39H2	0.00102397995328537
DCLRE1C	0.000542672065877637
RPP38	0.000505272262310607
NMT2	-0.000617334953084491
ZNF837	0.000497236276129475
USP12	0.000180534707116813
CCDC50	-0.00110727883084717
CAMK4	0.00174633638351299
TRIM36	0.000289849580776051
ZFP36L2	0.000383777301744587
PAN3	0.000245135044719981
PFKM	1.01467186075799e-05
TMEM123	-0.00093532115894874
GRIA4	0.0027555835877753
SPEF2	-0.00208415344409841
SPARCL1	-0.000247601987959814
MBNL1	0.00019517167263675
NADK2	-0.000504916828951358
GPD1L	0.000594175692930916
GJA1	0.000133939378199134
SLC30A6	0.000202990590211166
PELO	6.9904856531571e-05
RASGRP3	-0.00179586867619803
SAR1B	-0.000181752602408757
GPR180	-3.89984187287597e-05
WDR78	-0.000620090709261242
FARP1	-0.000872842655143326
IFIT5	5.8806424189384e-05
PANK1	0.00113311082872018
HNRNPDL	-8.26715767829489e-05
HHEX	-0.00199343054009249
UTRN	-0.000214273897483683
PTPRK	4.99231767410278e-05
GGPS1	8.47283576712115e-06
CNTNAP4	-0.00297055966940349
ZNF117	-0.000715554400717602
RAB3C	0.00225444248723504
LMNTD1	-0.00173759077142583
MARVELD2	0.00101150960441078
RAD17	0.000270071685118711
MED21	0.000543092992974411
PLOD2	-0.00126368675110081
JAKMIP1	0.00105505947421311
ZIC1	-0.00342567536267459
ADGRA3	6.92412350629281e-05
SREK1IP1	-0.000415631727285705
LGI2	0.000354187656670585
CWC27	0.000269390192922142
SRP19	0.000307453418477751
CENPH	0.00087652846961491
CDYL	0.00183976543359832
CARHSP1	0.000407116112424717
TXNDC11	-0.000791739770691904
DAB2	-0.00270824621081529
ACOXL	0.00434917416918248
BCL2L11	0.000287407638832943
ANAPC1	0.00107436896089184
CAST	-0.000764691609008352
SCOC	-0.000931230928658616
CLGN	-0.000318612398121951
CETN3	-0.000112547477571974
SMARCA5	0.000477537069528162
SYCP2L	-0.000321744463522628
BMP6	0.000643596444883397
RASSF3	0.00057598969030794
HNRNPU	0.000449605893487342
RANBP2	0.000607540922537997
AHCTF1	0.000348287357230747
MERTK	-0.00159552268004976
TMEM87B	-0.00110701576378576
RBMS1	-0.000824989729105018
FEZF2	-0.00287496878191825
SLC25A27	-8.1236650172305e-05
FAM49B	0.000422655932944596
ASAP1	-0.000378792754662387
TRAPPC8	0.000418880678373825
INO80C	0.000506741452694099
LPCAT1	0.00129475131122576
PLEKHG4B	0.000991194805612979
NMRAL1	0.000561478437771729
UBALD1	0.000617705870171315
C16orf89	0.00478596180270861
TMEM251	0.000433833387487237
ING1	0.000130227420926428
CMTM7	0.000745398255736789
FBXL2	-0.00189628982592241
UBP1	0.000332221620407058
RMND5A	0.000766991772115163
RPIA	0.000347705571663068
PTPRD	-0.00089276854468174
LURAP1L	-0.00332086950553282
CNKSR3	-0.000211539914849508
GTF2E1	0.00130260278928248
CFDP1	3.70811406617607e-06
ZDHHC7	-0.000243987702396419
C7orf31	-0.00107364348374799
JAZF1	0.000232664896349781
CMIP	-0.000138235937792381
PID1	-2.06689076053619e-05
TRIP12	-0.000341567350548765
FBXO36	0.00014166565702304
CEBPG	2.98046737981072e-05
KCTD15	-0.000650262283989714
ZNF599	-0.00036926261738543
LGI4	0.00177930205960961
DDAH1	8.02016620800677e-05
SREK1	-0.00033061513971703
CHD1	0.000336603656594989
HS2ST1	-0.000335732018832283
MSI2	3.68076497092193e-05
CACNA2D1	0.000880240362045362
ZUP1	0.000273540514356124
HS3ST3A1	-0.00013114479879072
GDPD1	-0.000511697309277351
NUS1	0.000490206788263783
SEMA3D	-0.00123311063204675
PPP2R5E	0.000239324496126491
AK5	0.00239174319811314
CABYR	0.00165100146799861
IMPACT	0.000528322374711094
ANKRD29	0.00233627749090088
SDHAF4	-0.000283902384267595
CHST9	0.000632801798288542
THY1	0.002352173052811
C16orf74	5.05960906979798e-05
TBCEL	-0.000290720232541212
JPH3	0.000807599730406539
ANKH	-0.000565948041207364
OTULIN	-0.00021589937300841
UBASH3B	0.00057706967559379
ROBO3	-0.000693854096381863
TBRG1	-0.000285546508815149
NRGN	-0.00106889191902315
RETREG1	-0.000567769907663032
TOMM70	0.000367011848687994
ABI3BP	-0.00174762884247333
ANGPT1	-0.00251049208030334
PITPNC1	0.00133378875778985
CC2D1B	-0.000211737140022342
PRKCA	0.000819230517100337
CEP112	-0.00138098385029327
ABCA5	-0.000904996321064717
UCHL1	0.000574921933040976
MIA3	-5.04245712599402e-05
DISP1	-0.000480103426083082
TNIK	0.00162993429907574
FAM167A	-0.00201310601814453
NEIL2	1.95309806862449e-05
PGM5	-0.00775924111411192
WNT3A	-0.00337123548421751
OBSCN	-0.000560955185393915
LONRF1	0.000467091474339472
TRIM11	6.5860124046668e-05
ENAH	0.000150482836592505
CCSAP	-1.41659988337116e-05
SH3RF1	-0.000988388544033254
BUB3	0.00083542332465473
FAM69A	-0.000155928613430908
ATP5MC3	1.86245570693226e-05
SRSF12	-0.000511429141215655
PDLIM3	-0.00134011645317015
SORBS2	0.000715369855193337
ELOC	6.78579578196574e-05
TMSB4Y	0.0026017511402423
CXADR	0.000965122382573745
BTG3	-0.0011034400281116
C21orf91	0.000410765258716807
NCAM2	-0.000938274164286912
PDE1C	-0.00360671579092015
RABGEF1	-0.000276161201671141
MRPL39	0.000634523364199507
JAM2	0.000725471344117957
ATP5PF	-7.58944774615099e-05
GABPA	8.55220790737468e-05
ADAMTS1	-0.00168284281492993
TSEN2	0.000795544886159329
SLFN13	0.00158422201021171
XPC	6.06928985218243e-05
CCDC174	-0.000199056934443155
FGD5	0.000830979718012603
FLCN	0.000175585503373308
DPH3	0.000316891235045223
OXNAD1	0.00112033575822675
PLCL2	0.00218243492698859
CXXC1	0.000171208401972144
SKA1	0.000643982240885657
PPP4R1	-4.7711693297536e-05
APCDD1	-0.00251454623314602
PIEZO2	0.000367914612674193
MPPE1	-0.000455313663568851
USP43	0.000607680062098053
RAB6B	0.000461739882216661
EME1	0.000298594125535755
EPHB1	0.00103176495779643
ANKRD40	0.000265071018099738
ZNF18	0.000393940726817465
VOPP1	0.000454800948193072
APOOL	6.76330080559842e-05
DKK2	-0.00223169757402894
CYP2U1	0.00151879138752885
FBXL18	0.000680950073077584
PROM2	0.00102800442916466
AK9	0.000372828938664189
KLF10	-0.000881579144853587
AZIN1	0.000699267879756265
ATP6V1C1	0.000840361484575604
PIP4P2	0.00162341586569106
OTUD6B	0.00123256708050379
CDK19	-0.000604425765921628
GTF3C6	0.000453241835195902
TTC39B	0.000318241456772533
AGPAT5	0.00151254023739639
MMS19	0.000449915659293551
PI4K2A	0.000293328904359807
MARVELD1	-0.000648723726910594
ZFYVE27	-0.000119587239365906
GPR78	-0.000107225468970737
TRMT44	-0.000708708270319378
SLC25A28	-0.00030681630398405
HSPA13	-0.000440599434822049
USP25	0.000613931707705965
GRAMD2B	0.000279967261466768
ZCCHC10	0.000260075148491263
C16orf87	-0.000101267820225372
MOV10	-0.000272026595232399
RHOC	-0.002072252733831
PPM1J	0.0024750653592601
DBI	0.000595422986019474
SLC16A1	0.00139580555161452
HEATR3	0.000626795657916851
NIFK	0.000731089252799394
OXA1L	0.000231481110782817
SLC7A7	-0.00147071402426131
LARP1	0.000819994049938466
CNOT8	0.000250449227415019
GRIA1	0.00012997932505279
SETD9	0.000176218449156757
MIER3	0.000105418327237571
NUP205	0.000951293649652306
ZKSCAN2	-9.0584477294113e-05
C9orf85	0.000244160751859904
RBM45	0.000267656556023352
PDIA4	-0.000272280194776079
KDM8	0.000706359035394064
KCTD18	-0.000830675220781102
FAM126B	-0.000572411261707077
TMEM237	1.35324759573796e-06
FZD7	0.00115274669462611
SPAG17	-0.000440092493045689
DEPTOR	0.000999470607145923
FMN2	-0.00208512978760328
RNF20	0.000544743642811195
ELMO1	-0.000663825269302442
SLC26A2	-0.000223168463648972
LSM11	-0.000480635277958709
MED7	0.000246539171088257
RRAGA	-0.000466729247536185
PXYLP1	0.000308218041545662
RASA2	0.000281658865654243
RMND1	0.000112559655569934
TMBIM4	-0.000667600186595255
VBP1	0.000183068824290201
RAB39B	0.00177113515884016
AFF2	0.000816729835737493
MICU3	-0.000134582657343386
GRIP1	-6.94052531284041e-05
VPS37A	-0.000290807598203624
KIF5A	0.00217221178747776
PSD3	0.000329912420615401
CARNMT1	0.00114874546585152
MCU	0.000583924687822131
ELMSAN1	-0.000749508566959104
GNA14	0.00192690259561518
GNAQ	5.70384088980428e-05
WIF1	0.00273154698866355
MMP16	0.00116860826860093
ADK	5.48303220174105e-05
KCNMA1	0.00101672353343152
DCK	-3.32981818522764e-05
ADAMTS3	-0.00064417835887768
ALX3	-0.000516204278797002
DPY19L4	-0.000632628791555003
NDUFAF6	0.000633344150627431
DRAM2	-0.000692593046047234
WHAMM	-0.000531497799281154
N6AMT1	-0.000183014558106251
RWDD2B	0.000674818563921535
USP16	0.000175067095361792
CCT8	0.000392086053046724
MAP3K7CL	-0.00342107687594884
BACH1	-3.08780091333745e-06
TSPAN7	0.000108320371016647
TIAM1	2.75845358016849e-05
SCAF4	0.000617913804266032
RPGR	0.000121436130625686
CDK20	-0.00124545606441236
PCGF6	0.000511452524583654
ANKRD9	0.000409986722507091
SFR1	0.000431926968468245
SFXN2	0.00107422838227425
ATP5MPL	-0.000321439051965107
PCDH1	0.00277536024886556
SH3RF2	-0.00210355657627559
GDF6	-0.00382669807652431
UQCRB	-0.000124033703969289
MTERF3	0.000662085668087651
PTDSS1	0.000601311215714802
PPP2R2B	0.00239612021196646
RPL30	-0.000418179343043702
FAM122C	-0.000570620381620595
SUPV3L1	0.000726315797794124
FAM122B	0.000288595823505531
EEF1A1	-0.000483073985839168
HK1	0.00121375523295977
TYSND1	0.000959091138744341
PHF6	0.000244505793899814
CD109	0.00103004872549379
NODAL	-0.000407295076209601
UBE2L6	0.000907363676126653
ZDHHC5	2.65157893529333e-05
MED19	-2.74410191995467e-05
ZFAND3	-0.000795353252385657
NPTN	-9.30460433744142e-05
KAT6B	0.000522786271851564
SAMD8	-0.000284467103186677
RAB11FIP1	-0.000196982770710832
UNC5D	0.00240976688085369
UTP14A	0.000943689035958663
AIFM1	0.000709957665231271
MAPK13	0.0009573539631862
BAG4	0.000798363702321917
TBC1D31	0.00146294783087231
WDYHV1	-1.63399611491058e-06
ATAD2	0.000303223158008383
FBXO32	-0.0011561912325467
NSMCE2	-8.97440873110596e-05
ZNF689	0.000464449087117725
PRR14	-0.000978516087176342
FBRS	-0.00189622348408466
FRRS1	-0.000138784243455953
PHKG2	0.000161349785008417
MFSD14A	-5.47197961087401e-05
SASS6	0.000986662121655515
ZIC3	0.00153926327704934
MALSU1	0.000337449279279702
VPS8	0.000279282843923858
GALK2	-9.96864360848302e-05
LHFPL4	0.00354102008303641
B3GNT7	0.00348736312504697
MPV17L	0.00221494274198914
BUB1B	0.00129237363722128
PDE6D	0.000514755678163943
EIF4A2	-0.000316549408740491
BRPF1	0.000329746150672873
RPUSD3	0.000414116457389799
SST	-0.00268572962629558
TATDN2	0.00039556250123211
SEC13	-0.000439411219162298
EXOG	0.000496796844106192
NTAN1	-0.0002135567458957
NMNAT2	0.00141688040892142
ZFYVE9	0.000448843688751053
SMG1	0.000621163564533984
FCHO2	-0.000421472815015732
RBPMS	0.00118782196013453
TIMP4	0.00570838659614104
NRG1	-0.00165159524568703
ODR4	-5.87782819503282e-06
CPT2	0.000632911108987291
NECAP2	-0.0006632058346195
LRP8	0.00154267084618939
PAXIP1	0.0010691069242175
STEAP2	0.00273348641686028
SSBP3	-0.000646211120901245
CLDN12	0.000354660992993371
MMP14	-0.0015481616376712
FZD1	-0.00214285074419927
GATAD1	-6.15867290222587e-05
SUSD3	0.0017539957360133
DHRS4	-0.000236558570743635
DDX19B	0.000263711608453516
ST3GAL2	-0.000408173157666536
FUK	-0.000628202492428636
IL34	0.00221656300115393
DHRS1	-0.000748862711148047
ARSE	-0.00135959960591483
KIT	-3.29905968617481e-06
AASDH	0.00051789741515208
ZNF19	-0.000218304356165856
RNF111	-7.12788458206166e-05
CCNB2	0.000575597466501289
MYO1E	0.00133617344360094
APPL1	0.00023575529677061
MUM1L1	-0.00196374895641329
AFAP1L1	0.000864747073057639
TSC22D3	-0.000722276518625453
VPS26C	0.000658884854199866
DYRK1A	0.000203182690334093
ERG	0.00186023962103551
ETS2	-0.000683249704372488
TSPAN18	-0.00196348118230242
SLC35B2	-0.000519994314042834
TMEM164	-0.000150040185080691
MX1	0.00275553112858969
CREB3L1	-0.0012560579161512
C2CD2	6.65406882419688e-05
TAB3	-1.256513248695e-05
SLC38A10	-0.000591628918498311
PALM2-AKAP2	0.00099104422190817
ZNF618	-0.000317880747695273
TMEM268	0.00119051536590539
UBN2	0.000321110703904536
BRAF	0.000291077850453802
SLC34A2	-0.0012492743611047
PSMG3	0.00045443731875356
CABP1	0.00332352127789685
WDR19	-0.000513860844755615
SLC37A3	-0.000140496651747741
AP3S2	0.000337480086069497
FMNL2	-4.53781689788109e-05
GAREM2	0.000251457810334077
SPPL3	-0.00026217274691673
DPYSL5	0.000186391143487556
RAB28	-5.0993865594784e-05
PRXL2B	0.00043765762776275
PANK4	-0.000207175354214926
MEGF11	0.00194442459896776
C12orf43	0.000529165958622701
PEX10	6.47536294989241e-05
RER1	-0.00038813477861594
RADIL	-0.000421801042010275
SKI	-0.000113681311221729
WIPI2	-0.00020995398024852
LDLRAP1	0.000174845479017514
AGAP1	0.000401257477357819
KRTCAP3	0.00214380589277836
PAFAH2	0.000122126161563552
BABAM2	-8.27062540671746e-05
WDR66	-0.000600059330507109
MRPL17	0.000392300971656191
DUSP2	0.00214503130010865
GRHL3	-0.000411228981528217
UBXN11	-0.000673209548376384
PTPDC1	0.000288640700891374
GALNT14	0.00112012935695807
NCK1	0.000110404391397361
RHPN1	0.000238598278631702
TPRG1L	-0.00046849634073609
PRXL2C	0.000272178858231182
XKR8	-5.40278299085309e-05
CNNM4	-2.14191635746472e-05
EYA3	0.000351656603495655
DZIP1L	-0.000819592663353528
TMSB15A	2.79427825713752e-05
FANCC	-4.38412452257727e-05
MRAS	-0.000450566835603523
WASF2	-0.000121285383358649
ABHD3	-0.000251102054669991
ESYT3	0.00172846553883356
FAIM	0.000316182898322525
TENT5B	0.00310161724982911
CLSTN2	-0.0024110421584439
COLEC12	-0.00551415030936523
RNF207	-0.00108821170304575
CUL4B	3.4497560591523e-05
GPR153	0.000421367261658405
SLC13A3	0.0015714240428869
GPRASP2	-0.000338265796384857
AUTS2	0.00131972267617739
SHROOM4	-0.000489421441096719
HIST1H2BD	0.000169835717164367
CDC25C	0.00090296243052259
HIST1H4H	0.00094460226352402
MITD1	0.00052763941009603
EIF5B	0.000693558106095738
TMSB15B	-0.000900713534351809
CNOT11	0.000338387718253253
TSPAN33	0.00181346168517694
NRG2	-0.00144087170739463
AHCYL2	0.000349570917128907
B4GALT5	0.00037902109496992
CD1D	0.0014018817529005
SPATA2	0.000641436170861351
FAM86C1	0.000755644368408021
TSR2	0.000452738262232192
PPP1R9A	0.000358003658430511
ZC3H18	0.000115257059028889
ZFAND2B	-0.000695490804122105
GDPD5	-0.000949120840923503
DYNC1I1	-0.00165646552347238
TMED4	-0.00101878031311505
PPP1R15B	-8.61978254593236e-05
COPG2	0.000281842211955915
EMSY	0.000389466569663825
GPAT4	-0.000200427219282963
ZSCAN12	0.000195815183761757
TAGLN2	-0.00209520055552204
ELK4	0.000198704636482356
SLC45A3	0.00083853332236642
DUSP23	0.000179014331593444
RNF166	0.000455759018895566
NBL1	-0.00216252589557351
ITLN2	0.00173786642588821
F11R	0.000795846031555822
USF1	8.58944303717326e-05
SPATA2L	-0.000448285876281254
NIT1	-0.000218742632486815
DEDD	0.000226086255361265
ZNF276	-0.000696416748798997
NPM2	0.000449518754290219
EDA	6.41970163648087e-05
FGF17	-0.0053952695177158
CDA	0.00111832787189883
PINK1	-0.00102478183093172
B4GALT3	-0.000203180454709339
DMTN	-0.00329406643902691
ADAMTS4	0.00137874599587863
FAM160B2	-0.00171937168975688
NDUFS2	0.000185747643138727
APOA2	-0.00519387869938472
TOMM40L	0.000546152007682252
MPZ	0.00018776780316923
CCAR2	6.74218568570933e-05
CACHD1	0.000440235363067326
CDC42SE2	0.000275921183397012
RAPGEF6	0.000365014782273826
EPB41	-0.00221447675948734
MIS18A	0.0011043264068032
ALG8	0.000492343841348126
FBXW5	-0.000480087479292802
CFAP298	0.000941146857230389
SYNJ1	-0.000866946887246248
PAXBP1	7.41307356691908e-05
IFNAR2	3.72738994058836e-05
MRPL10	0.000522142349636627
IFNGR2	-0.000499019400741655
GART	0.000973093943173159
SON	1.60056161813036e-05
DONSON	0.000258797999429324
SV2A	0.000859377651916799
LAD1	0.00196713181735882
STC1	0.000162416147106298
TNNI1	-0.00287295983465511
CSRP1	-0.00252846275261681
ATP5MC1	0.00079219522839605
RCAN1	-0.00152149500259875
UBE2Z	7.71947345182581e-06
CIART	0.00137611194116971
SNF8	-0.000101496688750845
CLIC6	-0.00115800578435026
CCDC24	2.64698451964299e-05
RUNX1	-0.00315313404984589
IGF2BP1	0.000390823142148445
CBR1	0.00117526483558527
ACTC1	-0.00132551963973624
MORC3	-5.70395759373077e-05
CHAF1B	0.00083932998469879
HLCS	-0.00039577705962441
SCUBE1	-0.000424147400143392
ARHGAP27	0.000837731872725468
ADPGK	-0.000338066916202574
PTMS	-0.000767948459452541
ADIPOR1	-5.09700918229901e-05
CYB5R1	-0.000746157393124747
PSMD4	1.86424058230836e-05
ATP13A2	0.000437224137334405
M1AP	0.00295497803694982
PSMB4	0.000290870541703363
BTG2	-0.00289672755102907
HK2	0.00143578366974724
C1R	0.00147364766416763
CELF3	-0.00101592507794236
ALDH4A1	0.00159742837138435
STARD9	0.000108385863558247
THEM4	0.000194659698296641
UBR1	4.36381953825705e-05
AMFR	-0.00151298643968065
MED8	-0.000675444826057756
RGL4	-0.000194984155911282
RSPRY1	-0.000511932421636296
GPBP1L1	0.000344419130760205
NAE1	0.000720273025847456
TMEM69	0.000765485165210028
ADGRG5	0.003462101967923
EFCAB14	-0.000408416457230699
SPON2	-0.00159196850284344
CHCHD6	0.000440595657265042
CTBP1	-0.00077312274374842
TPPP3	-0.00398417413015952
ZDHHC1	-0.00085850092593955
ATP6V0D1	-0.000436688152439633
CARMIL2	0.00159424115344912
C16orf86	-0.000573260103754189
FAM131B	0.00147087743081554
RGS12	-0.00089293676445101
PSKH1	-7.9336371781999e-05
ZYX	-0.000343336061609502
ABR	-0.000652991541031646
CCDC117	0.000172022116180677
CCDC107	-0.000218867990039074
ZNF222	-3.35339799080117e-05
NPR2	-0.000553388777014261
ZNF235	-3.7314418076776e-05
GNE	-7.06227618282963e-05
ARHGAP35	0.000346375656510872
CALM3	-0.000721135633568554
DFFA	0.000270396124630772
CCDC28B	5.8808080825741e-05
IQCC	0.000175962211924032
TMEM234	-0.0006952550204113
BSDC1	-0.000505611195282052
ZBTB8A	0.000301249641060269
ATAD3B	0.000988839753897149
SSU72	0.000258081125619722
UBE2J2	-4.2239986356205e-05
ZNF362	-0.00043959384097469
FNDC5	-0.00239722710163102
CPAMD8	-0.000580670377369067
NR2F6	0.000219174087744882
ANKLE1	0.00127461955999884
CCDC58	0.00096635103899283
VMA21	0.000420058185752144
KALRN	-0.0015328941772618
CILP2	8.38418254787763e-05
TFF3	0.00483900641128215
SLC37A1	0.00150986514624101
PDE9A	0.000418800325839932
WDR4	0.00133457536610819
NDUFV3	0.000239917396496477
PKNOX1	5.22589537547229e-05
CBS	0.00139154890236603
U2AF1	0.000457669249635101
RRP1B	0.00125407950038022
PDXK	1.99579432138571e-05
G6PD	0.000310517131094701
CSTB	4.47854880802062e-05
RRP1	0.000840775782854512
AGPAT3	-0.00251761361699021
TRAPPC10	0.000289959571863628
GATD3A	0.00021879928530017
ICOSLG	-3.54057359407222e-05
CFAP410	-0.00124336861458298
ZNF66	0.00121319479536639
LRRC3	-0.00181134815459125
FAM207A	0.000737737780848191
RALGDS	-0.001397478755975
FTCD	-0.000190237176046032
SPATC1L	0.000689597870338919
LSS	0.000578821675678832
VAV2	0.000200706271207534
MCM3AP	-2.55657733510631e-05
C21orf58	-0.000113818423875907
PCNT	0.000498255545552976
DIP2A	-0.00054645169574379
S100B	0.0047637134820484
PRMT2	-0.000940807884111343
CLDND2	-0.000379140263272916
ZNF208	0.00134309835613399
ADAMTS13	-0.000340188638989766
CACFD1	-0.000697682262432844
SLC2A6	0.00115167074769904
C9orf116	0.000503054300086204
ZNF714	0.000261965767578906
GPSM1	-0.00152205227752365
C19orf47	-6.0795198134206e-06
TOR2A	0.000126257288293926
ST6GALNAC6	1.6699187769997e-06
SHKBP1	0.000201721474495265
RDH13	0.000468436453575667
ZER1	-0.000412679714813869
ZDHHC12	0.000325524344393318
PKN3	0.0001377455922333
BRSK1	-0.000492330157961286
COX6B2	0.00121490167564517
TAOK1	3.23363393137222e-05
MED27	0.000239412994260825
DEDD2	0.000627539420925629
SIK3	8.84412426092826e-05
NEK8	0.00151508610024284
TLCD1	0.00183126492667054
PCSK7	-0.000471574708537331
SAFB	-4.33901421303758e-05
S100A1	-0.000845888953789759
CHTOP	0.000231716664830844
ZBTB7B	0.000563803531554917
FLAD1	0.000987218221153163
SHC1	-8.53356020929468e-05
VPS11	-0.000212499315273285
NLRX1	0.000355851748572155
ADAR	0.000479611372698431
IL6R	-0.000524790418122567
UBE2Q1	-0.000211632365438612
CRTC2	5.95058239956506e-05
ANO10	0.000460655520598652
FDPS	0.000551833688398187
RUSC1	0.000216317080145148
FAM189B	3.94124755702055e-05
PAQR6	-0.000178573508672811
PMF1	0.000471681593059097
SLC25A44	0.000523046923092471
LMNA	-0.00155024471251581
NBEAL2	0.000827079986096828
CCDC12	0.000234069497744007
PTH1R	-0.00337304071256377
UBQLN4	-0.000256047853767482
MYL3	-0.00487328681474318
PPP1R35	0.000250845959666415
GPATCH4	0.00145982784203846
FGFR4	0.00156161683473332
NACC1	0.000761922867289522
IER2	0.000460750848087076
ZNF394	0.000434281186797834
CPSF4	0.000223197951772834
LY6E	-0.00153754907915952
VPS28	-0.00110730683202809
TONSL	0.000914584841420752
MUM1	-0.000171734302405449
RECQL4	0.000870866358956273
LRRC14	0.000268938899549532
ZNF333	-0.000596757799784506
PPP1R16A	-0.000904584066134367
FOXH1	0.00337718012744014
ORAI2	-0.000675169461283684
ALKBH4	0.000552843176405238
SH2B2	0.001196765921918
MRNIP	-0.000647574912940925
SQSTM1	-7.98001632214032e-05
MGAT4B	-0.000457253877095736
RPL8	-0.000264674990303957
MAML1	0.000222610705103514
LRWD1	0.000224416888265654
NAPEPLD	1.3357294501585e-06
PSMC2	0.00033654102994011
CELF5	0.00114517868615514
MFSD12	0.000194393701629937
YDJC	0.000846185141254343
DVL3	-0.000582437947424038
AP2M1	-0.000296977952337208
ABCF3	0.00037009748594902
PCYT1A	-0.000107099577645062
FBXO27	0.00120300666122824
DMKN	0.000797039863998776
U2AF1L4	0.0001303847137983
BDH1	0.00134077162229085
THAP8	0.000103957143551528
COX7A1	0.000423583995784978
ZNF382	-0.000682572082055989
PLXDC1	-0.000124704676832851
PGAP3	0.000188481484625377
FDXR	0.000977014744138701
SAP30BP	-7.47541599079331e-05
ACOX1	-0.000235480449883349
PRPSAP1	-0.000356062602803515
CYGB	-0.00122232415528107
SRSF2	0.000447535500985582
ZNF577	9.31204528221776e-05
TMEM143	0.000558062118650326
ALDH16A1	0.000528723149691279
ITGA5	-0.00261030804135227
ZNF385A	0.000209485198214239
MPP3	-2.9564526669024e-05
LSM12	0.00066530772492824
EMC10	-0.000980459060053137
JOSD2	-0.00314578626861331
SHANK1	-0.00110301503669697
FAM171A2	-0.000589779726740104
DBF4B	0.000506068708783068
PLCD3	-0.000537728627584663
FMNL3	-2.69898220158263e-06
RACGAP1	-0.000116873234070544
LARP4	0.000634809924819325
GRASP	-0.000588001771175171
RAVER1	0.00064129049635997
SYCE2	0.000333524689204112
SPC24	0.000469996188438831
LEMD2	-4.33621991938013e-05
ALOX15	-0.000691789410388761
ZNF653	-7.19525114844203e-05
MED11	0.000438389147353163
CXCL16	-0.000205522826656934
RNASEK-C17orf49	0.0010764234843977
BCL6B	0.00212421858418321
ASGR2	0.00329659156010769
TNFSF13	0.000886552000426192
SENP3	0.000498817445717214
FGF11	0.000571152440216061
EIF4A1	0.000242608970943621
RPL26	-0.000437437879987106
POLR3K	0.00115301549898283
SNRNP25	0.000475282011549784
WDR90	-1.66202318043315e-05
JMJD8	-0.000134825237197879
CCDC78	0.000209333176980283
SPSB3	-0.000638401848870639
TEDC2	0.0009887477031604
CCNF	0.000587582769226903
TBC1D24	0.000175580335078605
AMDHD2	0.000589123282224605
BICDL2	0.00341636088935666
PAQR4	0.000528829776063989
FLYWCH2	-0.000648146024212109
ZNF75A	4.05025289274634e-05
ADCY9	0.000614463078832894
SHANK2	0.00208576451229525
CLPB	0.000630050628489732
NEU3	0.000985550403316078
CYB561A3	0.000468599562097079
PPP1R32	-0.000831700720721438
ASRGL1	0.000236613760935799
GNG3	0.0011493278726839
UBXN1	-0.000101318854391921
LBHD1	0.000728184086252853
TTC9C	2.52053259161177e-06
TAF6L	0.000456696287242582
NXF1	-0.000238733391145057
STX5	-0.000924541332006408
RPL29	-0.000385918095367767
SYVN1	-0.00021534511187568
ZFPL1	-0.000776001179948791
RPS6KA4	-0.000881941058820475
LRP5	-0.000264687573097264
TPCN2	0.000645847890494242
FGF19	0.00335763280489381
CMPK1	-0.000903349035607939
BEND5	-0.000235060459776703
ELAVL4	-0.0029820233452742
COA7	0.00146083199010092
ZYG11B	2.99081459688034e-05
C1orf123	-6.01928384098808e-05
MAGOH	0.000361173673722274
PARS2	0.000770198292074844
USP24	-0.000232308531698574
PLPP3	3.37302119453516e-05
NOL9	0.000519845494802417
PRKAA2	0.000231452678260046
KLHL21	0.000487047700429738
ZSWIM5	-0.000603118816533713
GMEB1	0.000509524250175377
SELENON	-0.000596162325283486
AK4	0.00104635226926727
JAK1	-0.000639167353995958
RAVER2	0.0005070260148042
LZIC	-0.000483193289419377
RBP7	0.00170160054500172
FBLIM1	-4.82023978866001e-05
DRAXIN	0.00089166453825537
PDPN	0.00128880350271204
DHRS3	0.00133460806388858
SDC3	-0.00102080080680083
PEF1	-0.00037684980502205
SYNC	0.000119908715533208
RBBP4	-7.14360893818285e-05
KIAA1522	0.000377024901883054
TSSK3	-0.000613028276237472
TMCO4	0.000945703826746645
CAMK2N1	-0.00127566508627077
ALPL	0.00228206918008841
WNT4	-7.98951549542047e-05
SCNN1D	-0.000801262646708687
MXRA8	-0.00230299464316246
FAAP20	-0.000246448200643904
MEGF6	-0.00139725694771654
NFIA	0.000935042792730145
OMA1	0.000802505105698468
MYSM1	0.000182272268387085
TM2D1	-0.000764458813269889
USP1	0.000588549409323961
FUBP1	8.15106772976207e-05
NEXN	-0.00113695350221125
DNAJB4	-0.000587104414657783
TYW3	0.000687917598182851
SNX7	-0.000119693158960152
NTNG1	-0.000502096192845309
FAM102B	0.00112280403408017
HENMT1	0.00171174411305142
C1orf52	2.39685456108527e-05
GBP2	-0.00511695270013693
ATXN7L2	0.000683811317328131
ZNF326	0.000381604261489512
HFM1	-0.000383537114970042
KCNT2	0.00052368841237425
AGL	-0.0003907164166023
VCAM1	-0.0028664363318448
EXTL2	0.000397608884318474
SLC30A7	0.000183917309728356
ZNF281	0.0010603088757317
ARPC5	-0.000626295783349299
CADM3	0.000304374478682665
ZNF496	0.000324498099193501
IGSF8	0.00156281120219589
DDR2	-0.00136142560303709
PEA15	-0.00101885706310634
PEX19	0.00145091624775121
NCSTN	-0.000653809868465952
VANGL2	-0.000102339905232161
OLFML2B	0.000829973666012511
KLHDC9	-0.000283954827615659
C1orf74	0.000651105941943761
LMX1A	-0.00528641133240842
FLVCR1	0.00153326881686911
ATF3	-0.00129555501039681
RBM15	0.000841072676746854
IER5	-0.000637109399677125
BPNT1	-0.000349658615436914
SPATA17	-0.000852244977574334
C1orf115	0.000443651581711464
BROX	0.000112119113590162
ACP6	0.00034087640325367
KIF26B	-0.00349316574524959
TFB2M	0.000916538574022044
CNST	0.000412357499168529
PPP1R21	-0.000345732898208772
KLHDC8A	-0.00126725690182805
PKDCC	-0.000209654690022507
HAAO	-0.00113224343609961
B3GALNT2	0.000516533505064952
MAPKAPK2	-0.000919003168050698
CAPN2	-0.00208191964810441
MRPL55	-4.89459822481338e-05
WDR26	4.67260216828074e-05
PUS10	-0.000372142819692948
PEX13	-6.13683287036106e-05
KIAA1841	-0.000589624133499195
TRIM17	-0.00222871623969405
RFTN2	-0.000938088138348023
CAPN13	0.00177927059790979
MEMO1	0.000357875623641367
DPY30	0.000422909517293965
TYW5	0.000495029727514828
MAIP1	0.000641362502695576
KCNF1	-0.000929726176740868
PQLC3	0.000378473814430965
ARL5A	0.000126290567386801
FAM84A	-0.00187344646254959
KCNJ3	-0.00286168524406833
CLHC1	-0.000620120362160552
FRZB	-0.00361056994870754
CFAP36	-0.000685408487261673
NUP35	0.00154091185046542
CCDC138	0.000855634066399381
FBXO41	0.00155593949486566
ACTG2	-0.0014984311549533
WDCP	0.00136350664422325
SMC6	0.00109475470361449
VSNL1	0.0038444846223512
CCDC74A	0.00022400741005666
H3F3A	-3.64963919956022e-05
COQ8A	0.00119085048021974
SLC16A14	-3.67123252241503e-05
SGCB	-0.00028500170133558
SPATA18	-0.000425633547959473
CFAP221	-0.0027474155795341
BBS5	-0.000520103828860931
SMARCAD1	0.000273608596288038
PDLIM5	-0.000973998617823239
RPRD2	0.000304306437979883
MSX1	-0.0040677934644139
PACRGL	5.45867692632512e-06
LYSMD1	-0.000502808327167925
SCNM1	9.14709344657871e-05
VPS72	9.0041560846544e-05
ERCC3	0.000139517396358689
RNF149	-0.000224477807130431
IWS1	0.000170281778049428
BOLA3	0.000792591943115129
CDC42EP3	-0.000263101600827296
S100A11	-0.00131124328465413
DHX57	0.000256583522062502
S100A9	-0.00580578916200399
CCNYL1	0.000500402573373318
FZD5	-4.02234735958833e-05
DCAF16	0.000118422885648227
NPPC	0.00349272239051208
GNPDA2	-9.31284288190491e-05
PAQR3	0.000171486753491122
NIPAL1	0.00080736532194816
ANTXR2	-0.00144763402015003
HELQ	0.000322128657015464
MRPS18C	0.000330527678294493
CGGBP1	-0.000324330689879782
ABRAXAS1	0.000383353498820813
GPR155	-0.000825353874495812
PMVK	0.000377230987067485
PBXIP1	-0.00113206720203956
CLDN1	-0.00140292800451683
PYGO2	0.000103735582583999
HIPK1	-3.0903256953272e-05
COL6A3	-0.0023302218619943
INAVA	0.00039283908316878
YY1AP1	0.000198286115129609
KBTBD8	0.0022757908972729
FAM19A4	0.00379800871443203
EOGT	0.000702059072663893
NAXE	0.000167583673187982
POGLUT1	0.000317612158680807
SLC22A15	6.81169213844574e-05
ATP1A1	-0.000335654261569934
SLC15A2	0.00144914565950902
EIF4E3	0.0014408850306664
LRRC58	0.000351435608462039
FSTL1	-0.00104357160866698
LMOD1	-0.00125995079044367
ELF3	-4.39164607103783e-05
TMEM183A	0.000533648107438115
TMEM169	-0.000658295576578456
IGFBP7	-0.00437375370941121
TRIM46	0.00121685495432299
KRTCAP2	-0.000177441603024532
ARPC2	-0.000546507304590397
CCT3	0.000571453850907592
TMEM79	-0.000480392759002756
SSR2	-0.000679416354580061
RNF25	-1.33268580765209e-05
STK36	-0.000471086945137028
ADORA1	-0.00078742133596257
SRGAP2	-0.000833388120120126
CCDC141	0.00135506883127949
IHH	-0.00242850449779654
CIP2A	0.00111104904899727
EOMES	-0.00289119718089126
CWC22	0.000813665342318188
AZI2	-0.000643255600444215
TGFBR2	-0.000860848856517255
ANKZF1	1.74399054793819e-05
HDAC11	-0.000472080327383597
FBLN2	-0.00133521214475241
GLB1L	-0.000792958911394747
STT3B	-0.000651857806820634
CHCHD4	0.00101899759714446
DPPA2	0.00416605733924604
NFASC	-0.00061796958777763
SGO2	0.000804915545372031
SERPINI1	-0.000112683280602673
CLASP2	-3.94817963215284e-05
SUCLG1	-0.000579740897514268
NUAK2	-0.000663905955126914
PRKCI	0.000461441914595674
IFI16	-0.00171975421369942
AIM2	0.000566913600951276
EIF5A2	0.000231963515625729
RPL22L1	0.000994431636124731
FABP1	-0.00169678546543668
PPM1L	0.000640498778440415
ICA1L	-0.000330737397460288
RYBP	0.000211408158228439
PPP4R2	-7.57806849355312e-06
GTPBP8	0.00045655868670955
NEPRO	0.00025900028445422
SPICE1	-0.000102792358739412
CCDC191	-0.00125061636294824
CADPS	-0.000179741645726879
CDS1	0.00118663619658718
WDFY3	-0.000102477485972273
COX18	0.000565817265319137
PTPN13	-0.000232736283225432
ALB	-0.00462098711526337
C4orf36	0.000686259255801174
THOC7	-3.23346394490941e-05
ATXN7	-0.000179978687501248
PSMD6	0.000240956897196963
PRICKLE2	-0.000868916631861416
ADAMTS9	-0.0047689890322783
PPM1K	-0.000799590865048703
GMPS	0.000824719234399654
TIPARP	-0.00123721420705173
CCNL1	-0.00029058426570673
PTX3	-0.000223101571001041
HESX1	0.00286090997393637
DCLK3	0.00156967769126312
SLMAP	3.60237535025282e-06
RPL9	-0.000566669057285516
SMIM14	-0.000202775914620746
RPP14	0.000381439944174587
ABHD6	-0.00113647991082656
C3orf67	0.000358765222587644
RBM47	0.00131207628733306
APBB2	0.00039954510872605
IL17RE	0.000431718417454657
IL17RC	-0.00049959444494506
CRELD1	-0.00161402146205583
PRRT3	0.000924432678431665
FANCD2OS	0.00142323361261711
PCOLCE2	0.000774790307951808
U2SURP	0.000502885819201565
MTMR14	0.000699394014631253
TTC14	-0.000677950057155706
CXCL3	0.00283155908233553
CXCL5	0.00471380944460907
MTHFD2L	0.000614369386866336
CXCL1	0.000829274341715035
RCHY1	0.000639548509857422
PLSCR2	-0.00158621178115156
GYG1	0.000593158180865804
HPS3	0.00150034131888242
TM4SF18	0.00228637500668794
TOPBP1	0.000135801955796007
RYK	-0.000600855925771233
SNRK	-3.9732957443701e-05
ZNF513	-3.94334989982113e-05
SLC4A1AP	-3.33709923272204e-05
KIAA1143	0.000604135197381798
KIF15	0.000772935707961708
WDR43	0.00126849659506563
ZDHHC3	0.000191765772747968
CDCP1	0.00181297761110973
LZTFL1	-0.000613519433020152
FYCO1	0.000136565180591305
LRRC2	0.00140285171604051
ELP6	0.000448196114345731
DTX3L	0.00062005039567639
ZNF148	-0.000495396214326355
SMIM12	9.0290241261959e-05
ZMYM6	0.000355340223780942
TPRA1	-0.000385688339065923
YEATS2	0.000169066799452854
GRIK3	-5.70419683879447e-05
ZC3H12A	0.000904502365687718
MEAF6	-0.000378103140271978
SNIP1	0.000294150085844959
DNALI1	-0.000704317210787407
POLR2H	0.000402316920259474
KLF15	0.00193614591821951
CAMK2N2	0.00284091351025126
LIPH	-0.00213585427898481
TMEM41A	-0.0001668349658936
RPN1	-0.000331919167736131
SENP2	0.000595873709716129
HEYL	0.000157672512486206
IFT122	-0.000141851005103864
RFC4	0.000878998499225847
RPL39L	0.000759966635318116
BAP1	-7.90659265180643e-05
TKT	0.00113287581529597
PRKCD	0.000361228477305816
RFT1	0.000329300004360877
SFMBT1	0.00157149170464033
GNL3	0.000857232118866353
PBRM1	2.40640895969902e-06
UVSSA	-0.000276255630198605
FAM208A	-0.000333426434575437
ARHGEF3	-0.00145432200750362
SLBP	-0.00021489773623773
LRPAP1	-0.000561889386344909
ZDHHC19	0.00463110813354699
SLC51A	0.000775188358015482
UBXN7	0.000273034792915819
RNF168	0.00121330343987398
PIGX	-0.000559522196755681
MELTF	-0.00229856879285897
EXO5	0.000150182266024725
CLDN19	0.00122494623015884
C1orf50	-7.56090881210299e-05
ERMAP	-0.000218927631106276
ZNF691	0.000856905699850956
AIMP1	0.000177575291802623
SGMS2	-0.00105255253428988
METAP1	0.000822194122728994
DNAJB14	-0.000151943631338332
H2AFZ	0.000310633945934516
SLC9B1	0.000572561066033495
SLC9B2	-0.000564907028866346
BDH2	8.15757262771386e-05
PGRMC2	-1.67584491747882e-05
CDC25A	0.00128603026036426
ZNF589	0.00215964434167668
PLXNB1	4.64419332343816e-05
CCDC51	0.000310590198950879
ATRIP	0.000792663703881296
SHISA5	-0.000349010219220228
SPRY1	0.000712577181283766
APEH	0.00054044189979169
INTU	-0.000310583535333163
RNF123	-0.000155195425742358
MFSD8	-6.15098835041105e-05
ABHD18	0.000546982375867468
CAMKV	0.00399559030152086
MON1A	0.000627950532849119
RAD54L2	3.55055894347294e-05
TEX264	-0.000759582682514214
GRM2	0.000101963200273401
DUSP7	5.88779480972522e-05
POC1A	0.00116605714877516
PPM1M	-0.000377676460551364
ETNPPL	0.00332632568534741
WDR82	-5.67079001483101e-05
PITX2	-0.00601201436140609
C4orf3	-0.000342453307840075
PRSS12	0.000280959138423253
HMGB2	-0.000221613039251202
SAP30	0.000613699735377786
SCRG1	-0.0041014365281232
HAND2	-0.00471865173486467
MAD2L1	0.000581200708366163
ANXA5	-0.000658680183244138
MAP9	-0.000400477066465485
GUCY1A1	-0.006008249900967
FBXO8	-0.000762941746821801
CEP44	-0.000286525800234165
HPGD	-0.000681636274351509
TMEM144	-0.000287093327693345
FAM198B	-0.00462650364199135
NPY1R	0.000967029163220245
NAA15	0.00132952834210051
FAM160A1	0.0021069289993583
ARFIP1	0.0004317930185579
ICE1	0.000751796562072107
HHIP	-0.00276517124216606
ANAPC10	0.000184898571432605
ABCE1	0.000963890858131608
OTUD4	0.000474149179746628
LSM6	0.000666512191101905
TMEM184C	0.000345399444125723
PRMT9	0.000117494741413544
ITGA2	-0.000236552186230855
MOCS2	-0.000541930582338337
EDIL3	0.000331542720705482
TMEM161B	0.000348909721037528
ELOVL7	0.00111750153708988
NDUFAF2	0.000718539323401831
LMBRD2	-0.00039738419788789
NIPBL	0.000115236164125374
ADGRV1	0.000998572039843862
SLC25A46	-0.000316944485744031
STARD4	0.000303197647598603
PGGT1B	0.000503355261550115
F2RL2	-0.00284285744303924
CCDC112	0.000948456664477986
ANKRD33B	0.000893561241753494
CMBL	0.000589474515986596
PRRC1	-0.000134696693405181
F2RL1	0.000263766411651951
AGGF1	6.94980369300651e-05
WDR41	-0.000469879191772759
NDUFS4	-0.000307105255164803
SCGB3A2	0.00654844380560604
SPINK1	-0.00128229413702924
ESM1	-0.00874207405451569
GRPEL2	0.000922075424795127
CDC20B	-0.00200938081324879
ARSK	0.000623353226765699
RHOBTB3	-0.00328757050077455
GPX8	-0.000632297645373016
SERINC5	-5.20734039745667e-06
CASP3	0.000504129769547581
PRIMPOL	-0.00027110207389862
ERAP1	-0.000306589093499402
EGFLAM	-0.0036878613824136
CFAP97	0.000457340038593628
RICTOR	9.24839638148478e-05
TENT2	-0.00013978259108419
EBF1	-0.000568234836694097
ANKRA2	-0.000648144211155438
UBLCP1	0.000576423461910242
UTP15	0.00126181123444501
KLKB1	0.00572049572573767
NSA2	-6.51043968739607e-05
GFM2	-4.1893959752664e-06
TERT	0.00344432958573644
CCDC127	0.000133271977278688
FOXQ1	-0.00587920016056971
SEPT8	-0.000732654651307552
SHROOM1	0.000205289817506793
UQCRQ	-0.000133098802420835
SLC35A1	-0.000466383436594216
CGAS	0.00325434092681432
FABP7	0.00133790474815707
CITED2	-0.00101408375559015
CREBRF	-0.00072063123768574
DCBLD1	-0.000552580966452504
SFXN1	-9.45408061542825e-05
SAMD3	-8.92663582536184e-05
TMEM200A	0.00053368948795377
DACT2	-0.00132040536225564
PDSS2	0.00119019312105346
STXBP5	-8.7073804028638e-05
TBX20	-0.00829360976229125
DAGLB	0.000715852406849148
KIAA0895	-0.00257315908313791
STK17A	-0.000161293669328927
TRA2A	0.000367409512217035
GALNT10	-0.00176373754378892
SAP30L	-0.000383203033404076
RPS14	-0.000522237663495811
MYOZ3	0.00205352087390997
COG5	-0.000334610484650043
BMT2	-0.000606537048222382
SLU7	-0.000262192882890313
RP9	-0.000316152957134997
PTTG1	0.000445945731487855
CAMLG	0.000151266554475141
BMPER	-0.00332820915848532
RELL2	0.0022591285907687
KCNK5	0.0023759360289762
ZNF12	-0.000246094008772914
SLC29A4	-0.000540609606041785
STEAP1	0.00226703316325333
CDCA7L	0.00211261633740513
SP8	0.00101771873753937
MIOS	0.000769840377234078
KIAA1324L	-0.000518581889855901
USP49	0.000640853403642315
HEY1	-0.00174062385750167
ZNF704	-0.000703730936064928
FABP5	0.000713106787702651
SHH	-0.00615899585780148
COL1A2	-0.00265681081327802
CHMP4C	-0.000572056946478908
SLC13A4	0.000954563584429302
PGAM2	-7.79799591256049e-05
BRI3	-0.000672780288996267
LMTK2	0.00073849823455189
CTSB	-0.00258449500645294
SOX17	-0.00705775156969585
DLC1	-0.00413306157751345
ADCY1	0.00187638133389624
PEX2	-0.00069477887326402
RAD21	-0.000108732267730282
SLC30A8	0.000225275848363609
MED30	5.78738725276053e-05
TNFRSF11B	-0.00233520808408362
SPIDR	0.000517446248536817
ORC5	0.000544958324660556
DNAAF5	0.000554164728707345
OSGIN2	0.000333681004497573
SUN1	-0.000316618226635433
OXR1	-0.000464159644127388
TMEM74	0.00110760115065521
NOS3	0.000641430688269923
MICALL2	-0.000690826949042632
CA3	0.00075146643341657
INTS1	0.000184241016784656
CDK5	-5.16962821819259e-05
SLC4A2	-0.000740729267808205
FASTK	-0.000272669348865392
TMUB1	-0.000203406864502717
FMC1	-0.000207121358694305
PHAX	0.00054238782106569
ALDH7A1	0.000384395140573905
FOXK1	-0.00129908641667465
COX6C	-0.000270668605803364
YWHAZ	-0.000566024206207064
BAALC	-0.000430774894237345
FZD6	-0.000371796110259176
CTHRC1	-0.00026857727204323
SLC25A32	0.000377030010464216
DCAF13	0.00120033517837401
TP53INP1	-0.00122470208068194
INTS8	0.000172086655471307
VIRMA	-5.43671719084473e-05
FREM1	-0.00268426840112065
GEM	1.0715731119815e-05
PDP1	0.000249661252804448
TMEM67	-0.000254103563277461
WASHC5	0.000682117113544698
RPP25L	0.000301968505288977
FAM219A	-0.000677166389786155
C9orf24	0.000783434299887968
SNAPC3	-0.00084458354052601
MYORG	-0.00111034024784108
NUDT2	-0.000150995178861631
TMEM65	-0.000591193044132781
PSIP1	0.00142750804443434
UBAP1	-3.03390113247515e-05
ABCA1	-0.000215946879741856
NFIL3	-0.00046457825568252
LETM2	-0.000349542616631898
METTL2B	0.000372072711415775
FXN	0.000940433944848468
ZMAT4	0.00226464802081623
MAMDC2	0.000325020757514086
ALDH1A1	-0.0024403116046039
KDM1B	-0.000224463387590827
HGSNAT	-0.00241798360653626
GKAP1	-0.00024993771675381
KIF27	-0.000904739283711868
C9orf64	0.000405836412550027
HNRNPK	-6.24138682905442e-05
SVEP1	-0.00208341914458505
TRPV6	-0.000482871227880778
ANKS6	0.000820109800129309
FBP1	0.00271912192213351
TMEM246	0.00106312519372242
ZHX1	-0.00118462853920359
DYNLT3	-0.000927815387980391
METTL27	0.000177292361008301
MID1IP1	0.00077406444919259
KIAA1958	0.000412839650184443
PCDH19	-0.00121674914475353
PIGA	0.000386448990490272
VEGFD	-0.00135617115066047
STRBP	0.00110170914419759
CLDN3	0.000996893029865295
GAPVD1	-2.16456133745631e-05
CARD19	-5.6056047080159e-05
WNK2	0.00120251745860775
ATP7A	-0.000923930505009609
ZNF367	0.000510759416959872
NLGN4Y	0.00146079088780168
HDX	0.000646290647822305
NDUFB6	0.000224092214723641
NOL6	0.000793706101881632
AQP3	-0.000576760135701428
TRMT10B	-1.06558384803258e-05
VCP	-0.000197615817171418
PIGO	-1.66506689243457e-05
STOML2	0.000310730943352138
BRWD3	0.000639948886331328
SLITRK5	-0.000291615265454386
MELK	0.00048503907524289
OTUD1	-0.000299448013630966
ARHGAP12	0.000556046598411509
FAT3	0.000470395416004925
HECTD2	3.13775578066516e-05
SLC7A3	0.00281406101566102
FBXO33	2.76017089268174e-05
INTS6L	-0.000621408438992375
LRFN5	-0.000779438572437468
SPTSSA	-0.00018499062533919
WRN	0.00083844838190919
MARCH8	-3.85439111050139e-05
CFL2	-0.000787131884095381
SUGT1	0.000791778049757379
GTF2A1	0.000694722892530587
ZCCHC24	-0.00140399195827251
PGM2L1	0.000818655561751475
PHYHIPL	-0.00277619143726659
SLC16A9	0.00113758088630446
INPPL1	-0.00100391887241623
CRYL1	-0.000496658411051052
REEP3	-0.000718384148002623
SKA3	0.00200260978490514
MICU2	2.04572410706886e-05
DDIAS	0.00142141370389961
PCF11	8.14783350928724e-05
PKNOX2	-0.00104081280042265
LRR1	0.00140480270172668
RPL36AL	0.000343411198316092
DNAAF2	0.000977878750860233
DEPP1	0.000513364836914353
ZNF22	0.000340150295618731
KLHDC2	-0.000235188277830377
NEMF	-0.000143526199863557
RPUSD4	0.000758107895243245
ARF6	0.000313899984061443
TTC8	-0.000417546531244548
TMEM63C	0.00091467466026456
CDX2	-0.00195455642808698
KBTBD6	0.000275889472955868
OTX2	2.85468367071621e-05
FAAH2	0.00080830264454195
NUDT5	0.000612057157265639
DACT1	-0.00182408281730484
UCMA	0.0134999007003976
BEND7	-0.000276521396221197
ATP5F1C	9.07626796927045e-06
PRPF18	0.000110379651783311
TAF3	0.000388764207567733
VDAC2	-0.000165642628593114
COMTD1	0.00124110141480952
SLC18A2	0.00189719487916838
PDZD8	0.000528042944242567
ZNF503	-0.00556569098744846
ABRAXAS2	0.000141043887420289
QSOX2	0.000724206499820022
FAM204A	-0.000286725567123675
NSD1	0.000744050213541993
PRDX3	0.00021072448989286
ENOX2	0.000470392495500629
GHITM	-3.91921156225756e-05
SNAPC4	0.000554548441054817
PMPCA	0.000251061141165916
ENTR1	0.00063596895894447
SPACA9	-0.0020380975070487
TSC1	-4.59628234164208e-05
HPRT1	0.001395005887728
BORCS5	0.000392713951879434
FAM69B	-0.000148914536990954
ZMYND19	0.000471378741445193
STOX1	8.1568195162477e-05
RET	0.00214142719025788
DDX21	0.00140345830344117
BMS1	0.000857391798314401
STK32C	0.000396687646685214
JCAD	-0.00244867864340534
FUNDC2	-0.000204123634730159
PIP4P1	0.000176480102981157
METTL17	0.000210920402211086
SLC39A2	-0.00376567492509856
NDRG2	-0.000186004068244004
ARHGEF40	-3.58283688122914e-05
NSMF	-0.000109117074891377
ZNF219	0.000660260915026695
CASP7	-0.00102847541142887
CCDC186	-1.32621423008762e-05
METTL3	0.000528273395136856
SALL2	0.00146397566946385
TRUB1	0.00049312610138588
ZFYVE1	-0.000344900296766847
C10orf82	0.00081177957780142
HSPA12A	-0.000744551865693541
FRAT1	0.000468313642996737
UBTD1	0.000158802951745454
E2F7	0.000978184969933673
ARHGAP42	4.20554334014993e-05
ISCA2	0.000480080837396223
LARGE2	0.00364452734375249
PACSIN3	0.000429668037859553
TTC7B	-0.000374364157491752
SLC39A13	-0.00072480147132386
PSMC3	9.96302464371377e-05
AGBL2	0.000634795475957595
TC2N	0.00239415625878412
CPSF2	0.000822628617548207
MOAP1	-0.000210227957967228
IFI27L1	-0.00057294063497836
IFI27	-0.000637373423445337
CLMN	-0.000488439150628815
PDZRN4	-0.00548614597843986
NELL1	-0.00361284883187686
PTER	0.000835148947630704
HACD1	-0.000373501506506683
ARL5B	-4.95058801950332e-05
SMCO4	0.000562573667436663
CEP295	-9.80337633326757e-05
TAF1D	0.000295170007803726
ABTB2	0.000659045419810674
R3HCC1L	0.000371464149546242
AMOTL1	-0.00133105858185625
HTRA1	-0.000354610912307878
LIPC	-0.00454796766186449
CEP57	0.000165834031080057
TCP11L2	-0.000792607742674321
SPRED1	0.000496570245637662
GPR176	0.00329612292692555
JAM3	-0.00030936308542509
CMTM5	-0.00138721215941141
GLB1L3	0.00518588002713529
ADAMTS15	-0.000684489019371894
SVOP	-0.000674326853782026
GPT2	0.000676969398685315
AMN	-0.0015710668179065
RAB8B	0.00049867461764269
IKBIP	-0.00112542191362686
RPUSD2	0.00101806472211056
HIF1AN	0.000206579871419044
NDUFB8	2.38098089651171e-05
ZFYVE19	-0.00021753197869384
SPINT1	0.000533783046329161
FBN1	-0.00270190128347353
DEPDC4	0.000610094722815125
BRD7	0.000248981878457569
CKB	-0.000287530123351942
TRMT61A	0.00135442527383169
BTRC	0.000117181050533781
POLL	-2.86309601721934e-05
BAG5	0.000651792707171872
DPCD	-0.000735781659103659
LARP6	-0.000266824910262088
API5	0.000383814743629725
ASPG	-0.000365585929854493
ZNF319	-0.000935270166949225
HPS6	-3.82586389171535e-05
SENP8	0.00067641652408671
NOLC1	0.00108499679976613
ALKBH3	-0.000153783349456078
COPS2	0.000205899831652725
GABRB3	0.00244531050733665
SGPL1	-0.000410934855504376
FRS2	-0.000175292564555044
CCT2	0.000324860220419197
PCBD1	-0.00062476230932813
ARIH1	-0.00029272467888028
CLMP	-0.000988740885394941
COX11	6.95917180205246e-05
ZNF202	0.00132823524984282
FAM227B	0.000307278894231847
STXBP4	0.000688129349851434
CYYR1	0.000559072913955694
CUL5	-2.19745715384606e-06
WBP1L	-0.000472858262932106
BORCS7	-0.000761078877222118
C2	0.000680003497503802
PLEKHF1	0.00201334615151319
TMEM100	-0.00232868716325227
ANAPC16	-0.00029054539661868
SMPD1	-0.00271705588209528
APBB1	-0.000832692941518596
TRIM44	-0.000456596656568528
ILK	-0.000665845306490288
TAF10	-0.000117476473463023
TPP1	-0.000498962067741868
DCHS1	-0.000983995336260721
NETO1	0.00228732454700721
CYB5A	0.00109205682333636
USP54	0.000173714451102236
C11orf74	-0.00023938439025518
ATP9B	2.48681696439754e-05
PPFIBP2	-0.00186217233712888
CYB5R2	0.000494083805472621
KIAA0355	-0.000115060922841986
SERPINB8	-0.000721459067507922
TUB	5.43346200808855e-05
RIC3	0.000924572144490217
IDH3A	0.000458849849773462
CRABP1	-9.70840760985881e-05
ZMAT1	-5.30607991133772e-05
XRRA1	-0.000190784197214593
RNF169	-0.000308699448446165
RPL27A	-0.00035078228625856
ST5	-0.00111478466313144
TMEM130	0.000566141950128255
PRTG	-0.00210785762642439
CENPN	0.000725341942152506
AKIP1	-0.00022827361882261
ATMIN	0.000372456414497398
C16orf46	-0.000414384379287711
TMEM41B	-0.000271222221194304
LEO1	0.000853750392791455
ZNF143	0.000411761602469973
TMX3	-0.000415765843324126
MFAP4	-0.00350008476221274
WEE1	0.000252387160636377
MAPK7	-0.000392117522630633
PRKCB	0.00243789613739338
HDGFL3	0.000383548703623294
NDST2	-0.000533059231350871
MCM7	0.000648066162469404
CCDC68	-0.00245413349124976
ZNF3	0.000278367709778305
ZSCAN21	0.000584326001429858
RIMKLB	0.000348769986173353
A2ML1	0.00279113962674394
TK2	-0.000846688029831982
TMED3	-0.000472201803409328
SEC11C	0.000646819424974225
TMEM135	-0.000172348605092445
NDEL1	-0.000851072747136509
CENPV	0.000448324721376713
RRAD	-0.00248334438448567
CIAO2B	-0.000500760027547994
HSP90B1	-0.000701676501972283
BLCAP	-0.000135973791942219
ATF7IP2	0.000677171382783285
TVP23A	0.000459222148545011
BEX3	-0.000303085354945941
COG1	-0.000297362227803044
PLEKHA7	-0.00017192801516463
ZNF606	-0.000247793241585263
ZCCHC18	-0.000615667269683139
B2M	-0.000875775508861681
ZNF592	8.70946913382162e-05
CASC4	-0.000583750292597123
HTR3A	0.00611182785094338
NNMT	-0.00452517511317431
AP1G1	5.49273124891695e-05
SLFN5	-0.00108871297140998
CATSPER2	0.000818561209609474
C16orf45	0.000819840429698165
MARF1	-0.00026555815250037
SAAL1	0.000963881185763222
YPEL4	8.26481402739534e-05
PPIB	-0.000514909176142733
CIAO2A	0.000472476690711718
FAM111A	0.000771236339756593
PCLAF	0.000996412364781816
KIF7	0.00017257713647295
LDHD	0.0043190154375999
PEX11A	-0.000427033641747842
TMEM170A	0.000384642282626962
ANPEP	-0.000181598448658174
RBPMS2	0.00181560729202375
NAV2	0.00096310105729856
ANKDD1A	-0.000325410579929271
GLYATL1	0.00180010367258118
C18orf54	0.000752185950581987
DCTN5	-9.41765252756616e-05
TERF2IP	-0.00151128288840427
PLK1	0.00087950994328618
CLPX	0.000330950345547017
ZBTB39	0.000694365122009636
TAC3	0.00153546713326061
NEMP1	0.000522637980094347
NAB2	-0.000345951349282929
VPS39	-0.0002457089277299
STAT6	-0.000244550360887712
PATL1	0.000104721019723168
ATP23	0.000340382712759438
STX3	-4.72805413440601e-05
MRPL16	0.000920439486714577
PIP4K2C	-1.39327554565984e-05
MTMR10	0.000108687819063455
YWHAB	0.000233899739477285
C15orf48	-0.00375601249713651
SCG5	0.00162039831467542
GREM1	-0.00328429814219832
NYAP1	-0.000403577213603088
TSC22D4	-0.000571098271506284
DIS3L	0.000942905554059609
CCNDBP1	-0.000574457592384607
SMAD3	-0.00114322244652627
MAP1A	-0.000161205503537262
RCCD1	0.000227511452986288
AKTIP	2.91512815593478e-06
MAPRE2	0.00072850533335498
EVA1C	0.00104101772753663
MARS	0.000369799540518891
MBD6	-0.000759448981647846
CNPY4	-0.000399934863313692
PDIA3	-0.000247437016454507
NUDT21	0.000728115186304902
DUSP18	-0.000733638720482903
TEF	0.000731734905199717
PBX3	-0.000431991659848787
PHB	0.000644487731242381
SNRPD1	0.000677798925495921
SAMD14	-0.00053931038484351
PIP5KL1	0.00196217219867031
TMEM92	0.000731573107307535
FAM102A	0.000234977693074207
ACSF2	-0.00104584929295419
GOLGA2	-0.000927568363348306
TRUB2	0.000690451223233524
COQ4	-0.0003007598059732
SLC27A4	7.97046530441576e-05
URM1	3.43919810402617e-05
CERCAM	-0.00232771094290656
DOLPP1	0.000493966693833343
ENDOG	0.000151257398662722
PRRX2	0.000224848823900852
C15orf39	0.00047991039926166
SP2	0.000264668761817342
COQ7	4.27993854934475e-05
GPRC5B	0.00155592902105133
CRK	6.0983307815307e-05
FBXO22	0.00051834648551879
TBC1D2B	-0.000225316297598199
KATNAL2	0.00151830892658303
HDHD2	0.000148698258715854
ZNF91	-0.000420929578097676
RNF214	0.000139220265057086
CDK12	0.000319255295477834
DUS2	0.000773361775156464
POP5	0.000536956517048783
ENGASE	-0.000329123523573039
RBFOX3	0.0031284367561699
ATP5MG	-0.000132738989787447
TBC1D16	0.000840267713215479
TEPSIN	-0.000121311270314869
MYO5B	-0.000155349839290134
ART5	0.000204218562016356
ACAA2	0.000401973378190004
STIM1	-0.000893317229019536
RRM1	0.000448715010415988
TRIM68	-0.000388254214061803
FN3K	-0.000309624786896134
PRRT2	-0.00032888831463057
ZNF23	2.63248544388418e-05
IRGQ	-0.000514773042969513
ZNF226	-0.000500489883361778
ZNF180	0.000301471011366535
PPP2R3B	0.000174352933878041
ZNF668	0.000610330606830897
ZNF646	0.000229431184571098
VKORC1	-3.53360143446412e-06
GNG8	-0.00335592132223529
CA4	0.000864239121444526
SMG8	0.000331366279721735
TPM4	-0.00083380163356048
RAB8A	0.000234183138728041
GPX4	-0.00115179481839305
MIDN	-0.000118762564600635
KLHL26	0.000400641141316817
GATAD2A	0.000416132561887143
MVD	0.000593165881717084
CDT1	0.00127427966574469
TRAPPC2L	0.000206333846729176
ANKRD11	7.10013219338743e-05
SPATA33	-5.38296263254816e-05
SGK494	0.000567354855022859
PROCA1	0.000706809322571908
RPL13	-0.000592815446656716
ZNF641	-0.00174491725070491
CACNB3	-0.0011947217822735
DHRS13	0.000687830401232703
TP53I13	-0.000746031757853698
KMT2D	8.14413558408031e-05
CORO6	0.000459049784876607
RHEBL1	0.00199132225113474
TUBA1A	-0.0010784409831256
TUBA1C	3.51892283285446e-05
ZNF610	-0.00035148567822172
ZNF528	-0.000181722984104481
ZNF701	1.50548230799461e-05
SERTAD3	-0.000594219554611569
NCKAP5L	1.0025430072848e-05
RAB4B	-0.000105737323261691
PROSER3	-0.000482888127381631
CYP2S1	0.00364975625829318
AXL	-0.000257933173538835
NFKBID	0.000487970863116217
TMC4	-0.00071851318588009
TTYH1	0.000759984752246757
LENG8	-0.000885977680255913
CDC42EP5	-0.000858635184406086
TMEM145	0.00304837693177373
ZNF526	0.000294824490646897
TRAPPC9	-7.0565529650998e-05
ZNF146	0.000591833281578744
ZNF283	2.98068045886674e-06
PPP1R14A	-0.000186700581265293
SPINT2	-0.000173504237295414
C19orf33	0.0014486959346468
YIF1B	-9.12521432746857e-06
DNAAF3	0.000740963767714329
ATCAY	0.00201180782151069
DAPK3	-0.000754548589298237
EEF2	-0.000227149533913007
CHAF1A	0.00126951294978422
UBXN6	-0.000490398810295311
HDGFL2	-6.71959771127639e-05
SEMA6B	0.000351226912514368
ZNF444	-3.06314654831819e-05
NXN	-0.000894028553798422
FAM57A	7.41115763314979e-05
GLOD4	-6.17208158300224e-05
MFSD3	0.000822329945377647
KIFC2	-0.000412763543533271
SLC43A2	9.11296401433363e-05
RILP	0.000627233426237976
SERPINF2	0.000659697838850798
WDR81	0.000411489001073199
SRR	-0.00116932672596788
TSR1	0.0016026353884693
TRPV3	-0.00162298495375951
HSD11B1L	-0.000625933754455771
CYB5D2	-0.000305385770667506
C19orf48	0.000665364341634128
KLK6	0.000574882540597303
KLK13	0.00597050902078311
ZNF83	-0.00130393980059744
OTUB1	0.000169972233126675
RCOR2	0.000383546948229044
ANGPTL4	-0.00242306160570827
CD320	0.000628525968787699
SPRYD3	-0.000639715825394653
IGFBP6	-0.00191503413289967
ZNF558	-0.000433649586192699
NDUFV1	-7.61581492912521e-05
CDK2AP2	-4.7693762986987e-05
NUDT8	0.000337710459989787
PRDX2	-0.000192629986017001
ZNF232	0.000680147572720016
MIS12	0.000106441927038244
HID1	0.00017841665148012
MRPL58	0.000697393276730899
ATP5PD	0.000269857075672948
TMEM88	-0.0035965461940625
SRP68	0.00012069646614842
MGAT5B	0.00140408800977715
TK1	0.000474801380078614
TMEM68	0.00011192602129081
TMEM99	3.70295601277002e-05
GHDC	0.000890985588132242
FAM234A	-0.00025933721554907
SOST	0.000573414651259548
ZNF598	0.000241911987805067
RAB26	-0.000268528258032982
MLST8	0.000298929517064299
E4F1	9.22232589083813e-05
ECI1	3.15235155373845e-05
CASKIN1	0.000299329208201398
ABCA3	0.000261019092422291
KCTD5	-0.000169455689035646
SRRM2	-0.000195873395788748
SDHAF2	0.000313969470569958
DDB1	-1.52650053279242e-06
VPS37C	-0.000158356612318174
VWCE	0.000611305349297242
RAB3IL1	7.5647234827707e-05
FTH1	-0.000395260996744112
BSCL2	0.000553220467146964
POLR2G	6.13440572674884e-05
SLC3A2	-0.000272821094157389
HRASLS5	0.00278717836878506
SPINDOC	0.00030977328507664
ATG16L2	0.000150843796336566
C2CD3	0.000263227687479922
TRANK1	-0.000219151865837756
TTC21A	-0.000604314066033999
RPSA	0.000117820127950754
CTNNB1	-0.000243265426790312
ULK4	0.00105974553251944
FADD	0.00025846699681794
LTBP3	-0.00185455614630596
NAALADL1	0.00223184277201247
SAC3D1	0.000563813622195975
SF1	1.62856414281955e-05
MAP4K2	6.81621743372588e-05
CCDC88B	0.000564851093440967
SCARA3	-0.00068415603194812
PBK	-0.000400576187598329
COPS6	2.82540212971712e-05
PAFAH1B2	0.000394579386738424
ANKS3	-5.75109542568686e-05
NUDT16L1	0.000163294858805218
KIAA1586	0.000586546523245725
RAB4A	-5.89325989635688e-06
KCNJ4	-0.0010778514579548
SETD5	4.76039922950797e-05
VASN	-0.00110032719040144
FAM83B	-0.000467198558385565
THAP9	0.00116383044288205
RNF187	-0.000706628916728171
HOOK3	-0.000977455584186792
MAPK1IP1L	-0.000127764309887302
DDIT4	-0.000425715896814202
RBPJ	0.000707513223572244
LMBRD1	-0.000841558401082304
ZCCHC4	0.00013665620164643
TTC39C	0.00122440229134325
GLYCTK	-0.000771434709414623
GNG4	0.00230119317291043
UBTD2	3.93269134008802e-05
NKIRAS2	-0.000563682797983318
DNAJC7	0.0005859875786845
IRF2BP2	-0.000652703794271667
NT5DC2	2.62469670014605e-05
FOXI1	-0.0061162914775767
SMIM4	0.000622011708772982
COA6	0.000832104029241789
KIF5C	0.00070343414878306
MGAT2	-0.000200053767668126
BMI1	-0.00166563057822409
THAP11	0.000733335595239138
MMADHC	0.000426852005812101
PDHB	3.27521956817586e-05
PXK	-0.00121146451611251
PCMTD1	-0.000452935056729162
KCTD6	-0.000258686675921342
MPLKIP	0.000159574196796675
ACOX2	-0.00072527325315263
IRF2	0.000351704343432614
MOBP	-0.00108982090850043
ARF4	-0.000798933945209769
SEPT2	-0.0025907817724755
FILIP1L	-0.00474690573865827
MFSD2A	0.00252363599108709
DTYMK	0.000371331399052483
TAP1	0.00242393733561281
ING5	0.000398218445237096
ATG4B	-0.000221150028482783
BDKRB2	-0.00344865532165825
MLKL	0.00344304550198778
RFWD3	0.00110734359026539
RHOH	0.00292103681372335
COG7	-5.62400718676864e-05
CDC40	0.000353764334612774
STIP1	0.000494316218764638
RAB31	-0.000124434865118603
REEP4	-0.000386250994007234
BMP1	-0.00182702816613028
ATXN2L	1.26410984009427e-05
PHYHIP	0.00375161511883092
POLR3D	-2.65898950789467e-05
FEN1	0.000925503777919765
MTCL1	0.000849494054928763
HEXIM2	0.000487144118196726
FNTA	-0.000255261697646423
SERINC2	-6.71038888167802e-05
TRAPPC11	0.000169461940019659
COL3A1	-0.00380552666358985
GFRA2	0.000502605009521917
ING2	0.00038059838244132
CDKN2AIP	-1.6644717454994e-05
SNRNP48	0.000421044506488913
TMEM223	0.000438298992111244
SLC20A2	-0.000240762151283091
TMUB2	-0.000442757333243303
STAT3	0.000639878135128465
ZSWIM1	0.000652974429573635
NBPF9	-0.00203886889893678
ADAM9	-0.00168277447401034
AXIN2	-0.000890203344512984
NDUFS5	0.000199467411153067
ZNF30	0.000551768136547661
UGT3A2	0.00242210618644854
FAM84B	-0.000964351920362442
LDLRAD4	-0.00197417039298558
SLC16A4	-0.000998506312138178
TMEM208	0.000103671505027451
AHCYL1	-0.000140546080207407
DNAJC21	0.000167715687740328
PKIG	-0.00129949502222451
NPNT	-0.00379332881251194
SEMA4C	-0.000156666739461023
CNNM3	0.000399718830274871
GSTM4	0.000137006575506659
TET2	-0.00148729623013166
CXXC4	-0.000592612250123405
TCTN2	-0.000917409134559102
SHOX2	-0.0080463442204293
PPIP5K1	0.000539971569727339
TSPAN5	-0.000224074650027483
ZBTB5	-0.000310263768490275
CHTF8	0.000271340422630988
ADAL	0.000257954131177304
LCMT2	0.000343558740956946
SNTB2	8.00619957675144e-05
ZNF507	0.000703579043781003
STX18	-0.000226795651125107
NSG1	0.0011796513571553
ZBTB49	0.000389989395634075
GFM1	0.000639503518836074
DDX19A	0.000325165015407034
ATOH8	-0.00180325446805099
ANKRD49	-6.01932499043995e-05
USP39	0.000244807907426227
TNIP2	0.00044336474628951
C2orf68	-6.0355566520783e-05
TMEM150A	8.31083952048946e-05
RNF181	-0.000204706941251562
VAMP5	-0.00226456353560677
LRRC28	-0.000152053934152111
MAT2A	0.000289991255595227
ENHO	0.00217411582608988
ZNF608	-0.000597334584999051
SLC35G2	0.000604129264030366
INPP5D	0.00127394810480178
LETM1	0.00042822615701054
TMEM129	-0.000168029096404082
PPIC	-0.00101907715835913
CEP120	4.41616940383625e-05
STXBP6	0.000982286104479516
MFF	-4.69593974773529e-05
JMJD7-PLA2G4B	0.000169382129536632
PXDC1	-0.00231250193891633
E2F6	-0.000468752217608986
FEM1B	0.000665455705875195
COMMD8	-0.00071977051007692
ATP5ME	2.22499743896436e-05
UQCRFS1	0.000528838836197281
SLC49A3	0.000595853319060932
MAP2K1	7.71052957483638e-05
HNRNPH1	-0.000177325967778322
IRS1	-0.000138604507501489
MECP2	0.000107058983138505
UPF3A	0.000268321256556031
ZBBX	-0.000867910195536515
ROR2	-0.0032012392811017
DHRSX	0.000240271686061975
HSPBAP1	0.000549604434568291
ASMTL	0.000670754518152022
SLC25A6	0.000179134055439002
CHST14	-0.00090973949185907
PARM1	-0.00135503627628474
CSNK1G1	-6.07071889332925e-05
FAM110B	-0.00106929463638383
ARMC4	0.00086504775868536
AFAP1L2	-0.00101705872818077
ZNF354A	0.000122797288611718
ATF5	-0.000100347906015892
UBE2V2	0.000241551364856928
ZBTB43	-3.12096174471949e-05
CPT1C	0.000768689781331807
PCSK9	0.00168783626439498
XPO6	0.000333015610240562
MN1	-0.00130307341385625
APEX2	0.00052018985048733
NSMCE1	-6.048203113471e-05
CCDC126	-0.00092630947739151
RAB3B	0.000530532282900865
CD2BP2	-0.000190333253750593
RSPO1	-0.000790457417173431
RGS14	0.000662481261367748
TBC1D10B	-0.000294626985261156
LMAN2	-0.000134870424520846
RAB24	-0.000251314505722901
PRELID1	0.000648119907738614
THBS3	-0.00180396741737694
CA5B	-6.1584470109069e-05
SLC50A1	0.000551012283700861
EFNA1	-0.000789933499032102
ZRSR2	0.000455494807149628
NMD3	6.65755962527304e-05
B3GALNT1	-0.000569733439793219
GPRIN1	0.00147276278036276
MRPL1	0.000392428427486623
NR0B1	-0.00343829230906653
PGM2	0.00010316082189732
STK32A	-0.000322353007135431
SLC33A1	-3.02790811706684e-06
SNUPN	0.000472866596500275
CRADD	0.000211906900742217
SIN3A	0.00039101174525004
ARL13B	-0.000383540534331384
PTK2	-0.000353119421254732
PTPN9	0.000134268613321822
NPR1	0.00285481107185403
COL22A1	-0.00355867597684813
SDC2	-0.000684295958454326
CD52	0.000348222939083941
MMGT1	0.000210658167621649
SPRR1B	-0.00529044914411764
TM2D2	0.000267430288312331
PLEKHA2	0.000115703766291013
CLIC4	0.000416922809757285
CCDC8	-0.000906440374742298
METTL15	0.000174075027733686
ZEB2	-0.00267731494028325
GJB1	-0.00149934606088416
PCBP1	0.000252156523034791
HINT1	-0.000134163682295385
DTWD2	0.000269242019210726
CLIC3	-0.00538784005312965
INO80E	0.000402502057525726
BNC1	-0.00067508546058645
DFFB	0.000538178808823204
NFU1	-0.000181521531541534
ANTXR1	-5.11828070891695e-05
CKAP2L	8.14382999692845e-05
C15orf40	-0.000158465123724819
RAMAC	-0.00022358094660729
HIC2	-0.000335651881783311
LUZP1	-0.00391384692396715
HEXDC	7.31218267029857e-06
BUB1	0.00177263792801667
SPNS1	-6.12120628725399e-05
LRRC45	0.000597058645268356
CHRNA5	0.00147149713674398
CENPX	0.000667243149070585
AGPAT2	0.000134583071473542
ASPSCR1	6.08976769832433e-05
FASN	0.000975449547960797
CNBP	0.000180745720603071
MT1E	0.00174116771479716
DUS1L	-3.69118648698155e-05
GPS1	9.31192129298102e-05
RFNG	-0.000632677721680025
DCXR	8.78181969657577e-05
ZNF32	-0.000230232115206709
LDB2	0.00156989779347033
RAC3	0.00119970758511404
NRG4	0.000287197570348282
LIMS1	-0.00060779626735483
NLGN1	0.00087137786090078
TAPT1	-0.00050657832988211
UGP2	0.00245333214922041
LINGO1	0.00248961514429141
HNRNPF	0.000599026087416938
BTD	0.000528439729009543
CSGALNACT2	-0.000716847150199956
PCDH7	-0.00257461858124612
ROBO1	0.000491709220187801
AVEN	0.000340471007785542
P2RY1	0.00161664491730231
CTNND2	-0.000338654897453426
TRIM56	0.000472419677118774
AHSP	0.0161391962699191
WNT10B	0.00019377629877659
MUC3A	0.00250147121984536
SYAP1	0.000287655431480782
TPST1	-0.0010562410961087
TM4SF4	-0.00216751474413053
TOR1AIP2	-0.000198660450904291
TM4SF1	-0.000152012277480935
OTUD3	-0.000185006570939735
GUSB	-8.52828887802021e-05
BRD3	4.1999140360399e-05
KLF13	-6.0029877761712e-06
ZFPM2	-0.00339412538792355
ZNF764	-0.0006685784807957
ZNF747	0.000232693043482456
ZNF768	-0.000316333866570884
TMEM42	-0.000121855613890254
MAP3K2	-0.000372588609193727
PUSL1	0.000821774414728958
SF3B5	0.000122836201328185
ZNF35	0.000275807621371809
IFFO2	-0.000861184868769544
NLGN2	-0.000375786647031954
CHD3	-0.00159774678511635
ALCAM	-0.000414522864714994
YWHAG	0.00022073623179489
UBE2E3	-0.000257067650833227
CNTROB	-0.000553428394152258
TRAPPC1	-0.000743889145249561
KCNAB3	-0.000705587413165724
SIMC1	-0.000655761207158119
TMEM192	-7.97821133405092e-05
NSG2	-0.00124799778659073
ZNF778	0.000391622862069928
NIPA1	-9.6186712944713e-05
UBE2E1	0.000103265444011054
HNRNPA3	0.00038287285501609
SIK2	-0.000400660805773722
RNF150	-0.000172785226815368
HOXD4	-0.00485451500775355
CHRNB1	0.000203570607768285
USP38	-0.000299344003823283
SLC16A5	-0.000279101203650825
NANP	0.000603195486966313
ADPRM	0.000154161218305573
FABP6	0.00501287769730829
PWWP2A	0.0012347566355241
USP47	-0.000158721728152396
PDCD6IP	-0.000126000132691828
ZNF212	0.000656097491477533
FAM161A	0.000768804616480279
ZNF282	0.0002324893585062
GLB1	-0.000711221286842879
GON7	0.000295768271866431
FAXDC2	-0.000780226852193101
CRTAP	-0.000316853985298195
SLN	-0.00683482265692133
ELP5	0.000268088752206762
CMTM8	0.000773774910301675
GABARAP	-0.0010092985022495
STX8	-0.000538379006776224
CDK1	7.50631922099314e-05
UBB	-0.000602194468194245
NFRKB	-3.87366662260533e-05
PRDM10	0.000566339487036233
B3GNT2	0.000196325635819235
FOS	-0.00111978116308194
TMED10	-0.000443964966343774
SETMAR	0.000403571145889063
SMAD1	-0.000120119553531122
CST2	-0.00388527322168095
EMX2	-0.00338251806960435
CST1	-0.00113222122819078
SEMA3E	-0.00305669017546084
LRRN2	-0.00226594037899766
SLC30A1	0.000137566812040185
DCLK2	-0.00155652162695226
GPRC5C	-0.00176484486899735
TMEM182	-0.000161822340230586
KRT8	-0.00278356750244031
ADORA2B	0.000446700175749074
MGMT	-0.000616542434051797
METTL7B	0.00114003788629005
HARS	6.43433014880912e-05
NFXL1	0.000573888827174403
DENND5B	-4.65489604052461e-05
DNAJC18	0.000382434969411631
SPATA24	0.000747065417209404
RALGAPB	0.000133847488070167
PYM1	0.000412753918391836
NPAS2	0.000736180001421494
NUDT9	0.000555010214264738
PA2G4	0.000735440373228035
ELOVL6	0.00121475285273142
PFKFB3	-0.000820094403069071
TMC7	-0.000418705379678058
ARL6IP1	-0.000906455700005102
SERPINB9	-0.000616491173014122
SMAGP	-0.000634481413658471
IRX1	-7.60397581533356e-05
CDH2	-0.00327621433676207
IRX2	0.00205184252056435
EMB	0.00113587715143734
DLGAP1	0.00156424431990904
STAT2	-0.000888432620097808
NUDCD2	0.000378487053563727
IRF2BP1	-6.93545286566864e-05
HSPA4	0.000985048386269283
FOXA3	0.00143918169151871
COMMD5	0.00045184834904396
ZNF16	0.000312671197154259
ARMC10	0.000340196345474838
RNF34	0.000381074358855714
ACYP2	-0.000684446165451833
TRABD	8.38319251537498e-05
ATF7	-0.000241542196483845
SOCS6	-0.000383016156396888
CAVIN4	0.000780121826174993
ZNF296	0.00221890849058166
HOXB9	-0.0031793742036458
TTLL6	0.00319369248930882
BOP1	0.00122835530256354
POLH	-0.000608714668730598
KCNS3	0.00196652100722411
KIF5B	-0.000638266650965055
GPR37	-0.00131509252094373
AKAP13	-0.000976982715595097
CDCA4	0.000525090092950621
CHCHD7	0.000490835463034923
HTRA3	-0.00034672965876266
FOXN2	0.000755582577940077
USP32	0.00118518403004097
PPM1D	0.000196788626979146
GPR27	0.00153653584621481
KBTBD2	-0.00019498294632912
RIOX2	0.000331584892131272
TRIAP1	0.000799806916717688
LSM3	0.000829016484337355
KIAA0232	-0.000192504422228078
MTSS1	-0.00114329589022301
TMEM43	-0.000460309495985005
RNF139	8.70467070605414e-05
RPS9	-0.000214413119808782
CYTL1	0.00139364370128829
TSEN34	-0.000654113011380962
TRH	-0.00830550495425622
GSTA4	-0.000714147563206201
MSANTD4	0.000160544001063394
NDUFA3	-5.04500886773589e-05
PAQR8	0.000133725264483114
NUDT6	0.00206055847389457
TANC2	-0.00110870192282975
DNAJC24	0.000123886293952334
ZNF160	-0.000162725186105026
ZNF415	-0.000235519241917142
CAVIN3	-0.000523599175136999
HAS2	-0.00392213397976384
PDGFD	-0.000494279413192196
S1PR1	-0.00151297041817198
HS6ST2	-0.00117249632200276
PYGO1	-0.00201715312427384
PKIA	0.00015926136861667
XKR6	0.00071592066129076
TSNARE1	0.000712212888425507
FEZ2	-0.000694420773754726
C11orf24	1.24560210842758e-05
KYAT1	0.000814438882688215
MTM1	0.00067539484870905
TRMT61B	0.000851376940818762
INSR	0.000790914123633214
MFN1	1.55269004923057e-05
NRTN	-0.000936908995669081
KCNMB3	-7.04336919948808e-07
KCNG3	0.005150711562477
ATP6V0E2	-6.66500538047776e-05
PRKCE	-0.000979036962337884
JAGN1	6.96259241706032e-05
TADA3	-0.000444130777261047
SOCS5	0.000572534696732696
C1GALT1C1	0.000152489299377519
C9orf16	-0.000194207560543628
MORN4	-0.000101547639660965
ZNF672	3.56206918448094e-05
ZNF692	-0.00012690917927178
NAIF1	0.000326679562883137
TMEM126A	0.000496054344780883
TMEM126B	0.000701063985578286
TRIM8	-0.00043966620741814
NETO2	-0.00129141276687162
CDC42BPG	0.00044924685440811
SCAND1	-5.1009349596849e-05
JUNB	-0.00158213805859411
FAM241B	0.000576345829416209
TMEM37	0.000865214875490014
SHCBP1	0.000747358444127025
SOSTDC1	-0.00170712611785037
NPTX1	0.00416942072879103
FAM98B	0.000462518023630152
ZNF439	-0.000290417312605975
ZNF440	-0.000294858058732706
GAA	-0.000347655573035722
CANT1	-0.000907794140174278
ZDHHC16	0.000308671862004886
CHST11	-0.000200335196847382
EXOSC1	0.000549533442525086
PGAM1	0.000506325676582909
CHD7	0.00033591125924911
ESCO2	0.00157959668959705
KRT19	-0.00208444911384797
CLCN5	-0.000483308348185546
APLN	0.00232034337878417
MRPL36	0.000565784714966209
ZNF581	0.000429537948072875
NAT1	0.000805470032300841
ZNF524	-0.00022423352054757
MCC	-0.00100982407189707
ZBTB26	0.000115372239407192
DSEL	0.000713806389516719
POLR1C	0.000571045936891463
ASXL1	-0.00137666500540055
ZNF562	0.000286734351239266
ZNF318	-1.12815701425287e-05
ZNF561	0.000122074795536959
WIPF2	0.000188727463539627
HOPX	-0.00657808308954358
LRRC8C	-0.00064904404994712
RSL1D1	0.000635876120821092
LRRC8D	0.00130081054480006
PPID	0.000526592617118186
ETFDH	0.000419817962312118
LPAR3	0.00377847731702083
PTGER4	-0.000808266578913675
TBCA	-0.000499171560358562
MAP6	-0.0016505126656579
ECEL1	0.00108399922244448
BCL2L1	0.000218215523799473
FGG	-0.00473019728912568
FGA	-0.0066473141317368
FGB	-0.00467518300155319
PLRG1	-0.000154310596121981
RAB4B-EGLN2	-0.00113568227917294
ZNF584	-0.000678847394483553
CLSTN1	-0.0003567192763317
CXXC5	5.55654877130745e-06
ZNF274	-1.57372808452493e-05
PIK3CD	0.00183137759743796
SLC25A33	0.000892886308645784
ENC1	-0.00301367636809673
SPSB1	-0.00217013958097458
BPTF	0.000565189662902124
ZIK1	0.00109947748633397
PLEKHG5	-0.000387649904733013
ATF7IP	0.000536347967001022
RGS19	-0.000136380281579969
TCEA2	-0.0010963340634227
ANO5	0.000468228868310202
HDAC3	0.000379501373422645
GPHN	-0.000177190078980823
VAT1L	0.00206099446427362
TMEM51	0.000307264274647861
CAMTA1	0.000290851247118358
LRRC34	0.000456038982071026
PAH	0.00369117515784218
SPATA5L1	0.000406970108876985
GATM	-0.000829188860979964
NHLH1	-0.0014433576445668
BCL2	-0.000178228642718324
RHNO1	0.000362201845209165
CTPS1	0.000518663705906034
UTF1	0.00928946984489949
KNDC1	0.000987237816473174
METTL18	0.000686934784302262
CFAP46	0.000151460131043247
COL8A2	0.000799098961686007
PWWP2B	-1.10863777040133e-05
FBXL14	-0.000574287640502098
EXOSC10	0.000162717975794589
ZNF570	0.000148006094929315
MLLT3	-0.00124527653047667
RRM2	0.000787393762451541
TRAPPC12	-9.52326444959625e-05
RPS21	-0.000273133746794841
MRM3	0.00116029980255431
PTEN	0.000194576974979411
RPS7	-0.000220452900915426
RNASEH1	0.000693431942876492
PRNP	-0.0008018328963051
FRMD5	0.00140815822212832
TLN2	-0.000540900547718332
TVP23B	-0.000239780795952076
ZNF217	0.000414984378313134
SCG2	2.66063421546148e-05
ATPAF2	-0.000641420623593976
FOXB1	0.00294993893333897
PPIH	0.000454568339227624
DRC3	-0.00113234447003408
ZNF57	0.00150515898797271
SHLD1	0.000574207331319938
JMJD1C	0.000985061853347772
SYNPO	-0.00241092282697004
ZNF554	-0.000122638571864909
RAB33B	9.42861757270606e-05
THOP1	0.00043070706463362
GAP43	-0.00025474618649366
LAMB2	-0.00108667889611159
USP19	9.90875780939148e-05
QARS	8.08002960253342e-06
ORMDL3	-0.000163790662800472
KLF11	-0.000707999994768089
SMN1	0.000885160927498184
EIF2AK3	1.82590989164019e-05
MOB3A	-0.0012263626070521
KRCC1	-0.00037833040265193
NME6	-0.000629803984468861
CYCS	0.0010485217075375
SLFN12	0.00105540047880057
CALB2	0.000737611456080965
SNTB1	0.00120558390417654
MTBP	0.000628749419516323
TEFM	0.000565046390549344
MRPL13	0.000503533737844743
MALT1	-0.000178070405692502
ISG20	0.000859955500607648
MBOAT1	0.00128461118286312
ID4	-0.00174517910107211
CEBPB	4.72399706686794e-05
ATOH1	0.00283233766786275
PAIP1	-0.000374790375081414
C5orf34	0.00107284964668373
C1QTNF4	3.34012843768298e-05
NEGR1	0.000934965271342354
ZNF131	0.000263902645649405
MACROD2	-0.000498697298677495
DPAGT1	0.000317837652528975
BSG	-0.000291355613876776
HINFP	0.000247669661050835
CERS6	-0.000364031346873231
SPTLC3	-0.00157493853799901
COPRS	0.000250443467145662
TP53RK	0.000539204823236546
B3GALT1	0.00359094124014523
BPGM	1.16725080551793e-05
POP7	0.000806731921126857
ALG14	-0.00064854164169748
SUCLG2	0.000465435700444994
STARD5	0.000379945923910856
CSDC2	-0.00129167432402491
RCAN2	4.45327703255308e-05
GNB2	-0.000922813223543541
MCRIP2	0.0011728282175171
C2CD2L	-0.000965498789614461
ARNT2	4.11681539391794e-05
GNG12	-0.000376169097443048
PRSS27	-0.000413823454736298
SYNPO2	-0.00032508377883527
CLP1	0.000764658606652562
COPS9	3.12285776346382e-05
GTPBP2	-0.000148533518262039
FGGY	0.000347428553541842
IL17D	-0.00112681183472745
TCEAL1	-0.00039880752958894
ZNF24	-0.000174387969292648
MANEA	-0.00131031080729644
MAB21L4	-0.00312156917560447
AFF1	0.000200111572189253
FIBP	0.000125845897232197
CARNS1	-0.000496072794163121
BANP	0.000130619195721971
PPP1CA	2.66554497376109e-05
HCFC1	0.000647939461515554
SNTG2	0.00315560833869307
PDE3A	0.00098202893248928
RASGRP1	-0.000316026801831857
CHCHD1	0.00055545370148527
MRPL52	0.000149113224373259
SMPDL3A	-0.0006398806679473
RND1	0.00113833125533853
RAD9A	0.000150197025233263
EFEMP2	-0.00306435267436606
WASHC2C	0.000285192019767392
TMEM134	-0.000588425339469331
ZMAT3	-0.000457721820632387
ZFAND4	0.000951423009026689
ZNF738	0.000579750913212494
CORO1B	-0.00037938848172961
FUT10	3.33631200154896e-05
LRRC20	0.000557989088347404
MUS81	-0.000447737968209404
PURG	0.000555885255822398
CFL1	-0.000353830091770098
TMCC1	-0.000129316827948122
NAA16	0.000716469979498566
FAM192A	-3.60443605576601e-05
RAB43	-5.33548125203357e-05
CBWD1	0.000243546361773958
HOXC5	-0.00473248972031304
RAB37	-0.000273213250328097
DCP2	0.000610870249145772
SNX32	0.000202982659558673
RPL38	-0.000314779767852147
RARG	0.00135835653155836
SSH3	-0.000136597222625
CES2	-0.000680043925913045
PDP2	0.0014032300947324
SP3	8.04876387247331e-06
DMXL1	0.000846062796290386
METAP1D	0.000805205105797753
ZNF621	-0.000376695716197157
EGFL7	0.000368902152338227
NADSYN1	-8.57718896969451e-05
DHCR7	0.000685954127606267
NBEA	0.000807653498322758
RNASEH2C	8.86333609669807e-05
ANKRD13D	-0.000557410111287315
MRGPRF	0.000988767526374482
MYD88	0.000436537113164886
OXSR1	0.000162694859755642
PHF8	3.08163482955182e-05
LCLAT1	0.000424491913836961
KAT5	-6.34981752706595e-05
SH3RF3	-0.00199307654430275
GXYLT2	-0.00111600920809653
DCAKD	-0.000287853798743446
TADA2B	-0.000143384969896506
GRK2	-4.40443528927886e-05
RELA	-0.000679186689437798
ZNF680	0.000101006371785305
HECTD4	-0.000644038674954365
FAM222B	0.000751689281833781
BNC2	0.0022038068169489
COQ2	0.00101491706284009
TRMT112	8.51309604706504e-05
LRRN3	-0.000340134164808965
KDM2A	8.22188690892634e-05
ADCK5	-0.000808727929880171
MRPL57	0.000777232302807758
NOC3L	0.00073371935888022
ESRRA	0.000417104958704263
RHOD	-0.000547524251609849
COMMD1	0.000164926202728794
RAPH1	0.000105614277147368
MTX1	-1.52301860543928e-05
ADCY5	0.00221349430018581
PARP14	0.00116500989082426
CKS1B	0.000566683324022674
AHSA2P	-0.00123770457688773
MAB21L3	0.000897798499829961
VANGL1	-3.26958658343058e-05
GLRX	-0.000641997239605841
IQCB1	0.000455205793640078
GOLGB1	-0.000309785078045109
ZNF483	0.00208869851707928
SLC2A14	0.0013296221429297
GPR137	-0.000318168394565107
SNCG	0.000617791135458976
MZT2A	-0.000203135878795908
TNKS	6.37676160876949e-05
ZNF449	6.56576060068273e-05
ZBTB21	1.29952003618956e-05
PPP1R3B	0.000901635185810392
STOX2	0.000241911997055915
MAP3K11	-6.53267454115246e-05
TRIB1	0.000502778535530779
SFT2D3	1.89673465928585e-05
NDNF	-0.00128800033667117
OLR1	-0.0101122237158199
GLIPR1L1	0.00328343533023118
DAG1	-2.08203899555854e-05
INSM1	-0.00060301425950982
DAB1	-0.000282796565254826
ARV1	0.000403805066773685
NAA20	-0.000103252774705019
MINOS1	0.000283309376060972
EHBP1L1	-0.00140324666954908
THAP2	1.12445329002398e-05
RNF26	0.000348813050806736
PPP1R14B	0.000602056412552596
SSSCA1	9.00751522954886e-05
SMARCC1	0.000572885485111445
ZNF417	0.00017305255771129
PTPRM	-0.00302346340064226
FKBP2	-0.000255813759968209
VEGFB	-0.000756944748312219
PEAK1	0.000368221122779177
TNFRSF10D	-0.000210269460194126
MST1	-0.00181075110839761
TNFRSF10C	0.000265778346890698
GMPPB	-7.44137319076852e-05
MOB1B	-7.79574905133985e-05
ZNF622	0.00017488652166912
CSPG4	-0.000469290097216326
SNX33	0.000195215692588288
NABP1	-0.00229832441777778
CHD2	-0.000250849065950532
CCDC106	-0.000396817864513131
CEP83	0.000522289417691513
NUDT4	-0.00114888115814403
PC	0.000554978526247581
SCAI	0.000552357585880358
NMNAT1	-0.000692571927716036
LRFN4	0.00124190071622125
SLC19A1	0.000604091386549191
HSPB7	-0.00157662745753036
RCE1	0.000543824964983309
UQCRH	0.000525368183812459
HES3	0.0124972340432427
EIF1AX	0.00077999842631845
BCLAF3	0.000426636496364103
PSMD1	0.000640264469220911
ADGRG2	0.00236380718476848
HEG1	-0.00211112361390552
C11orf80	0.000108932370370677
TOMM20	-0.000235930379170927
AGFG1	0.000288298905037313
STAT5B	0.000183321727420933
CNP	-0.000397157260962459
JUP	-0.000708350204169048
EIF1	-0.000690420566602494
ENDOV	-0.000888945126794581
RNF213	4.25081252826684e-06
PLK3	-0.000626946222743246
NET1	0.000236070111993276
DPY19L1	-0.000750492339330831
PHOSPHO1	-0.000338387857366827
ZNF791	-0.000121311432800212
PHC3	0.000399854517709533
GPR160	0.00295129229808615
CBX2	0.000803373144702921
SPTBN2	3.53673646723791e-05
GOLIM4	-0.000500275160384529
RBM4B	-3.18914276954433e-05
ATP5MD	-0.000249231193459857
HOXB2	-0.00309996174115924
C1QTNF1	-0.00103088956548434
MARCH3	0.000354317663161064
RBM4	0.000209805665428117
PIFO	-0.000125103930814667
XXYLT1	-0.000203360194695473
UBXN2A	4.59113107314892e-05
CCS	-6.34969750461111e-05
NRROS	0.00276770061985628
CEP19	-0.000719421868492569
KLHL15	0.000395627525280153
FBXO45	0.000686415813081155
GNG5	-0.000452509580180979
SLC25A30	-0.000332014787653436
CD34	-0.00106461120360187
CTSF	0.00164762044129821
MSRB3	-0.00250477562175437
LEMD3	0.000497975219081461
C16orf91	0.000517660359954281
FAM174A	-0.00101654033940786
RGMB	-0.000944472750015225
CYB561D1	-0.000259233709622844
ZDHHC24	-0.000261309850902728
TRMT10C	0.000958447788208404
CTU2	0.000612067073518409
MGA	-0.000334028429177589
C12orf66	0.0010071426255449
PIGG	-0.000269194230284853
PRPF8	-5.27944340332699e-06
ADCY6	-0.00120035568606693
PITPNA	-6.72223452257025e-05
DDX23	0.000181428191429192
ZNHIT2	0.000475699386864159
ZBTB4	-0.00084816204913715
TNK1	0.000897337780911223
ZHX3	-0.000794345231289268
PHLDA3	0.000158846744483616
SLC16A13	7.81306319463479e-05
CHRNA9	0.00345384707198303
EXO1	0.00122591337326004
RALGAPA1	2.62497321475389e-05
LIG4	-0.000672479622781169
ATP2A2	6.28104635628564e-05
ZWILCH	0.00104404490773072
RPL4	-0.000371889219381286
SNAPC5	-0.000120664521218695
C12orf76	-0.000622463621671109
ZCCHC12	-0.00079443462030053
CNTNAP2	-0.000942012927913699
BBS1	-0.000698729556741524
DENND4A	-0.00023166704988899
IGDCC3	-0.000351317903648091
PELI3	7.10749454201604e-05
MRPL11	0.000831854689832596
GOLT1A	0.00181246094257269
AKIRIN1	0.00099994299926192
MSL2	0.000432179271426225
ZNF497	-0.000503018598415341
TRAM1L1	-0.000543582768144748
ANGEL2	0.000417660438909471
UGT8	0.00229232197656963
IQCK	-0.000196948401394923
SLCO2A1	-0.00209064133363416
ZNF266	-0.000560780538649239
SLC29A2	0.00101424044092377
BRSK2	0.00101034555663604
B4GAT1	-0.00066625224026872
TMEM167A	0.000340114083112165
SH3PXD2B	0.000203378846186055
KIAA1551	0.00104781369974956
LARP7	0.00197921961698254
FGFBP3	0.00285569862251646
NR1D2	0.000387614013141783
BRMS1	0.000306508509632215
RPL15	-0.000187719475607813
HRAS	-0.000462512690716818
SRP72	0.000163147665381072
RIN1	-6.20795431209539e-05
ODAPH	-0.00219774675408592
THAP6	-0.000490066737776219
CEP135	0.000290138295889918
FZD4	-0.0016975416365746
CD248	-0.00184811280032191
PDZK1	-0.00236347173324094
DENND6A	-0.000132846180055486
PDE12	0.000255969987205926
GLMN	0.000952239128098297
YIF1A	-0.000156876283474596
CNIH2	0.000534903221576905
NDUFA11	-0.000350573594950271
RSRC1	-0.000268467462632005
RAB1B	-0.000239591354777807
PTDSS2	2.06404134811913e-05
C19orf70	-0.000668269103985338
C3orf33	0.00046081971509072
SEZ6L2	4.93566729461568e-05
ASPHD1	0.000685057513664801
KCTD13	-0.00046550395584391
FUT1	0.0022163140258063
DHX36	0.000571220851042659
ZIC4	-0.00284610017591049
FBXW8	-0.000222031312195824
KLC2	-0.000122177682342922
CTBP2	0.0011131057740139
CHST2	0.000263052176976829
ZDHHC14	0.000703161940442805
ATR	0.000611595317155813
UBE2C	0.000466838860654537
GK5	-0.000389014956813053
VCPIP1	0.000710740296216977
DES	-0.000148543051686209
PDIK1L	-0.000381138291114555
SPSB4	9.25962271205959e-05
TRAF6	-0.000325285634107749
ZNF654	-0.000777006954666198
TVP23C	-0.000663625701146881
MRPS22	0.00034410070703465
PACS1	-0.00143266337747532
MARCKSL1	-4.68237732286516e-05
SH3BP5L	1.21305038391513e-05
YPEL2	-0.00230021449338288
CADM2	0.00178363259386179
PSMD2	8.28522940713989e-05
PPM1E	0.00210773447380099
FAM131A	-0.000141311674360987
CSRP2	0.000215891446311874
PARL	0.000351949137345994
DDIT3	-0.00137095655371161
PCCA	0.000886774870152662
DCTN2	-0.000590107027466578
NPPA	-0.00371808538288856
ZNF408	0.000113408785489501
CTDSP2	-0.000546151714786196
CKAP5	-7.81499158483444e-06
ARHGAP1	-0.000238700786422201
MED16	-4.55429272680146e-05
ATG13	-0.000295983346637136
GAL3ST3	0.0016818247522362
CHST1	-0.000372377761271395
GOLGA8A	-0.000953303683140131
TP53I11	-0.000753386777484841
CENPS	-6.25954070445295e-05
DOLK	0.00023384770087251
PHYHD1	0.000294176795854243
CCNE2	0.000243355036078931
PHYKPL	-0.00100233819312935
CST6	-0.000438596274380858
ZNF519	0.000755155316708291
LSM1	0.00014827512990513
BANF1	9.12567548843455e-05
TMEM9B	-0.000556870146744622
NRIP3	0.000491753254465792
PTPN2	0.000790307343038141
SCUBE2	-0.00093107428901304
EIF1AD	9.46262353544854e-05
SMAD2	-0.000290799532503523
EIF3F	-0.000354033511815386
ZNF25	-0.00095537988742107
ARL10	-0.000871586793657699
CLTB	-0.00126386875054062
LPL	0.0019584773917361
RFESD	0.000121416776975803
CCDC14	-0.000198243697016592
SART1	0.000183726267259918
PPP2R2D	-4.12114966355577e-05
MCTP1	-5.08753035438806e-05
POLD4	-0.000973888103595116
DPP10	-0.000868340122753518
CLCF1	-0.00288212677218011
LIPT2	0.000430682756570419
KCNE3	0.000264240990281912
DRAP1	-0.000112505357751437
UCP2	0.000362656489678438
C11orf68	-0.00036175700616648
PAAF1	-0.000224033888152911
MRPL48	0.000106434230382524
RAB6A	-0.000387405923192067
FOSL1	0.00122348998814688
ERCC4	0.000122151971768628
SUGCT	-0.000415170029484945
CCDC85B	0.000472861614756246
TMEM70	0.000212019774092565
RPS6KB2	-0.000192856479454139
RMI2	0.00135410075595742
TOM1L2	-0.00245512276935937
ZNF77	6.58379628063055e-05
KDF1	0.00190853064452809
B3GNTL1	0.000249323872166566
MLXIP	-3.28651984915982e-05
NR2F1	-0.00410354856970407
AURKAIP1	0.000352434931331606
TTLL11	-0.000437458478379733
TOMM5	0.000282101171410844
SLC35E3	0.000348797436360057
PRIMA1	0.000207581085655138
ZNF169	0.000386451394943307
RUVBL1	0.000943491961940177
SFN	-0.000843810292814208
MSRA	0.000455568587788105
CTDNEP1	-0.000164525824326038
ETV4	0.00196849958368482
SWI5	-0.000181769962967564
BAIAP2	-0.000739776034237615
CALCB	0.00295855217971704
HOXD8	-0.00592625356178227
ZDHHC21	-0.000242760500102832
TSPEAR	0.000524528025238833
PLEKHF2	0.000206756220873849
A2M	-0.00183396048769178
ARL4D	-0.00239563804481937
LRRN1	0.00102493809630407
UBE2O	0.00071143276412398
ORAI3	-0.000937838440807445
UNC119B	0.00039927911286878
DENND2C	0.000496711277268789
TUBB6	-0.000935848755560421
LYSMD3	-0.000109393531345517
AMIGO3	0.00146154712551722
B3GALT6	-0.0006518151260018
ZNF613	0.000803616812938842
JAKMIP2	0.002523952456203
MBLAC2	0.000609342250106459
TPRN	-5.1363798105492e-05
KCNE5	0.00119804722145897
SLC35A4	0.000104181331511863
CRYBG2	0.00104631725317134
IP6K1	-0.000178529323669145
SSNA1	0.000244680567787547
CSTF3	8.5221952251584e-05
YES1	0.000326692550300238
CHMP6	-0.000311356368549772
DLEU1	0.00108070349939556
TMEM39A	-0.000305524334172239
TCP11L1	-0.000297244432061415
GPX2	0.00206065422653908
CCDC57	-0.00150477887779141
SPHK1	-0.00198673006897767
BNIP3	-0.00107422358002964
MYPOP	-2.30520989896364e-05
LRRTM4	0.00127956810348481
ATAD5	0.000968912622350033
SMIM19	0.000140678399742974
ZNF404	0.000260837058217377
RTTN	6.06985536068622e-05
ACBD7	0.00163346450834571
ANAPC2	6.21070240411882e-05
ZBTB8OS	0.000415153003309932
SLC35G1	-0.000230781640643236
ZNF135	0.000256898206135454
COX8A	0.000159994723398462
ZSCAN2	0.000967365879775944
B3GNT4	-0.000280123763135173
CDC26	0.00051488535301463
HSD11B2	0.00314891402716948
CRLF3	0.000788932639428726
RNPEP	-0.000281615140345452
EID2	0.000209336388388713
DMRTA1	-5.39693841548198e-05
EID2B	-0.000188732554313479
RIMS2	0.000974170786876774
KCMF1	0.000724351474401588
DNAJC30	5.41747788818631e-05
SPRYD4	0.00124845004149362
VPS37D	-0.000672368541581095
CLK2	4.77689939743716e-05
LPCAT4	7.7297060096122e-05
SLCO3A1	0.00108294478110871
WDR25	-1.25018708873332e-05
SGF29	0.000136320305641397
PLA2G16	0.00232091080423419
DIRAS1	0.00114678468766794
PHLDB3	-0.000616096198553092
PRR15	0.0013877384667824
GNG7	0.000339976157461114
AC008969	0.000423538917779429
KBTBD11	-0.000317443946889844
B3GNT5	-0.000811806507937216
LMNB2	0.000215820822689909
RMDN1	-0.000100227318670179
MEX3C	0.000488083659750407
RNF152	-0.00303261454124851
MYO1D	7.93211228612876e-05
FOXC2	-0.00682965124184629
BDNF	0.00099513596256436
CCDC121	-0.000369646836629222
ACSF3	-0.000200613798450454
BOK	6.05033820668896e-05
C8orf59	-0.000150919955394975
CDK5R1	7.33484057590354e-05
TCERG1L	-0.000498376335621394
RUFY1	-9.70463037593078e-05
BASP1	-0.000151926724667143
LRRC37A3	-0.00019553506823478
VSIG10	0.00185725709251863
IRX5	-0.00207618085363225
METRNL	-0.000818634973026153
FAM91A1	-0.000102069957934914
WSB2	-0.000251692858155329
SOX11	-0.000328535303583987
TYMS	-0.000177436989454248
PXMP2	-0.00052724098488273
PNMA1	-0.000380936915096673
TCIM	-0.00719262637808283
TYMSOS	0.00181495254945522
ANKLE2	-0.000390414415387665
FUT2	0.00105821335281722
GCNT4	0.000809201275177329
THAP4	0.000456547734444646
NFATC2IP	0.00075627356134155
LY6H	-0.00288339520730324
FIBIN	-0.00261071755612864
FAM89B	-0.00133579809943294
SHMT1	0.000710042128437614
DPP7	-0.00158374895419832
SEC24C	-0.000374701489591531
SMCR8	0.00049372451831756
MTHFR	0.000122158369529319
DEAF1	0.000242293316611664
MTX3	0.00040863438006244
TMEM80	-0.000268766361222237
SIX5	-0.00026008111222159
FBXO46	0.000432051519952869
ZDHHC13	0.000584021600338602
SLC38A9	0.00055479841928985
ACER2	0.00146323172327892
WDR73	-0.000284045014987048
POLE	0.000518934282070268
PHETA2	0.00118432215846774
SCN4B	0.00404043905169142
RHOG	0.000113581702698233
EPS8L2	-0.000137156041299163
ZDHHC22	0.00492804265852225
ANO6	-0.000420045413649113
ZBTB34	1.97225405278573e-05
FAM210A	0.000757336694867791
TALDO1	0.000878131417089216
ULK1	-4.53972768211018e-05
RIMKLA	0.00318685700973731
CLVS1	-0.00214692758016775
RPS6KA3	-0.000790422010059513
B3GNT8	-0.00161164783507374
PUS1	0.00159579623839821
CHD9	-0.000219137834444551
GATD1	-0.000124992566201906
MAN1B1	-0.000777650027675722
FZD8	-0.00135221067407
TOP3A	0.000107162340898713
CASKIN2	0.000389418176884267
ZBTB38	-0.000907304199639702
C8orf31	-0.00242719703286095
CCDC71	0.00037356670587528
TIMM22	0.000439947004082367
HIC1	-0.00506647093428136
PPFIA3	0.00106704246857143
MAGEF1	-0.000197239969676866
PAWR	0.000636856440439111
TGIF1	0.000382976678212536
MIEF2	-0.000500893811055311
NAP1L5	-0.00100797186271463
ERICH5	0.000290858211899599
NR2C2	0.000157864335048571
OLIG3	0.00221926097535592
CAVIN1	-0.000330791444302402
ARIH2	0.000468902092257725
ZBTB33	0.000133464591812703
IRX3	-0.00272130943274097
RPRM	-0.000163420985054551
SLC25A22	0.000274394499103685
RABEP2	0.000154271478135378
NHLH2	-0.000519441645999556
ATOX1	-0.000579246450690715
TBL1XR1	-0.000309862113648985
SAMD12	0.00120335655986071
C18orf32	-0.000849362679697842
PIDD1	-0.000186320546677952
RPLP2	-0.000302185328759234
HASPIN	0.00153527488650862
JUN	-0.00192406913051652
CSTF2T	0.000613003668023059
PGBD5	0.0022564428633897
GBA	-0.000656041063952827
ACAD9	-2.01945274568134e-05
IL17RA	-0.000786470512428739
PNPLA2	-0.00013648067009681
AGTRAP	0.000494068699790187
SRRM3	0.00184274470735372
THAP5	5.18981970198347e-05
CRACR2B	0.000800689734819313
NAALADL2	-0.000137726281729115
CD151	-0.0013743720368063
POLR2L	3.03756159442179e-05
FAM20C	0.000775382586957962
NECTIN3	0.00101654804537016
TMEM94	-0.000445831299458029
FLII	0.000137494850662087
SOX12	-0.000135404621995967
HNRNPA0	8.43838546803843e-05
CHID1	-0.000140752104126675
ZNF620	0.000922471079759746
TMEM187	-0.000553063209380212
SVBP	-0.000319618063516039
CCDC184	0.000901627153424397
AP3S1	-3.92915586066074e-05
GRB2	-4.96419903082018e-05
ZBTB41	-0.000510378360671744
UBE2N	0.000434696617893935
ARL6IP6	-0.000294125804391928
ZNF354C	-0.000236590924849654
MAMDC4	-0.000642626472142071
CENPBD1	0.000346404302389857
BET1L	-0.000629810980153668
RPS27	-0.000436793323043612
RIC8A	-0.000597462914996169
IMP3	0.00117842933334214
ASB8	-0.000319451438827816
LCN15	-0.000305561813741744
ODF3B	-0.00542224845211208
DPY19L2	1.83176251483311e-05
LRRC75B	-0.00069035169630496
DMAP1	1.97871575400318e-05
ADAMTSL1	-0.000249786727252301
IMPDH2	0.000532905228840613
ALS2CL	-2.35510672689018e-05
MLF1	0.00026745288614474
NDUFAF3	-0.000702329934545606
C2orf69	0.000976331924583964
GRAMD1C	-0.000206868444653308
STAP2	0.000289734241789035
BOLA1	0.000258652692210385
PDE4DIP	-0.000351993438127911
DDX10	0.000792166555207135
NDUFV2	0.000596591168837199
DALRD3	-7.25137494331872e-05
ZNF114	0.00155124798058658
ZNF518B	-0.00134669428779363
LCORL	-0.000261677789581569
PARD6G	-0.000127078391533705
SH2B1	-0.000320794580754977
KDELC2	-0.00101724171705361
PLEC	-0.000392926062105671
RNF212	0.000850628913412728
TMEM151B	0.00327804924745878
GALNT11	-0.000420185005868006
WDR6	6.79550778072006e-05
GEN1	0.000777319208141646
TMEM11	0.000243768099390942
ZNF354B	-0.000171427333242312
SHISA3	0.000361023026136346
ZFAND2A	-0.000489613677356613
PLEKHM3	-0.000300234814375675
ZNF223	3.1382159815088e-05
HTR1A	0.0133245750589977
FAM220A	0.000363140156156852
DNAJC22	-0.00213575613210119
BEND3	0.00207730601106978
NT5DC1	0.000830281220952423
GLDC	0.00166580092754579
COX14	0.000126642209524674
P4HTM	-0.000397641931187641
DTX3	3.76209434954259e-05
KLHL11	0.000335484204810113
CTXN1	-0.000580594558953102
SLC25A20	-0.00132359487725251
CA8	0.000572967925866549
EPM2AIP1	-0.000499789014451855
ERBB4	-0.00435311362332586
MAF	-0.000499133702475049
CTNNBIP1	-0.000106858947122346
GTPBP6	0.000435232886931169
CSRNP3	0.0001924122255158
ZNF713	-0.000351818487418614
PARP10	0.000101571180194244
SUZ12	0.000412009054327004
NSUN3	-0.000215892645734681
KCTD12	-0.000502587636366106
RPP25	0.00100859015335074
GRINA	-0.000804262585827119
THBD	-0.00370424373967325
COX5A	0.00043470512191356
FAM219B	-0.00057303870371647
ZHX2	0.000393827447017826
CPNE7	0.00147935858541284
C5orf46	-0.00278912994538876
MPI	-0.000177550131408798
OPLAH	0.000530729253660157
TMEM52	0.0021726076531101
TMEM139	0.000401085335886986
RFLNA	0.00143553029318324
EXOSC4	0.000610501105766928
DPY19L3	0.000163083831241789
TAF7	-6.29598905099779e-05
ZNF852	0.000529966101911683
PFAS	0.00131112132709605
HYI	-0.00112793554598224
CYBC1	-9.43175911549277e-05
ZNF552	0.000330826728291424
GAK	0.000127828015629268
ZBTB7A	0.000253013560233771
TUFM	0.000341497610073438
RMI1	0.00104577119615574
CTC1	5.20217591452131e-05
FBXO34	-0.000792202122458343
SELENOW	3.78964080947435e-05
EIF3K	0.000167742415779959
MRFAP1L1	5.0230870635818e-05
SNX18	-0.000648704617179046
AURKB	0.000658611847072553
C14orf39	-0.000314412276172479
MRFAP1	-2.87320582917495e-05
C3orf38	0.000292004212755509
KLHDC7A	0.00390257389373392
TMEM107	-0.000886446220769899
RRS1	0.00163780631134997
TRIML2	0.00398911416511637
RCC2	0.00122205272853201
ZFP42	0.00258298745337889
DPM3	-0.000362585635933785
CYC1	0.000369154352793729
PER1	8.24548192538732e-05
TMTC2	-0.00155335446214743
FARSA	0.000543248688258515
SPTY2D1	-0.000155192897687407
SAMD4B	0.000123643415604762
EDC3	6.06789110800496e-05
TCAIM	9.38704381729451e-05
FUCA1	-8.78481154824126e-05
TMEM125	0.00178405244207469
ZNF664	-0.00106077330656233
CALR	-0.000693754150041766
MAGED1	-0.00162017383903524
GVQW3	0.000132312786022516
LDLRAD3	-0.000122945451838005
CDH4	0.000947402064891452
RAD23A	-0.000376417885898958
GADD45GIP1	0.000467829013437228
TMEM151A	0.00169736531232727
PTPN11	4.69536799348301e-05
NSUN7	0.000845102307544126
WSCD1	0.00132597334872852
RAB39A	0.00270315069532252
CLK3	-0.000340397907756935
HLA-DQB1	0.0016663666810111
GATA2	-0.00323521334666691
ARID3B	0.000744057047915696
PACS2	-0.000224188301449118
ELMOD2	-0.000585781713505016
VWA1	8.27970662390879e-05
GEMIN4	0.000879324644194803
FJX1	-0.00118472104356061
KLHL28	-0.000313838390173577
ZBTB18	-0.000531871852270979
C14orf28	3.7608212307208e-05
SHARPIN	-0.00054536973527644
DNHD1	0.000114064720660445
SLITRK4	-0.000177289338035981
HTR1D	0.00229716740224141
GCC1	0.000147333880695714
ZFPM1	-0.00125009371299551
CDC42EP4	-0.00135595719984116
ZBTB42	-0.000463818529081516
LACC1	0.000919847112492177
MAF1	-5.06869447300592e-05
PCED1B	0.0014141970524809
APOBEC3B	0.00286281889249511
PIPOX	0.0040989195922986
CDH5	-0.00187323771319211
MYADM	-0.00123668070158352
MROH1	-0.000305511822782856
SERTAD2	-0.00184042308355035
AKAP5	0.000240187123643347
CITED4	0.000773413708668803
TIGD5	-0.000123453286609333
PDXDC1	-4.71575143704789e-06
ZNF154	-0.000227904738697838
R3HDM2	-0.000531635036180023
NRXN1	0.00182160633695259
SEPHS2	0.000555300617994249
ZNF784	0.000133410834014536
C14orf119	0.000201955991500655
BBS10	9.18008804043314e-05
FIZ1	3.43776827196369e-06
PUF60	-2.13307555167583e-05
SSC5D	-0.000757200063158567
DCTPP1	0.000885325360808937
ZNF771	-9.62058712429849e-05
TSHZ1	-0.00398969313162604
PSTK	0.000457278727838328
SOCS4	0.000565414603387796
ZADH2	-0.0022984958652172
ZNF48	0.00015301156637897
ANKRD18A	0.00166787563724988
TMEM86B	-0.000452865763294991
TRNAU1AP	0.000425309921408321
EXOC3	7.14925025819121e-05
LYNX1	0.000300551669593912
MED14	0.00137554533758933
FAHD1	-2.77142672194347e-05
TDRP	0.000959998250438304
RCC1	0.00100703497372371
F2	-0.00255501596849448
PRKRA	-8.1847787617272e-05
ZNRF2	0.000711577443387923
ZNF816	-0.000343742059591337
FGD6	0.000309606971967859
PLD5	0.000801475516495747
OAZ2	0.0010763233540628
ALX1	-0.00174734844968147
CCDC43	0.000488467652944241
MEIOC	0.00219887909118684
FZD2	-0.000809963136864632
TIGD2	-0.000143128923389935
MTURN	-0.000618901541321281
ZNF609	0.00010344788775496
PAK2	-0.000280171785048482
CCDC66	0.000525739239175289
MCFD2	-0.00040402887487961
C11orf71	0.000325292428873405
GAS1	-0.00209418043387435
ARHGAP45	0.00109178965670927
ZNF571	0.000388905418178863
MIGA1	-0.000426156609885627
NRIP1	-0.00138241046185921
RNF182	0.000378383356999322
TSPYL5	-8.01184038434048e-07
HIST1H2AC	0.000282966049776178
SKIDA1	-0.00149706560355045
MB21D2	0.00105388966765404
SSTR2	4.07928292121487e-05
ZNF594	0.000437023122613489
PCGF5	8.60143882047711e-05
MAB21L1	-0.00580806498099593
YOD1	0.000175086646625093
TMEM64	0.000991372392734143
SHISA2	-0.000575101353617006
S1PR5	0.000643613426443022
GPR157	-0.000873415794408712
SLC36A4	-0.000107487165379816
ZDHHC20	0.00012502644929932
ARSJ	0.000443301074272097
HOXC9	-0.00547369007788426
MAP3K15	0.000542775028533955
PPA1	0.00054513478178801
HOXC10	-0.00438874153068477
PSMG4	0.00113826195472773
MAP6D1	0.000459403823086597
GREM2	-0.0063120985694725
SSR4	-0.000465072462485748
CAPS2	2.35122592562625e-05
ZNF792	-0.000237101223679518
CUEDC1	-0.00173571176614267
SCRIB	4.00897050092718e-05
KCTD2	0.000198318945216327
D2HGDH	-0.000813999679217314
OXTR	-0.00139564693665582
CMTR2	-0.000195641235406678
FAM83H	0.000614972634770723
ST20	0.000287711618932698
PITPNB	0.00030738809897766
TCEAL8	0.0001543696104835
LRRC57	-0.000361183328303796
MRPL14	0.000319640491365979
GPR137C	0.000133659320128418
ZFP82	0.00053440723436974
NQO1	0.000232015595426201
AEN	0.00120776320494014
FKRP	0.000137742395399431
TRAPPC5	1.35630716556528e-05
RPH3AL	-0.00116714198762708
SLC25A42	-0.000304625473057681
METTL23	0.000331519776730023
SLC26A11	-0.000731541622451597
HIGD1A	-0.000739798481449811
CHRM2	-0.00252169776594109
MAPK15	-0.00129712524133407
EHMT1	0.000582405225688862
F2R	-0.00094401540546207
ZNF707	0.000269161686175998
NPM1	0.000508883447875997
PJA1	0.000128596310686909
DHTKD1	0.000889007671506089
PENK	-0.000391524004500227
HIST3H2A	0.000302758144292763
ZNF746	-0.000191616332729785
POLR2A	3.83829550320885e-07
TMEM132C	-0.00155243849171873
TMEM136	-0.0003391331169782
FRAT2	0.00245872098448884
TMEM102	0.000971196481637953
ZNF322	-0.000143122776847081
LRRC75A	0.00210804280406912
SYNE4	0.00198259840752469
OGFOD3	-0.000136592274707986
AATK	-7.96404742341888e-05
ZNF467	-0.00285807721133347
SOX2	0.00269820292534766
ZNF678	0.000558749636479896
TMEM45A	-0.000539578859307493
RAP2B	0.000301998755585745
ZBTB2	0.00086960471118512
RNF135	0.000214345535620878
ACBD4	0.000323751806257319
SGSH	-0.000741528163765669
MAB21L2	-0.00568749244845384
FANCB	0.00123952941985556
SETD2	0.00014430693648848
MEX3D	-0.000335106102833105
MRPS23	0.000490833433539517
ZFP41	-2.69336627838669e-05
PHLDA2	-0.00101405246635496
ATG9B	0.000341277664821469
HKR1	-7.05994846153262e-06
PLAG1	6.33542988088695e-05
YIPF6	8.90724534541675e-05
ZBTB20	0.000206759443986095
C3orf58	-8.69174950785347e-05
C5orf30	-0.000183585761845575
AMIGO1	-2.82325083032894e-05
GPR3	0.00149606512910196
SIAH2	-0.000878082079584578
COPG1	-0.000748182429505712
ADGRB1	0.00133402949886659
LSM10	0.000443620287653615
RELL1	-0.000258799065932637
RFX7	0.000954825047516234
SLC35C1	-0.000414681028036636
RNF41	9.82607468302467e-05
IBA57	0.000680545000251107
CLDN7	0.000994251560190762
ZNF329	0.000243037032215148
ZNF101	0.00113688337638773
C5orf24	-0.00135675297070014
ADO	0.000522566621089856
COA4	0.000693970186128144
PRKAG1	0.000229070500911498
GINS3	0.000938904859408758
CCDC149	4.04874135373289e-05
MRPS11	0.000204258717521721
SNRPE	0.000134014618975452
RTKN2	0.00127642839654922
PNMA8A	-6.98635405870405e-05
CHST15	-0.000622107857695784
MGAT4C	0.00371547575994013
IDH2	-0.00032550011174985
TMEM259	-0.000298615494056773
WRB	-0.000633293575833437
TNRC18	-0.00328318679328363
FAM181B	-0.00131715619992121
TMEM30B	0.00181865920230395
DEXI	-5.81813653405631e-05
NOP10	0.000439333330061282
FAM89A	-0.00397159661644214
KCNIP1	0.000440525539812334
TDRKH	0.00135774068883879
ZNF708	0.000521758628141261
IST1	-0.000273095399996491
ERCC6L2	0.000216916583231432
MRPL41	7.94448227938283e-05
CREB3L2	-0.000733583931660902
UNC5C	-0.00308849949577582
TSEN54	0.000709262698994153
RGMA	0.000774640379168651
UBA7	-0.00173333570651964
MRPS16	0.000454663572726256
SHISAL2A	0.000145821869850367
RAD51B	-0.000136445551662479
LDOC1	-0.000413792253918761
ARL6IP4	-0.000597554433161918
EXT1	-0.00151701698747594
SHMT2	0.000594462817685925
MOB2	-4.45530292568728e-05
ATP6AP2	-0.000125616318556463
CYB5D1	4.49183365783181e-05
BACE2	-0.000196875104643757
UBE2E2	-1.84640978039842e-05
SYNM	-0.00133576243349128
FIGN	9.9426875512612e-05
B4GALNT4	-0.000459680273783333
AP1S2	0.00114857788040755
C8orf33	5.91881146711413e-05
FBXL6	0.000733520147972447
C1S	7.21751114790265e-05
GLTPD2	-0.00347613833555093
KBTBD3	0.000112104157592743
YBEY	0.000506386447829304
CLN8	-0.000487486656199078
PLCXD1	0.00122303347440086
NXPH4	-0.00124724770419432
TRAPPC6B	4.66197459757696e-06
NPLOC4	-0.000102821158828861
TSHZ2	-0.00202285936373328
CAPN12	-0.000388935761203146
EXOC7	-0.000297295007970475
KPNA2	0.000844656482224449
BGN	-0.00166077714711383
CEP97	-0.000242726491427298
FES	-5.57015947703138e-05
GLRX5	0.000463064899515937
FAM104B	-0.000236515187984412
MXRA7	-0.00148580504885867
LIMK2	7.72937658584059e-05
MFSD5	0.000247363037342798
ADI1	0.000208869165804375
RWDD4	0.000126669208053904
SATB1	-0.000471669275304192
NXPH3	0.00111049547710783
EPHB3	-0.00381087620475668
SNORC	-0.000395982567781466
TRAK1	-8.40501721034824e-05
PLCB1	-0.000146257223204491
SKA2	4.94643498417205e-05
NDN	-0.000888861228012022
CCDC172	0.0152238089881069
NTM	0.00156594390275874
TTC3	-0.00227716881847109
BRICD5	-0.000269796872802676
TSKU	-0.00100003181729838
CMC4	6.9447652844815e-06
ANXA2	-0.00253126451698118
HOXB4	-0.00401573574600307
PAQR7	-0.000793585243348688
PAPPA	-0.00196935816508214
NGRN	-0.000279822237196653
MAGEB17	0.000685133530648904
CRIP2	-0.00200216107767199
DDX28	0.00109214045166306
ACBD3	-0.000443043464390857
C16orf72	0.000165005215830341
PLCXD3	-0.00481941457577716
ALG12	0.000250981594804491
LCK	0.00705513768850576
COL18A1	-0.00067309392784592
RBM10	0.00033762712418208
RPL35A	-0.000354022158352638
ZNF721	0.00069192315846167
TSPEAR-AS2	0.000217527344510469
TCEAL7	0.000184762520518833
C11orf54	-7.32335755107156e-05
CEP63	1.53829314766788e-06
SRPRA	-0.000322077165187225
EWSR1	0.00020975930079199
HMGN4	0.000332637617897516
GJC1	0.00103900522121629
SOX1	-0.00063036164660446
CNOT10	0.000710230475132248
MTA1	5.60298260198847e-05
CADM1	-0.0020840578617948
ZNF320	0.00011805507873269
PYCR1	0.000251069594288675
NAA38	-0.000665726343947362
SPNS2	-0.000736133635757478
AP2A2	-0.000631301561889241
SLC8A1	-0.000493860151387077
SLC25A21	0.00233652622452848
PCP4	0.00126692599995728
ABAT	-0.000253928906409138
SLC25A10	0.000608222333680489
CAMK1D	0.00016068257794301
LYSMD4	0.000355255663772363
AFMID	0.000168077143221593
GAS6	-0.000663329275896575
BEGAIN	0.000695405565389676
GPC6	-0.00204547001541255
CEP57L1	-0.000214973155506744
RIPPLY3	-0.000807707689426322
GPR19	0.0017904980754442
RABIF	-1.18329499340034e-05
TMEM119	-0.000765850751131105
FANCF	0.000672875019551771
CALN1	0.0025118813447288
SMDT1	-0.00053166552933839
C2CD4C	-0.000450560942558997
CHST6	0.00202978222642431
RUVBL2	0.000441591383208623
PRR36	0.00110831011353496
PTTG1IP	-0.000816781233506918
DDX41	0.000202678381897137
ABHD16B	-0.00039975569039092
DAZAP2	-0.0011112587372333
CCBE1	0.00069452065240559
SELENOF	-0.000556730344327978
TMEM121B	-2.27973563213155e-05
ZNF623	8.83304040607563e-05
CCDC125	-0.000115772452655868
BCOR	0.00115037524214464
JRKL	-0.000526173915606652
CABCOCO1	-0.00596141668527982
KIAA2026	-0.000421548557625508
SYNDIG1L	0.0035870696690805
FHL3	-0.000468934568310283
PMCH	0.00115093347827449
C19orf71	9.31444093436262e-05
CCDC159	-0.000754393220832394
RIPK4	0.000145402484382577
NPIPA1	4.14001646732548e-05
SF3A3	0.000816034246163982
TRIM61	0.00117925775601307
GRIN2A	0.000178643119733378
URAD	-0.00455693895831035
GTF2H2C	0.00070918660720399
ASB7	0.00019541635414853
MX2	0.00312760472433175
EP400	0.00011155182812845
MEX3B	-0.000472770534233199
COA5	-0.000234833635351666
UTP11	0.000530807499665332
PSMG1	0.000665424663859564
PRR14L	0.000878541180589353
SERHL2	-0.00140459692923814
PCBP3	0.00118567104701589
SETD3	0.000279502164939958
ZNRF3	0.000348773712558003
FBXL7	1.26244483521991e-05
TANGO2	0.000144534804771694
SFXN4	0.000311666670754631
MRPL54	0.000215477243612485
HMCES	0.000193302230068039
DGCR6	-0.00129026031559979
ZNF530	0.000677427965694539
NDUFB1	0.000124482208407766
MARCH11	-0.001328889112497
KLHL25	0.000802340234528989
TRMT12	0.00058313242020045
ALYREF	0.00034264213375286
RFLNB	0.00134443942752241
NOG	-0.00501579197572133
UPP1	0.000156570277024834
TRIM52	-9.22407013547782e-05
LHFPL6	-0.000574554292035179
CMTM4	-0.000137573369107581
TMEM50A	-0.000119877194335705
TBK1	0.000519996791514005
CBX6	0.000280476478315097
MACC1	0.00235031573003604
TBL3	0.000626817821807301
KREMEN1	-0.00133530323526308
TRAIP	0.000934411655049223
CHEK2	0.00140816636300975
AIFM3	-0.000108049321762377
B3GALT5	0.00353153773124709
ZNF703	-0.00399364317630679
SLC35F3	-0.0013572139831219
EMILIN3	-9.99546610108643e-05
OLFML1	-0.00422758378962782
RBM12B	0.000575983188144529
LIN9	0.000773850268942137
BTBD9	-0.000235121989176171
NUDT14	-0.000233673268944853
MAATS1	-6.59671265691159e-07
PNMA3	0.000775832373152902
FAM3B	0.00218924192479072
ZNF730	0.000302465047559542
KIRREL1	-0.000850154148981545
IQGAP3	0.000311308982080221
TOB2	0.00032720102747537
SCN5A	0.00218729472019488
ARSI	-0.00248043787966571
UTY	0.000688898671746188
PKD1P1	-0.000257559052526995
TTC32	-0.000201984702219002
LRRC55	0.00196205804008803
PRKX	0.000961718567498472
KMT5A	-0.0013947981384093
KCNH8	-0.000647397577382182
SMTN	-0.000749114743700831
NPW	0.000495738613874125
COA3	0.000201861944193168
NPB	-4.79223345680785e-05
ST6GALNAC3	0.000468236270033478
PTP4A2	-0.000332343007474131
ACTG1	-0.00139297913345236
TMPRSS2	0.00174276466436681
DENND5A	-0.000712649561173553
DIABLO	-0.000395757702859629
VPS33B	0.000100331490824554
UQCR10	-7.89715043909032e-06
FAM120C	0.000689743265025091
CLDN5	-0.000907922799835546
NIPSNAP1	7.25126777639842e-05
CNTN2	-0.000385934886296807
LRTOMT	-0.000532992461871304
ADRA2C	0.000735132172855829
NR2C2AP	0.000437011083646357
C1QTNF12	-0.000611332046210662
CRELD2	-0.000304383244497585
SCFD2	0.000923915165481387
UBE2F	0.000235995085956473
GPR173	-0.000171556930885111
PPP1R2	-0.000144199656896326
TSPYL2	-0.000218703752501136
PGP	0.000717338988701718
C22orf46	5.00224764514349e-05
SNRNP35	-0.000165016554928675
IRAK1	0.00024066816703556
CMSS1	0.000733796691105679
OAF	-0.00218250512196574
ALDH1A3	-0.00128167795282311
CDR1	-0.00064742214986347
KCNK12	0.000553761032063469
POU6F1	0.00024907289561783
TM2D3	-0.000416616134946353
TSSC4	-0.000284950934789634
TACSTD2	-0.00106007406104943
PRKD1	-0.000722637760448684
ZDHHC23	0.00219724098885886
GDF3	0.00501523852736675
SLIT3	-0.00357584981278946
EFNA5	-0.00132322072329086
PKP3	0.000494554234373471
CSF1	-0.000490980024067885
ACTRT3	0.00190462165573283
PLA2G6	-0.000700749397199344
MAML2	-0.00123087976689986
SS18L1	1.8062462261789e-05
KCND2	0.00248841757989093
TOP1MT	0.00106200418513162
COPB2	-0.000633139152404872
THAP7	-0.00026455586688782
KNTC1	0.000545063656377439
WDR27	-0.000680981208884674
TXNRD2	-0.000408137263153286
FOXO4	0.00112029713752115
POU3F2	-0.00179602673241587
PTP4A3	-0.000349564267351217
PROS1	-0.00292947362548773
HDDC3	0.000200119258965969
BEX5	0.000769859822167711
ZFP1	-0.000189701064826988
CEND1	0.00308101902116957
DUSP8	-0.00121532635477093
SOCS3	-0.00127839739316269
SLITRK6	-0.00226568728929041
XPOT	0.000744670436135252
TMEM173	0.000878926940452929
PDE4B	-1.98898372397802e-05
SNN	0.000294594592048699
NELL2	0.000773688017959203
KRBA2	-0.000296175752079511
MED12	-3.05438872701101e-05
ZNF93	0.00131528303866568
SEPT9	-0.000256956991292125
CDCA2	0.00115051461291619
GSTT1	-0.000370684733561744
AMER1	0.00085008362692586
ZBTB40	-0.000228267537665891
HIST2H2BE	-0.000653591199665766
CLDN6	0.00116349707852408
SEPT5	-0.00142999067518077
EIF4ENIF1	-9.15935530815707e-05
SERINC4	-0.000417294335262078
RNLS	0.000896657589811587
FAM110C	0.0024068523824118
ATL3	0.000159930401077297
NDUFA12	-0.00024677322361159
UBE2G2	0.000257843741648908
OSBP2	-0.000163300317902586
B3GALT5-AS1	0.00292444789762372
APOO	0.000603054396319926
TMED9	-0.000700121212938261
TMEM186	0.000260501455318019
RBM33	0.000100079977514948
ARMCX2	0.000168230941581424
BTBD6	-0.000906516992507866
SRY	0.0014065982220823
H1FX	-0.000586064490181851
SUMO3	-0.000189069057639956
IMMP2L	-0.000250203457016645
TCEAL2	0.00162062731679223
JAG2	-0.000931261109481747
FMNL1	0.00139409608378919
PTRHD1	0.0003162599725309
WT1	-0.00761754654432102
ZFP90	-0.000658965282452832
FAM227A	-0.000173488543449058
NOC4L	0.000883586747395099
USP18	0.00111976623319686
NDUFA6	0.000324366857270164
SORCS2	-0.0013603461000752
TMEM121	-0.00264820660251747
TMEM106A	-0.000935600403979077
SIVA1	0.000431007098291505
BRI3BP	0.000754024610327814
DGAT1	-0.000663468869696325
ROBO2	-0.00107852485754071
AP3M1	-1.38669849266148e-06
UBOX5	3.92440924371628e-05
MAFF	-0.000650441411004218
BRF1	-0.000461954621014464
SEMA4B	0.000907120607688358
CIB1	-0.00038215710833575
ANKS1B	-0.00169637522208423
NELFA	0.000247811644605878
SLC24A3	0.000954478592180441
EFCAB10	0.000812837470890639
FLRT2	-0.00287958272539373
INTS5	0.000686168115848483
RPS27L	-8.97945257517043e-06
MANEAL	0.000674853352920242
ADSSL1	-0.00044960547535528
ANO9	0.00145419421472582
FAF1	0.000280291920829391
FAM43A	-1.70226027712911e-05
NSMCE3	-0.000770178774436783
HSF1	-3.91548359321966e-05
C6orf120	6.4167095508288e-05
PURA	-0.000583126781770198
INPP5J	0.00130378054077527
MIXL1	-0.00140678495372483
LRRC37B	0.00023500554770788
DDX51	0.000464748743030613
NOMO2	7.24696313634213e-06
SIGIRR	0.000494449048750063
NRBP2	-0.00108395667837162
IFITM2	1.25819294211872e-05
TNFAIP2	0.000157020435917934
ZNF445	-0.000236928101337162
PGBD2	0.000389312802161348
TCEAL9	-0.000942649620435925
RAB11B	-0.000468792668555223
PRMT3	0.000889143734285215
PRPF39	-7.03933770655317e-05
PPIL6	-0.00152773355887326
ZNF74	0.000548535852641033
UBALD2	-0.000990703315729967
NOTUM	-0.00374687671012861
RBM11	0.000322045498054327
GALNT17	0.00113769700508616
IL3RA	-0.000420312616466807
CCDC137	0.000585438079674667
ARL15	0.000199997046414902
C12orf56	0.00737608992489919
CDK10	-0.00010866390494495
SOCS1	0.00155859067845964
TCN2	0.0010006721026072
GAS2L1	-0.00137917833391429
ATP6V0A2	0.000651543028647823
TEDC1	6.65983600551354e-05
HGS	-0.000395063564267808
TNFAIP8L1	-0.000981236951833256
RAD51D	0.000299243026160046
MAPK11	-0.00143390049611768
MRPL30	0.000727345618030483
TARSL2	-5.44542227832403e-05
SMYD3	-0.000366530460853342
METTL7A	0.00117289704622356
IFNLR1	0.00146930595508864
SH3BGR	-0.000708521976607699
FAM174B	-5.62574993460384e-06
ZSWIM9	0.000670542623772512
TMEM179B	-0.000601048195723343
PARPBP	0.00102559220371041
ROR1	0.00153267937166625
MUC1	0.000729752993697765
FAAP100	0.000370414819735924
IRF7	-0.000419199066596627
L3MBTL1	-0.000148525660835654
BRCC3	0.000799308798566388
LMNTD2	-0.0010723238499485
PDE6G	0.0036286977721231
PRKG1	0.00147003687211234
NR2F2	-0.00474486194548347
DLK1	-0.00509326278757784
LSAMP	-0.00150297033480402
AHNAK2	-0.000957056450464248
OLFML2A	-0.000392295423958145
SP1	-6.14619369032196e-06
MRPL40	-0.000606969521868816
INKA1	0.00189792484479846
PCGF3	-0.000418125083758738
LMLN	-0.000221611655059427
P4HB	-0.00115642698201449
PSMD13	-2.4009028157539e-05
PBX1	0.000850408847116895
NDUFA4L2	-0.000332817742058104
ZFP36L1	-0.000475161592029081
UBE2L3	0.000233306038471462
NTF3	-0.000293312483985447
BRWD1	-0.000157554158602692
PMEL	0.00137435555588121
SYN3	0.00307214014492705
POU3F1	0.00278509169796264
SNAI3	0.00224056798243481
ZBTB3	0.00170283293138801
EP400P1	0.000154149563547627
MOSMO	6.72188946410581e-05
DRG1	-1.19326351488025e-05
ANKFY1	0.000160111038693909
YTHDF3	0.000303582394121566
ZNF696	0.000256125283597857
IFIT1	-0.000218233570151031
CXorf38	0.000193528163871234
ADAMTSL5	-0.00262097472607588
MORF4L1	-7.48162620891943e-05
WDR53	0.00069504802814658
DMWD	-0.000475394651283766
SLC52A2	-5.92817897763192e-06
PIGP	-0.000616322813055967
PCYT2	0.000650313751362096
NAT8L	0.000980489003336592
NPAP1	-0.000833857485707523
BCAP31	-0.00014292632125162
GNB1L	0.000967323269574651
DNAH14	0.000880156462867885
ZNF829	0.000871987586221939
THNSL1	0.000666426729616148
TRIM69	0.000311542942190321
ATP6V0C	-0.000290004400054235
IFITM1	2.33205471974295e-05
LAMP1	-0.000162043231021095
POMK	-0.000164203011651212
KLHDC8B	-0.00157787701497834
SETD4	0.000304230670557757
PTCH1	-0.000538492392929812
RTN4RL1	-0.00615093132876336
RNPC3	-0.000284897845310428
ZNF267	0.00105629408710208
IRS2	0.000102596766255031
BICD2	4.27626503811629e-05
TMLHE	-0.000142500501825415
SLITRK2	-0.00451700698064288
RASA3	0.00029786431243035
LRCH3	2.4093302393729e-05
LEMD1	0.000186032266981994
NDUFA13	4.82612849030506e-06
ZNF566	0.000525057154471538
ZNF529	-0.0001142567056634
AIDA	0.000378853553747089
C15orf41	0.000235773018378727
CYP2R1	-0.000205883870642714
ANKRD46	-0.000366540341814327
PIP5K1C	-0.000220456847061327
ZBTB6	0.000314009580997202
C2orf76	-0.000110260230207558
POLR3C	0.000154734112002973
WWOX	-0.000308444335420611
CCDC84	0.000282960160079684
BCL9L	-9.39466670865802e-05
POLR1D	0.000516850911056497
KIF18B	0.000964871177097772
ZNRF1	0.000384889885952988
SAPCD2	0.000801314601934412
MARC1	0.00121993554884153
BLOC1S4	3.57602856638852e-05
ZNF749	0.000859850549582501
MRTFB	-1.74126012361198e-05
ZNF17	0.000739999412244708
TOR3A	0.000438670752997116
GABRA5	0.00236313591588268
PPP1CC	0.000785866484476249
ZNF555	-0.000432817734002176
NAP1L3	0.0014106448299193
PRELID2	0.00013967536634252
BACE1	-0.00177145077461677
TMEM212	0.000479506303798443
THBS2	0.00269714098824543
RXRA	-0.00053697082194183
ANKRD37	-0.000356652610717768
NUDT17	-2.73309063636381e-05
ZNF75D	0.000872443843977418
CYP4X1	0.000670733051852669
KRT10	-0.00037584686698826
CD300E	-0.00499666021923775
CCDC30	-0.000896725034637759
NKRF	0.000540828002956338
KPNA4	0.000335723673868239
TRDN	0.00106167848581552
ZNF501	0.000465143053115588
ZNF197	-0.000257390131506472
NAP1L2	0.00218893784223156
RPS23	-0.000366730010211382
GNG2	-0.000707131300850354
BTN3A2	0.00131009269859404
INSIG1	0.00105651304731216
C5orf38	0.00176376608249505
TMEM222	-5.42666117311969e-05
SEPT10	-0.00017515442308946
FAM86B1	0.000605430736937846
SMYD4	0.000414290965312514
GPATCH8	0.000309767431131782
CEACAM19	-0.000396074386988786
NF2	0.000239264164707769
SMIM29	-0.000799409578810066
UBE2H	-0.000466569253524407
HPDL	0.00261962655500189
KATNA1	0.000117754612588187
ARAP1	6.35448938672603e-05
PDE2A	0.000922476352065073
PRR5	-0.000571220153588205
ZFP91	-7.87654709723761e-05
C17orf58	0.000466082667041729
BCDIN3D	-3.19129937551981e-05
LYRM7	0.000670102381637763
CCDC73	0.000780520083280809
BCR	0.000623680930338856
SPIN4	0.0004959952340191
ZNF732	0.00134744357857509
SPIN2B	-4.80434675941332e-06
HYAL3	0.000382822904862169
VSIG10L	0.000295807579893733
ANXA8L2	-0.00702185618457353
ZNF397	0.000511744145919501
ZSCAN30	-0.000181576818721351
TPCN1	-0.000113177941164872
HEXIM1	-0.000135368267613897
SELENOV	0.00191442845046914
TRABD2A	0.00235570028665272
POFUT2	-0.000847678187284002
MAPT	-0.000773836614048638
ERCC6L	0.00205667910751522
C1QL4	-0.000306914526991268
RTN4RL2	0.00330135340870913
ZDHHC17	-0.000284204565743747
ZNF395	-0.000722711365646715
PPARA	-0.00017864346640206
FAM183A	0.000608110441476783
EMID1	-0.00113238838443854
ESPN	0.00126577730128361
PTRH1	0.000243767912449973
TMEM216	0.000409645647325545
RPS19BP1	0.000248851212697653
TEAD1	-0.000860481327719755
PLCD1	-0.000765251642640089
CCK	0.00259849653380607
ENTPD5	-0.000683145486768429
MITF	-0.00148866842122604
NAP1L1	-6.2890191441997e-05
CMC1	0.000497369787730921
SLIT1	-0.00103690508520965
LYPD6	0.000724777857482989
AKR1C1	0.000366086483531727
FOXD3	0.00416444774262402
RNF220	0.0003971729749206
SHTN1	-0.00046026809487785
AL162231	-0.000127866347677032
TSPYL4	-0.000780649579812666
MT1X	0.00216579670295081
GCNT1	-0.000831870639088413
SESTD1	-0.000233481491558485
FNBP1	1.35697331343289e-06
DYNC2H1	-2.63789202374551e-05
BCAM	-5.98950585410509e-05
RSBN1L	0.000223129849910246
WDR86	-0.00144941293044547
EPOR	-0.000245844242414513
DCC	-0.00224431892526486
TAF9B	0.000348168311984152
MAGI2	0.00158120650635262
CHP1	-9.38773332619239e-06
KCNJ11	0.00180047646593469
COL4A1	-0.00239407671181494
GJA4	-0.000140306895699467
PTMA	0.000546842906269714
HSPA14	0.00084758581324188
SIRT7	0.00033151965159371
IFT140	-0.000581101223097203
SBK2	0.000903854789701284
CYP26C1	-0.001763251275795
USP7	0.000457397460446567
ZNF385C	0.000673731050899961
MAGEH1	-0.00166885759124955
TET3	0.000263757276776975
ZNF286A	0.00038416150150908
ISG15	-0.000228772122836996
EXD3	-0.0011047825778255
C17orf97	-8.98643494466809e-05
ZKSCAN4	0.00026522777320225
DHRS4L2	0.000171087497759163
SAMD11	-0.00605826942921517
HAPLN4	0.001606231475431
ERC2	0.00109293268004646
B3GLCT	-0.000992811668459079
SPRY4	0.00158838566941409
TRPV2	0.000322709030673346
C2orf88	-0.000833145568412516
TMEM203	0.000150893419622252
SLC18A3	-0.00272829741541209
THSD4	0.000113099851564428
TCEA1	0.000598944770301781
NHEJ1	0.000799699489976857
FANCA	0.000675586633168887
SECISBP2	0.000456149220115883
SEMA4D	0.00152766232861636
LIN28B	0.00105314369792975
MCRS1	0.000205095196201885
FANCM	0.000587585577420991
ZNF70	-0.000822271436888008
PEAR1	-0.00255986390964382
ZFP69B	0.000772746047381857
ZFP69	0.000366462096573821
TMEM220	0.00118576194456055
HIST1H1C	0.000179039789737462
PLSCR3	-0.000152317823077002
EIF4EBP1	0.000500721984111912
CCDC157	0.000448474576714893
FAM122A	2.10757225792801e-05
PALM3	0.00281073582861878
FYB2	-0.0024222546990265
AC091057	0.000352398756406196
CYHR1	-0.000426309255437807
COL14A1	0.00159761088420692
DNER	0.00114438738185042
KLHL17	-0.000203704892053158
ZSCAN23	6.80882884712514e-05
HIST1H2BG	0.000633569175391119
RINL	0.00118236807279076
MORN2	-0.000591740090662884
UBQLN2	-0.000113578238891344
RILPL1	-0.00149981473248242
NRN1L	0.00273325155574576
ARL4C	-0.00116390591862857
RAB42	0.00193500449023242
WNT7B	-0.00124616171753123
C6orf132	0.0024358768410428
MAPK12	-0.000826051492858961
COL4A5	-0.00182746842356432
AGRN	-0.000838092797965708
NHS	0.00133241505500708
FAM166A	2.82733579766666e-05
ZNF626	0.000319117542204599
SMTNL2	-0.000825707315479931
LAMTOR4	0.00018383204224787
PRKAR1B	0.000989743254288762
DCUN1D3	0.000391398503188565
AD000671	-0.00060053634735168
ZNF793	0.000152263643242078
TUBB4B	-0.000397939595483527
PP7080	-0.000853295264868011
COMMD6	-0.000620434435774153
PLA2G2A	0.0069912491497723
ZNF383	-5.92090949264944e-05
HES4	-0.00484988910700662
ZNF669	0.000578166329910665
PLSCR1	-0.00041553228435355
C3orf62	-0.00031658728532697
ENO4	-0.000461931633868532
ZNF559	0.000166445414881067
SBK1	0.000827599444197729
GTF2F2	0.000376172610761675
FAM92A	-0.000857759173186609
FOCAD	-4.89697207080272e-05
PRR19	0.000964349311462615
CHM	0.000151065345530937
BLOC1S5	0.000176396548141393
SLC24A5	0.000352085923524802
ZNF788	0.00198501608682067
IER5L	-0.0038008905439396
H2AFX	0.000198924698677345
SERPINA5	0.000132242300891623
C19orf54	0.000238937744002896
LCTL	0.00121165375572628
NCCRP1	0.000559629042214844
COL25A1	1.84821445934537e-05
FAM83G	0.000984125004765056
CFAP77	-0.000746811034780834
SRSF10	0.00123883685181712
DUSP28	-0.000398656393450513
NBR1	-0.000568299803725125
RALGAPA2	0.000229068840309896
NDOR1	0.000722071633108897
FBLL1	0.00187843651783593
PAQR9	0.000640832836077947
CLN3	-9.24260792303466e-05
FAM72B	0.001115158326368
SUMO2	-7.69229794857322e-05
NANOS1	0.000526302853782017
ZNF177	-7.53444212632473e-05
RTL6	6.68600045827307e-05
S100A16	-0.0021493418066194
PTAR1	0.0008388724761861
SAXO2	-0.000508508264110618
PARVB	-0.000101734473259423
SLC4A5	0.000338988036757805
UROS	5.93352245680204e-05
ZDHHC9	-0.000193855149525033
ZBED6CL	0.00131518002144601
SMIM15	9.19035453626508e-05
FAM221A	0.00126365071699679
TMEM120B	0.000266425478242974
RBM34	0.000348647018268101
NOXA1	-0.00125334205533811
TMEM198	0.00123249747036218
ZNF548	-0.000322557355104515
MTF1	0.000399515027176467
SHISA6	0.00269769458637667
TMEM201	0.000689218127514025
NHLRC3	-4.77927374930386e-06
ZDHHC11	0.000329643576883642
SLX4	0.000550491678609774
RPL14	-0.000309539819910239
BEND4	0.00319779219219811
FBF1	-0.000309851462441201
KLRG2	0.00497500045735712
MSL1	-0.000315666313504556
TRMT2B	0.000841766613225466
CFAP126	-0.00041374159212477
FAM120AOS	9.18409652217248e-05
NOC2L	0.000518511228291449
NELFB	0.000165741929522503
ZNF292	0.000272603948076846
KCTD21	-0.000324103105381882
ADAT2	0.000653685085872494
ZNF567	0.000384260185242191
NDUFA4	0.000170555043171961
ALKBH2	0.000426320690352288
RNFT1	-0.00123647674751261
RELN	-0.00538488192701438
FAM111B	0.00161861854496094
H1F0	-0.00103422390024735
LITAF	0.00118408822740615
ARID2	0.000495749713381615
SF3B3	0.000371755298640548
BLOC1S3	-1.13630271437672e-05
SP6	-0.00100790886068132
ANKRD34B	0.00345828486775697
PLAC9	-0.000714380652790155
CLDN4	0.000281102680289944
ZNF573	0.000422926583337143
FAM47E	-6.68828277917412e-05
JPT1	0.000236232537364779
S100A13	-0.00150677196968168
ZNF33A	0.000323501685427251
PCDH18	0.00120424608633064
ZNF600	-0.000205013882594748
MAOA	0.000657325986274232
C15orf61	-0.000630715595947698
TSPYL1	7.12929070596379e-05
PNRC2	0.000120650470149904
FHIT	-0.000507751976905867
ALKAL2	0.00161766673524742
ZKSCAN3	0.000350486078882113
RRP7A	0.000435835565862115
LIN54	9.99180680587086e-05
FAM53B	-0.000225727848511289
S100A14	-0.00278518784624367
KAZN	-0.000577568476823504
SLC35E2B	-0.000360737509269047
NEMP2	0.000136954920904483
ALG1L	0.00175570428878562
KIAA0408	0.00199264478828598
GSPT2	0.00108066209469212
C8orf76	3.75902786746266e-05
HMGB1	0.000318141902920294
MMP23B	-0.00219982020655767
SH2D5	0.00307519574661822
NCR1	0.00369808978413218
BLOC1S2	0.000399089774291504
ZNF724	0.00117958495706918
IL1RAP	-0.000366170866558091
SPOCK3	-0.00135602296306913
TDRD7	-0.00218813681103034
CCDC189	-0.000505330544464142
KIAA0895L	-0.00067046122727256
HLA-DRB1	0.000701738339332971
SERPINA3	-0.00269057255425367
AKR1C3	0.00277615976960474
SPATS2L	0.000309332040566542
ZNF250	-0.000369847318806785
WDSUB1	-0.000118120279166713
ZNF79	0.000165316349783655
S100A4	0.00069595836996318
PLEKHG4	0.000301272970979367
FAT4	-0.000527637858632734
ZNF681	0.000611528006131426
ACADSB	0.000591653278575106
STK40	-0.000823674654166359
TMEM63A	-0.000671256753433146
SEMA4A	0.0018751647688318
MPHOSPH8	0.00030084891294396
GREB1	-0.000882588733244387
ZNF766	0.000727008600047142
RYR1	0.00388707327191338
SRGAP3	-0.000184723292224543
FAM217B	6.25175415971308e-05
TUBB	-0.000173973680865155
LCOR	8.08053262395875e-05
SUPT5H	-0.000117851104379131
XPNPEP3	8.3693955302302e-05
ZNF107	0.0010929168060892
PPIA	0.00025359680327929
ZNF471	-0.000416190707350579
ZNF836	0.000368595467272771
ZNF493	0.00067610373017307
SUPT3H	0.000157976020543475
NIF3L1	0.000728816550096636
ATP2A1	0.000830637611355854
IARS	0.000687244486216737
MFSD14C	0.000147902475399607
POM121	0.000314871881730363
ZBTB44	0.00121173997177085
NLGN3	0.00157755793576973
ZKSCAN7	0.00051628583838581
CD55	6.29526014671231e-05
ELAVL3	-0.000530035393913445
WDR5	0.000548298818441896
LONP1	0.00056565482350556
TRRAP	8.78828666844885e-05
NUDT11	0.000853624751521854
ASB13	0.000256459092115846
SLC35F1	0.000466623430999613
ZNF34	0.000460316489861763
ZNF140	-0.000151800697254003
INCA1	-0.000570968016254306
ZNF774	-0.000235436732286489
PTPN1	-0.000188240666112025
EVL	-0.000946381672832979
EPHB4	0.000174795793346326
ZNF765	0.000327638106909542
ZNF124	0.00016969994238043
XRCC6	-0.00232374632867831
PPP1R26	0.000194902262620879
TSC22D2	-0.000220086434059519
ZNF569	0.000707362580906224
ARMCX4	0.000433430909624971
YRDC	0.000305220723178862
ZNF777	-0.000108787050733357
PIK3R4	0.000654163732611889
ZNF775	0.00143137449835407
ZNF605	0.000286891305347714
TRAPPC2	1.00139658846836e-05
MYL6B	-0.000223375580421154
SIAH1	0.000244709685654941
C20orf96	7.92455385025979e-05
IPO4	0.00107266719784394
NCOR2	0.000283962159486558
SULT1A1	-0.000209444206124849
PRPF40A	0.000266646931385544
GDAP2	0.000484626201342224
TCEAL3	0.000232864919311548
ANAPC7	0.000701586956394345
TPK1	-0.000658083245767734
SLC6A9	0.000292194492240887
AFAP1	-0.00134073649935205
NACA	-0.000323427298623431
MYO18A	0.000383217688522721
SPTSSB	0.00306986959300111
BORCS6	-0.000549280901573967
MAN2A2	-0.00103552882596481
MME	-0.000987649327437875
FAM72A	0.00149626331880609
CACNA1H	-0.000364746289028639
SULF2	-0.00212377195556611
LAMA2	-0.000830176308058163
PLXNB2	-0.000878152972082479
AJAP1	-0.000624788833526398
XRCC2	0.00136495980754201
MYO6	-0.000639996277224446
MRTFA	-0.00036183860221452
HDAC2	0.000382166150887159
ZNF782	0.000454385550456911
ZNF846	5.9260392553192e-05
MMP1	-0.00515047508782796
TCF4	0.000469688450202898
WNK3	0.00120807612157506
SDHAF3	0.000673304248827596
RABL6	-0.000261983888030546
ZNF136	-8.6881056372631e-05
ZKSCAN5	0.000392052871062381
ZNF502	0.000745060552150879
TRAPPC4	0.000225146335340445
TECPR2	-7.16667840236853e-05
ZFP62	0.000159746372315763
ERI2	-4.99809509910163e-05
TOMM7	-2.09110460115659e-05
ZNF33B	0.000323487814810914
ZNF512B	1.07963210069309e-05
AMZ2	-0.000227128808072558
ZNF431	0.000657453446177401
NF1	-0.000365272126626149
VKORC1L1	0.000550946826017425
ZNF418	0.000488911877070174
DAPK1	0.000287087421316887
COL27A1	-0.000819321372579964
GM2A	-1.91153314994188e-05
S100A2	-0.00141664299988293
ZNF700	0.000337665789740485
CD47	-0.000586828021046715
TLE1	0.000377318403595462
MAML3	-0.00174965014815714
STRN3	-2.41272004882333e-05
ZNF239	0.00106294825797229
ZSCAN16	0.000720122118132464
MVB12B	-0.00131299026506077
C6orf106	0.000399598099092816
ADA	2.95007543208305e-05
ARID5A	0.000481433372612079
PPTC7	0.000622999673618317
NHLRC2	0.000385376383368598
ZFP28	-0.000370084526571932
SCN8A	0.00145826403754188
LAMB3	-0.000605092296254443
KPNA5	0.000200432513805728
ARHGEF12	-0.000419736660075417
PDLIM7	-0.00178885485128896
FLNA	0.000342036149105174
SRGAP1	6.03848672219029e-05
FAM3C	-0.000363246138906348
NOP9	0.000627583196553509
SLC39A10	0.00134479303979494
CASP4	-0.00169368249786624
AP2A1	2.87940465574982e-05
ZNF585A	0.000177485385259099
FUT11	-0.000456938662037437
ANXA4	-0.000475724246092293
LAGE3	0.000634625616370431
WDR5B	-0.000288069220549548
WDR45	-0.000371719498578062
METTL9	-0.000159465650762572
ZNF138	0.000502866693192487
ZNF429	0.000343971326772297
ZNF470	0.000358286639592392
SERTAD1	-0.000303441052276125
ZNF100	0.000698024247720877
CXorf40B	6.82936034715009e-06
ZNF398	0.00201839007281574
ZSCAN25	-3.28165659652536e-05
ANXA6	-0.00123301441217073
ZNF441	-0.00199266286127125
GMFB	0.000306758041685077
ZNF420	0.000213150733068578
ZMYM1	0.000747952906906044
MAFG	0.000257006820864686
ARRDC1	-0.000189318326290069
KIAA1671	-0.000130755917047407
IGF2R	-0.000171814324610613
GAL3ST4	9.4921495520381e-05
DYNC1H1	-0.000120643165142988
PCBP2	-0.00047431453431078
ZGPAT	-4.05406372133176e-05
SLC25A29	2.43712353116067e-05
PGAP1	-0.000119967287833184
SRC	-0.00104118943061189
ZNF682	0.000391714014356664
ZNF772	0.000162728527269257
PCNX3	2.61984720466602e-05
LRRC8B	0.000732830282002367
ABCB8	-0.000200571347916223
SND1	-4.2420691145568e-05
ZNF785	-0.000373412267527358
PSMD12	0.000814389885774127
PIWIL2	0.00164807176985482
NOL4L	-0.000842848442412335
ENTPD4	-0.0012545989498362
C1D	8.54718227547247e-05
TBC1D9B	-0.000715252302031622
SERPINA1	-0.00285911575323799
KANK2	-0.000311202243309539
C6orf141	0.00175981301790809
GTF2E2	0.000100433816064419
RAD54B	0.000986352056841576
ZNF165	0.00168739709267351
SYNGAP1	0.000886822546580645
BLM	0.00154430445603524
ZNF720	0.00021597011854427
DDI2	0.000569899180794721
SVIL	-0.0017340424670097
TRIM33	0.000574520959612197
LRP10	-0.00163082127320499
PELI1	0.000181700559103036
ZNF655	-0.000401926799585597
MRPL21	0.000541695229011802
LYPD2	-0.00681184510475356
ZNF786	0.0006684496719946
ZNF517	-0.000473479010799834
ZNF675	0.000454346999924065
SLC22A5	-0.000631474643905312
DACT3	-0.00217025433634895
ADARB1	-0.00028465107982213
HTT	0.000279206929685821
DIO3	-0.00803614952704627
VEPH1	0.00181491848029416
SHPK	0.000676463346728684
IPP	-0.00108438933713095
OGDHL	0.00190725402732678
GSTK1	-0.00105524140821343
HNRNPAB	0.000662625249758259
STMN3	0.00170927150825901
PDGFA	0.000903212664360908
COL13A1	-0.00116567171389453
ZNF695	0.00138211532030076
ZNF628	0.000461340268240881
GALP	-0.0036881791983522
SLC2A10	-0.00049649913115311
ZNF665	0.000199653302926263
RPF2	0.00125028016462102
MIB2	-0.000540473720263475
MYO5A	0.000824516463082282
ATG7	1.91953056752807e-05
SIPA1L1	0.000277143920818102
RAB40C	-5.81525156243383e-06
PIGN	7.79871560242347e-05
COL4A6	-0.00188779597578993
HHLA3	0.0018238558444178
HOXA4	-0.0050190970493225
TOPORS	0.000818963555453894
BCO2	-0.00208654328066884
ENTPD6	-0.000564790557289202
ENPP1	0.00110753062049325
FAR1	0.000145341860984394
CPLANE1	-0.000913668940416453
ZNF841	-0.000273648433947193
MFAP5	-0.00310899114739855
MYH6	-0.00101186120667935
ZNF615	0.000314825124715388
CXorf40A	-0.000408932354942291
CDC42SE1	-0.00040812726446499
SERPINB2	-0.00638001661021292
DPP4	-0.00024718036986563
ZNF433	-0.00087253049392183
DNAH10	-0.00281882191522906
SPTAN1	-0.000583576274735017
NMB	0.00123580481066958
PARVA	-0.00194994002704313
KLHL14	-3.24918833268632e-05
FAM114A1	-0.00203495002405086
RPE	0.000662935867994209
CR1L	0.00399007996900098
PHF2	-0.000947581374348065
RPS26	-2.84797184755533e-06
PSAP	-0.0007447137022606
S100A10	-0.00192843954848835
RPL37A	-0.000484237402380753
HOXC6	-0.00292397768865943
TXNRD3	-0.00116181272703819
MAP1LC3C	0.000877156144309553
MCMBP	0.000261633889476246
EME2	0.000372547433598132
ZNF81	0.000258095413560181
TAF13	-0.000206519357497165
ZNF780A	-5.3546870888402e-05
ATAD3A	0.000635192243877001
FAM118B	0.000821748743362125
ZNF461	-0.000172885225565186
CCDC180	0.000530712863921349
SLC9A8	0.000237673788805825
OCLN	0.000910445403354215
ZNF181	0.000121944102994367
INKA2	0.00182003135163398
ZNF44	-0.000408751445231929
GPAA1	-0.000461437061537578
SGTB	0.000478578593688474
ZNF790	0.000273072242866619
FAM49A	0.000889659406705384
MYO1C	-0.000781251796914909
NKIRAS1	-0.000332955418856054
KIF13B	-0.00064205789154755
ADH5	0.000208020390152272
HIST1H2BK	-0.000857126517231487
TEAD4	0.00140310302793894
SPG7	-2.2206247516483e-05
HES5	-0.00240728866122397
ZNF677	0.000256385450526858
ERO1A	-0.000116175814548801
ZNF823	-0.000801038859687884
ZNF347	0.00026398535596656
PLCG2	0.000584323395103739
FCHSD1	0.00030394006593024
ZNF71	-0.000206185520494696
S100A6	-0.00150108098176503
RPL12	2.91275688607619e-05
ZNF121	0.000820453068674193
MPZL1	-0.000588212956269367
VPS13A	0.000640656078578481
MBP	0.000540462601478829
AKAP17A	-0.000167880813323517
ELOVL2	-0.00363492787456524
C1orf122	-0.00068305994528143
KEL	-0.000633066892161749
NOL8	0.000329091237894625
IRAK4	-0.000413175191891815
MRPL42	0.000675977175698862
ENTPD7	-0.000466182558017814
ZNF335	8.70921695130812e-05
ZNF560	0.00150912243574623
RPS4X	-0.000199681421257197
ZNF273	0.000874103638301663
MAK16	0.00116435406676808
ZNF667	0.000926869333442846
SIRPA	-0.000241546724769103
GRK6	0.000225152291453763
PRIM1	0.00144861428566568
MARCH5	-0.000843211135746894
SULT1C4	-0.000794467274939585
ZBTB14	0.00062248520482637
CD2AP	0.000976810513807678
NUP62CL	0.000202858263830301
SFI1	-8.00119116208357e-05
ZNF649	0.00120442431318558
ZNF248	-0.00148888776162035
CHSY3	-0.00129193635585389
TOR4A	-0.00025474895374726
LPAR1	-0.00161533673124017
HIBCH	0.000172011508051073
ZNF544	0.000570316171530427
SOWAHC	-0.000239646787886513
ZNF770	0.00117574090398583
HMGN5	0.00173750962215071
MIER1	0.000561788645145733
MAN1A2	-0.000681637445406368
SVIP	-0.000513201213184896
ZNF251	-3.97488734540685e-05
DDRGK1	-6.32372257715032e-05
TFDP1	0.000176713167065976
ZNF607	0.000739153043039772
ZNF334	0.000147557696384755
HSD17B11	-0.000753065175720763
SZT2	-0.000467098493656298
SULT1C2	0.000700340632584814
RPS6KL1	0.000743792325225097
QRICH1	0.00014705511185415
CSF2RA	0.000563986944529008
DDX42	0.000229216264773969
RPL23A	-0.000205090969276086
SLC29A3	0.000987916653374661
STYX	0.000733955493094311
UBL5	-0.000341791964343191
HELZ	-0.000103399016558091
TMEM116	-0.000137349237100781
UCKL1	0.000278571212942838
CARD11	0.00186658140365222
ZNF485	0.00146981787125497
PEG3	-6.98800028541474e-05
SDAD1	0.000848044798056051
ZKSCAN8	-0.000264811883471003
PHETA1	-0.000459414096251017
HYLS1	0.00110832406932613
MYL4	-0.00631279275348816
ZNF813	0.000408416706497757
HOXC4	-0.00358968189979643
PIM3	-3.39865267020789e-05
ASNA1	0.0006753460326683
ASPH	-0.000372847639574747
SPRED2	-0.000892725900389686
WWP2	0.000523254072292791
GFPT1	-0.000286477948816031
UVRAG	6.86357368501292e-05
ITSN2	9.57823903285329e-05
OGA	-3.84519034207662e-06
MT1F	0.00204364938986857
TCAF1	-0.00136176456570295
ZNF69	0.000384962255965006
TXNRD1	-0.000321673346249841
NRARP	0.00121902461510231
ZNF583	-0.000358341764791793
ZNF568	-5.62906321173777e-05
ZXDB	0.000296854480170288
ZNF480	0.000419633234685087
ZNF587	-0.000612015657418747
TPM2	-0.00106312876662663
SH3BGRL2	-0.000246266611391434
ZNF808	-0.000184137023033551
YTHDF2	0.000662672200764448
TMA16	0.000659150970432342
ATL1	0.000996060712078224
MAFK	-0.000270143333799052
ARMH1	-0.00203925343561761
ZNF43	0.000391315305200571
GPN1	0.000166020660474824
PLN	-0.0035470150022864
ZNF28	-9.60885211950114e-06
ZNF511	0.000308495388052814
ZNF627	-0.000380594721533858
WDHD1	0.00139042769891726
ZNF789	-0.000207038312430029
CTNND1	-0.000403916967109847
DDX39B	0.000308733333804025
ARC	0.00434361554507947
NUDT16	0.00032242301571451
TLK1	0.000891833158510636
LRBA	0.000159620192544526
MMP17	0.0025774402410483
BAZ1A	-0.000290332689297932
COPS8	-0.000157595851936739
CCDC69	0.00138084975263699
MDM4	-0.000151927946463061
KLHL9	-0.000546919838914465
NCOA6	-0.00060643363336944
STK39	0.000397420494220739
C6orf89	-0.000807972837904958
CALM1	0.000148224518961562
TTC37	-0.000204614300150446
TUSC1	-0.000948567922499799
PAPSS2	0.000314720732271425
SLC9A6	0.000325452864971928
FAN1	0.000323014675652627
EIF1AY	0.000740674605428198
MT-ND6	-0.000235301126888755
IPO9	0.000326244560792145
CEP290	-0.000745147383652344
MT-CO2	0.000284590695597982
GLMP	-0.000128583313283631
TOGARAM1	-0.000209157902507546
DLL1	-0.000959378813938235
ANKRD13B	0.00226464438765669
ECI2	0.000814329073479606
UNC13B	0.000400446853111686
MT-CYB	0.000470925193298774
LDB1	-0.000317445442025744
PPP1R14C	-0.00181463298045011
CTR9	0.000432656849663561
SMOC1	-0.000298251842092435
MSRB1	0.000686434658318358
ZNF652	9.35686847626106e-05
SMURF1	-0.000209828002060482
SLC5A3	-0.00134078420421245
GPATCH3	0.000331074014535499
CDC42BPB	-0.00022823537733426
RPL10A	-0.000161327404752015
COLGALT2	-0.000397374191489502
EGFL6	-0.000806611332708671
MT-ND2	0.000430119813760216
FAM169A	0.00165364870362507
ZNF830	0.000289645089806359
MT-ND5	-4.30041672656098e-05
CNOT7	0.00022063580065879
TMEM184B	-0.000174471617339715
MTOR	0.000641685336032612
SCAMP5	0.00147932985004011
ZNF521	-0.000960461648385932
ALPK2	-0.00399368230187621
LRIG2	0.00067067499135085
MT-CO1	-0.000329450396432009
PNP	0.000834094451729856
GK	0.00125409391921835
FOXJ3	0.000151680293642594
ZNF358	-0.00046671265040105
SFT2D1	0.000230250498807256
GRM3	0.0016607453519406
CHAMP1	0.000475466853032305
INPP5F	0.000106876143408587
ARHGAP11A	0.000642353633500349
HMGN2	-0.00043155478706483
SELENOM	-0.000885557793428533
UBE2J1	-0.00113379164470985
OPA1	0.00072905573850185
DENND4B	0.000365476084523304
RYR3	-7.51349781185237e-05
ZNF277	-3.26446422026709e-05
MT-ND3	8.51624449191245e-05
KTI12	0.000387665388479364
SELENOT	-0.000282597998681712
ARHGEF15	-0.000634934911505897
TOX	0.00221706494943854
CES1	0.000580705231922903
RUSC2	-0.00160396400148657
FICD	0.000114184628175784
OSTC	-0.000569869590920681
R3HDM4	0.000296611158247883
TSEN15	0.000201569720770073
LTN1	8.93865495563149e-05
RUNDC1	8.07220487918805e-05
CCDC152	0.00036005919320525
GRK5	-0.00212361388800376
TYW1	0.000564715112352279
DCAF12	-0.000440638092516015
ITPRIPL1	0.0017651339786517
MT-ND4	0.000167392583120136
SMC5	-0.000468573660692879
MT-ND1	0.000150558319020598
PRMT6	0.000975525404068471
SHISA4	8.91845152805932e-05
CIPC	0.000793527405977309
CAPZA2	-0.0001866378094366
MT-ATP6	0.00036467553530403
TOP1	0.000299355558338697
PRC1	-0.000133314342983251
BHLHB9	0.000773759188843859
MAP3K3	9.47297522544178e-05
L1CAM	-0.000301247549473144
SREBF2	0.000411849661544883
C1orf174	-4.27502461090674e-05
RASGEF1A	0.00178653998102707
SPOUT1	0.000525336447121782
RPL39	-0.000460735627577561
DZIP3	0.000538392948690557
KIAA0753	0.000166176652775196
DCLRE1A	0.000615179185709259
ATG9A	-0.000180869169233753
NOS1AP	0.0011512874911848
APRT	0.000761339913900406
GPRASP1	-0.00079635862185876
TBKBP1	-0.000179379667507865
MAGEE1	0.000306154682543404
CCDC167	-0.00152827421806337
MT-CO3	0.000307440222048021
L3MBTL3	-0.000343735508240997
DMD	-0.001520261428525
MFAP3L	-0.000140576907257943
NAGA	-0.000140205571106946
SMG5	0.000265019508122103
KIF1BP	0.000405310862345195
TGM2	-0.00208023980168584
ARMCX6	-0.000441558601981931
PJA2	-0.000834630418570788
SGMS1	0.000126432410553993
ZNF525	0.00123130239220282
INF2	-0.000358540263143258
EFCAB2	0.000101763643156725
COX20	0.000797707320165074
CHML	0.00141856749247675
TATDN3	0.000335445851625136
C1orf53	-0.00262381568011375
SAMD5	-0.00273200438044004
CENPW	0.000587974568583426
FAM229B	-0.000729652882400309
FANK1	-0.00262637902539396
EEF1AKMT2	3.04860448997543e-05
PLPP4	-0.00703986398005233
RBM20	-0.00358482276320568
GDI1	-0.00117421296806493
PCMTD2	-0.000145189500726914
SOX18	-0.00822007564432957
LIME1	-0.000124662650220753
LINC00632	-0.000897655556025987
RTL8A	-0.000295490414249196
CCDC160	5.33367444496727e-05
EFCAB7	-0.000441826679510856
ARRDC1-AS1	0.000235815371982656
TCEAL5	0.00153491103648279
SYS1	-0.000414282074822023
INPP5B	0.000720334864144668
MAFB	-0.00199518802417
TRAF3IP1	-8.76248242679306e-05
CHIC1	0.00112323680443407
GIGYF2	0.000111759146915292
C2orf72	-0.00102931366489637
RUFY2	-0.000565201827100298
PHACTR4	0.000431497489253358
AGAP6	-1.14308961159809e-05
ZDHHC18	-0.000236698466943765
GPRIN2	0.00135778380267801
SYT15	-0.000691642370227058
MACO1	-0.000262694671235823
ZDBF2	-0.000199218673149285
DAXX	0.000843991495460198
BMPR2	-0.00161447824349968
TCEA3	-0.0037417041635956
PFDN6	0.000313724078296369
RING1	-0.00054688885180163
HSD17B8	-0.000358878115495384
RXRB	-0.000830878800635867
OXLD1	0.000242932983128181
COL11A2	6.36942273903969e-05
HLA-DOA	0.00280678585152298
BRD2	-0.000242934206331047
HLA-DMA	0.00117024470726993
COL5A2	-0.00450389723141241
PSMB8	0.00343068162385281
TAP2	0.00249245339561036
SPIN3	0.000595569344475377
HLA-DRA	0.00734581560496623
COL15A1	-0.0029180128094552
PBX2	-0.000480253549090518
AGER	-0.000335615266571125
RNF5	0.000394306989930355
AGPAT1	-0.00026092852003172
PJVK	-0.000286876070447687
PRRT1	-0.00020132620590117
FKBPL	0.000702680442551938
MRPL38	0.000118786033300105
ERICH2	-0.00012699624205921
SP5	-0.00364233204468083
STK19	-0.000349776364040059
BTBD17	0.00339025284451695
DXO	-0.000402286683592632
SKIV2L	-0.000236890981730678
C9orf129	0.00218739851445338
NELFE	-0.000180845436295586
ZBTB12	0.000653806277450209
SDHD	0.000721313490742168
EHMT2	0.000652372444334029
C1orf134	-0.000187975040800374
LAYN	-0.000726217509146124
SLC44A4	0.00124869321757224
NEU1	-0.000290995786390382
C6orf48	-0.000539427929856155
HSPA1B	-0.000365454314021504
HSPA1A	-0.000605831182934023
LSM2	0.000261605758533053
VARS	0.000801939120904167
MBD5	-0.000221769344214711
MSH5	-0.000219855615520511
ABHD16A	-0.000609038668703191
CSNK2B	-4.63167454606332e-05
GPANK1	0.000575034019882081
C6orf47	0.000155276188731528
FAM155A	0.000657211185093264
APOM	-0.000467354314522393
BAG6	-0.000495113977743351
PRRC2A	5.76363056864026e-05
AIF1	0.00287216590911039
NFKBIL1	-0.000911712360394803
ZNF814	0.00147414798241648
MICB	0.00184449683996406
ZNF551	0.00134970633220145
MICA	0.00030615841499822
HLA-C	0.000307670695382912
POU5F1	0.00583494701372416
CCHCR1	0.000323930826653535
DHX16	7.40072257355868e-06
C6orf136	0.000468476405591075
MRPS18B	0.00039340827347594
PPP1R10	0.000133451708877169
ABCF1	0.000659043395643971
PRR3	-0.000409864142571969
DDR1	0.000119065338159088
GNL1	0.000129946967423086
HLA-E	-0.000604302161354481
TRIM39	0.000619383713265116
ZNF468	-9.45895661340901e-05
ZNF616	0.00110590570310465
PPP1R11	-0.00018339972274677
DISP3	0.000868995255411342
RACK1	-0.00020088872801758
TBC1D8	0.00160267220903445
HLA-F	0.00250900088820957
ZFP57	0.00332047273196994
AKT1S1	8.3337113332633e-05
GABBR1	0.000667132634960141
CASC10	-0.000412624452201537
C9orf135	0.00349446548796866
TRIM27	0.000138967198732519
RANBP17	0.000113126736522806
MRPL53	-0.000737881695028109
MROH6	-8.8790439422102e-05
ATXN2	-0.000213713663023481
DCTN1	-0.000365809221038844
TCTN1	-0.00119106878746515
FAM216A	0.000634273272313123
ZBTB48	1.17893096633003e-05
IGFL2	-0.00586853508277055
MZT1	8.32454097596057e-05
ZNF155	5.61285275306932e-05
UQCC3	0.000477989233152632
ZNF783	-0.000152227900329457
ZNF425	0.000915607957110571
LRRC10B	-0.000215667561617971
C12orf73	7.80233258488254e-06
PCDHA4	-4.79130192741266e-05
TRIM13	0.000261720520843703
PRSS1	-0.00798549341123566
SPIRE2	0.000113597289307514
SLC35B4	0.000428047903171132
SYCE1L	-0.000152090106411626
TMEM231	-0.000427916190302659
TMEM240	-0.000360183209757151
TMEM88B	0.00247809669310389
C4orf47	0.000907486714938086
TRIQK	-0.000157085942608259
SDHAF1	0.000166481318206244
PSENEN	-0.000175590960507752
ZBTB10	-0.0010578753981379
C4orf46	0.000666521971531177
LGR4	0.000624044265209311
PSMB10	0.001240601976003
E2F4	0.000313147236729585
PDE7A	0.000566165814863337
TMEM170B	-0.000100225178908587
MUC12	0.00111914131318446
SNX2	-0.000104801268850099
NT5M	0.000822948912562849
SARNP	0.000291326257757166
ADGRG1	-0.00152318111948734
IPO7	0.00041642247749767
PRR13	0.000140713098436417
TECPR1	-0.000891942210016917
MT1H	0.00841136202150036
INSYN1	0.00148956004121017
MT1M	0.00845167687620089
CFI	-0.00440036133577256
CNEP1R1	-0.00022684634093733
ATP6AP1L	-0.000949370323461431
CCDC85C	-0.000359267912009282
RGL3	0.00106114349381887
NAP1L4	7.65248549984408e-05
TMSB4X	-0.000499245432297402
TMEM256	-8.97403782873711e-05
CPT1B	-0.000170615558885248
SMN2	0.00150772225076048
HMGN1	-0.000230560650209372
DENND6B	-0.0022100132886247
LCMT1	0.000333116841674926
CDPF1	-0.000143174112228105
LIN52	0.000297831542047515
SMIM11A	-2.71882205458138e-05
TECRL	-0.0052892657670878
ETFRF1	-0.000716952536779302
C17orf107	-0.000415628663073354
ITSN1	0.000319726884651232
ITPRIPL2	-0.00210219179243721
DENND1C	0.00109163620447919
CRYZL1	-0.000837469217289933
C5orf51	0.000586278674399808
PLPP6	0.00032932832377007
RFPL3S	-0.00108400310428107
CEMP1	0.000603188251430738
RNPS1	0.000267850740611381
NYNRIN	-0.000388198994881925
DNAJC19	0.000617939104042017
DOK6	-0.00218883373954348
JPT2	0.000475796636269523
RAB12	0.000821894718472111
TMEM200C	0.000265526274096398
HLA-A	0.000638423662295981
HACD2	7.64708830553853e-05
CFAP44	-0.00129225015200261
AC117402	-0.0010480696006751
LNP1	0.000139198770471832
VGLL3	0.000910582839033052
TRIM71	0.0022969941420636
ANKRD28	0.00100729307768136
COLQ	-0.000880303786631752
METTL6	0.000302130570072928
GPX3	-9.95745679980562e-05
DIO2	-0.00249631729223793
SELENOH	-0.000185679467807556
DIO1	-0.000545861810085879
STK38L	0.00015359129898133
SACM1L	1.37604458442982e-05
TSN	0.000493308736886645
SLC48A1	-0.000496280047718106
C17orf51	-0.00141610629621575
RTL8B	-0.00088775467563327
RNF208	-0.000240609706048418
MT-ND4L	0.000224386167634889
ZNF580	-0.000764230869266437
ZNF611	-0.000607657185781215
SYT3	0.00228932571123939
NUP62	0.000544070198928353
DENND1B	-0.0012681591023575
SFT2D2	-0.000433688910535951
FGFR1OP	0.000586162022912801
SCAF8	0.000419212528092326
ZNF254	0.000107353491840156
TCTEX1D2	-0.000751397469656942
CRIP1	-0.00365942258053754
KLHL23	0.000915721177479426
FAM24B	0.000120896962248579
TRIM59	0.000846621428726286
MLLT11	-0.00103239704225757
ASIC3	-0.00054866999407166
CCDC183	-0.0029319428644466
ARHGEF35	0.00156437816054015
DNLZ	0.000540514408116563
TCL1B	0.0130173535893111
AC239799	-0.00122783773584789
SUPT4H1	-2.42222299471364e-05
NRAS	7.6196091210513e-05
ZNF625-ZNF20	0.000318337794152055
LTC4S	-0.000455202212935748
ANKRD39	0.000692030972787683
QTRT1	0.000876305730416736
CHUK	0.000392579833430652
MXD3	0.000302971749460797
GSTM2	-0.00127593233929197
COG8	0.000406898565237255
ARHGAP19	0.000705262669505455
HAUS7	0.001246787662351
LCAT	-1.2556649829027e-05
PVRIG	-0.000673249560559701
GPC2	-0.000240306080136556
SIPA1	0.000647798442165223
ERV3-1	-0.000834023435668617
SYNJ2BP	0.000143244166213183
ARL2	0.000639348716910154
RBMXL1	0.000956551816189177
SRA1	-0.000207168674139593
STIMATE	0.000479623846221821
DNAJC9	0.000266128453463917
C8orf82	-4.0876511073101e-05
VDAC1	0.000176569697617451
ZBTB9	0.000810568336370531
TMX2	0.000426199290345466
HEXA	-0.000674018525674218
NDUFS3	0.000267286524575935
LEPROT	-0.000872885011508487
LBH	-0.00112654021772847
ADAT3	0.000438707414069282
PPP1CB	-0.000107896071686925
GPSM3	3.48031964599559e-05
NCKIPSD	0.000485111675620875
ATF6B	-0.000615567082230444
TREX1	0.000589485393360693
S1PR3	-0.00306837206670514
SLC35F6	-0.000763272943530061
CLIC1	-0.000631512758662325
DDAH2	-0.00166113718101599
RPS29	-0.000264973772510321
ATP6V1G2	-0.000217458233510745
ZNF134	0.000821988465635898
GTF2H4	3.18103809876895e-05
DDX47	0.000285238390547191
ZNF845	0.00105825563529904
EMP2	-0.000276629438445541
KCTD11	-0.000449629162801215
C8orf44	-5.47024900952515e-05
UBD	-0.00125382434526926
LINC01521	9.76421140048833e-05
PPM1N	0.0024797947867492
LTB4R	0.000571204743557018
LTB4R2	0.00131257921567176
DNASE1	-0.000474275365603184
MDP1	-4.81027640652505e-05
CSNK1E	-5.07199156534869e-05
IRF9	-0.00097777993088146
GALT	-0.000454002405513223
HBE1	-0.00985696365502185
ITGA1	-0.00108523392633132
NUDT19	-6.79405609778195e-05
ZNF726	0.000387405310913562
TAX1BP3	-0.000758580016459434
AP1G2	-0.000588490418329979
ZNF90	0.00146731900687225
NAXD	-0.000236985479737726
TM6SF2	5.26196251148351e-05
GANC	0.000462614546938537
TTLL3	-0.0016354065371134
REPIN1	7.92397520626813e-05
MRPL23	5.20379579500246e-05
SMIM7	-7.19428939156949e-05
FBXO16	1.94466508258538e-05
TSPAN4	-0.000141723874008426
CPNE1	-0.000527713199398636
ARL16	-0.00011248754891216
LYRM4	0.000469161099041161
MYCBP	0.000294286845982917
PRCD	-0.00119253611278801
ALG3	0.000721813742740941
AC005544	-0.000373630602148717
ZNF788P	0.00274948501800661
SH3D21	-0.000218250498493989
SMIM30	0.000154874912771474
FIS1	-0.000232488244957618
ANG	-0.000884356224872952
SOGA3	0.00162465207033105
NEURL1B	-0.000664362313172879
HAUS3	0.000314650822187837
BBIP1	-0.000310849657816617
AS3MT	0.000127873823097957
PPME1	-0.000173939165425643
STARD10	-0.00107820432275487
ZSWIM8	-0.000775117008155046
IFRD2	0.000665496632101393
ZBED1	0.000449748652587642
TOMM6	0.000207003686811552
HNRNPUL2	-0.000185986137561982
CSKMT	0.000879181544295105
MTCP1	0.000391634927282089
ZSWIM7	1.75841635614827e-05
RTL10	-0.000142963023944024
PHB2	0.000252564414020077
NEURL4	0.000244308937105024
ALOX12-AS1	-0.000617942731755254
UBXN2B	0.000340833483431231
MSMP	-0.000241289569340984
PEX26	0.000550316791215412
FASTKD5	0.000867814936942534
GOLGA8B	-0.000876493345070023
HOMEZ	-0.000143610303617357
FP15737	-0.000847168267483847
DDX3X	0.000407809069963849
VPS16	-0.000306004939568752
MYL5	-0.000821847384697728
NPEPL1	9.28003217171053e-05
AL136218	-0.000138722189996106
RPL17-C18orf32	0.00102735460416936
RSC1A1	0.000843257408291179
TMEM242	5.03916365914897e-05
TMEM167B	-0.000683773770355792
TNFRSF25	-7.57946462901879e-05
SLC35E2A	-0.000359861915976252
TSTD1	0.000369211765451702
CYB5RL	0.00107505758654
IFI30	0.00739472350040316
AC009403	-0.000141467728878073
FNIP1	-4.9404327045368e-05
CKLF	-3.50590827731673e-05
PAM16	0.00046762721193075
TENM3	-8.84147764282919e-05
CEBPZOS	0.000837793755259005
ZNF579	-0.000602341039883781
RNASEK	-0.000609841674867338
FAM19A5	0.00013063134743441
NBPF1	-0.00102857336235414
UMAD1	1.77376472346372e-05
FAM228B	-0.00150098757680082
ZGLP1	0.000597503108879096
VAMP2	-0.000900751101948795
EBF2	-0.00522645054395153
C6orf226	-0.000424357771520369
PPP3R1	0.000311297952195323
FANCG	0.000638616539003145
AP4M1	-0.000366075016411709
PLXNA4	-0.00218515149037445
CEBPD	-0.00135034660123237
ZBED8	0.000540238376624873
HMSD	0.00322967242601001
NPTXR	0.000655047833072172
FAM200A	0.000211125272087382
PPP2R2A	0.000265368509618472
ZNF880	5.62315443405022e-05
TRIM16	-0.000126657502882967
TIGD1	0.00031073871432211
FXYD7	0.00313094606469898
SLC12A8	0.000781240588114591
FADS3	0.00116381276418533
CCNL2	-0.000845804464488337
UBA52	-0.000209424691250818
PPT2	-0.000937846199672499
EXOC3-AS1	-0.000378435772095123
BTBD19	-0.00212478344345231
FAM185A	0.000573623506729651
URAHP	0.000489852742445823
EXOSC6	9.55656698535414e-06
VPS52	-0.000140412669622089
ZNF844	0.000368661829222203
CERS1	0.000435288326216899
HLA-DPB1	0.000989747370697615
C1QTNF5	-0.000759366396795812
CPTP	-0.000280388836928834
C5orf66	-0.000957759246326508
ATXN1L	-3.22422106503317e-05
SMIM13	-0.000299563912237515
NDUFAF8	0.000340028864556718
APOC4-APOC2	-0.0036441583332602
PRRT4	-0.000738787854563559
LINC00999	6.9775812727562e-05
PLEKHM1	-0.000442411980912618
MCRIP1	-0.000571109548478007
SLC26A6	0.000354753850749655
FAM229A	-0.000500538086373085
ERCC6	-0.00017104197227159
NOL7	0.000420658844361681
NTF4	-0.00112922966448556
ELFN1	-0.00115174202395086
NPIPB14P	-3.18571267134935e-05
TMEM185B	-0.000382207998324392
HSBP1L1	-0.00138139469790568
SRRM5	-0.000934998341393459
ERVMER34-1	0.00277489434294307
C14orf132	-6.41373956085464e-05
WDR46	0.00069684619251611
ZNF717	-0.000214341793599864
AL354993	-0.00697288852258094
PARG	0.00043713151243963
SCAMP4	-0.000331668964786644
POLR2J2	-0.00116551218752031
AC078927	0.00074016902050367
MT-ATP8	0.000111153656649667
C19orf24	0.000518537872168656
OST4	-0.000682467291735063
FNDC10	0.000797123264221643
DHFR	0.000872413268232642
SAPCD1	-0.000310102105266583
RPL41	-0.000556650394619902
ORM1	0.00302598452836955
NKX1-2	0.0091784488697086
ZNF688	-0.000522969054247279
PET100	-0.000401901352715413
HSBP1	-0.00017802856053139
HLA-DPA1	0.0020779742222406
RPS18	-0.000498241721247916
TAPBP	0.000308408441621316
ZBED9	-0.000160163574037348
TMEM253	0.00165066055042948
TMA7	2.75350704697787e-05
MCTS1	-0.000108810594423505
PET117	0.000568541404441313
LYRM9	-0.000264604491672891
GPX1	-6.4870350934049e-06
FLJ20373	0.00162603739597771
AC012215	0.00263634217422949
RPS28	-0.000509146306980045
TRIM26	2.06341481845579e-05
ZNF879	-2.1609299294676e-05
ZNF736	-0.00386845434450489
PINLYP	0.000651206091970848
FAM133B	0.000564521103639232
HLA-B	1.20282533269307e-05
HNRNPUL2-BSCL2	-0.000115720663489732
C19orf81	-0.000226852269527291
ANKRD65	0.000581345965289139
ZSCAN31	0.00107569578612462
C12orf75	-0.000928916143209232
SMIM1	-0.000991873964659883
PPP1R3E	-0.000656735358431659
KIAA0040	0.00104490676969757
ZBTB22	-0.000935274463418992
ZBED5	0.00011200297485588
ZNF853	-0.00098566019122596
LINC01554	0.00163190143772436
B3GNT9	-0.000200975347775949
CDKN2AIPNL	0.000435171286587222
ZNF737	-0.00037157826492961
RGL2	-0.000267955383208921
SHISA9	0.00131712301545151
KIFC1	0.000396194737372012
C2orf74	3.95952468923224e-05
AL627309	0.000207714650507308
FAM200B	-0.000459945544076055
TMEM250	0.000163057522590803
TXNDC5	0.000191576876394067
CASTOR1	-0.000427352178051917
RNF103	-0.00109794932376195
RBM14	0.000737240849441247
ALKBH6	0.000245456461253245
AL157392	-0.000297141481775939
NME1	0.000873244485485035
TNFSF12	0.000506551293241312
CDRT4	-0.000915864126649846
APOBEC3G	-0.00100370304313504
WBP1	-0.000647992357096344
MRPS17	0.00112559038215355
GET4	0.000191271237785336
C1orf226	0.00108915885112789
ADSL	0.00104049187087635
LY6G5B	5.14581519727347e-05
PSMB9	0.00826834744713956
PCDHGC3	-0.00104836690646573
COX19	-0.000147132862348713
ACAD11	3.62524664684963e-05
PPIL3	-1.53780567667799e-05
L1TD1	0.00401338657464832
AQP1	-0.00343277959691084
ISY1	-0.00019545754467563
PNMA2	0.000178480309879782
ARHGEF25	-0.00043695172444501
TMEM189	-9.11737232958276e-05
RDH14	0.00051346460328651
PLCXD2	-0.000890286645192686
MIF	-5.34107848379712e-05
NSUN6	0.000352276276008838
YAE1	0.000502475011287363
TDGF1	0.00432082284338072
CRCP	0.000298577974187204
RPL36A	-0.000283674121253526
PDXP	0.000572335189311913
RPP21	0.000439935889581087
CD302	-0.000322908723813688
EGFL8	-0.000800105495238571
ATP5MF	3.37071102297769e-06
ARHGAP8	0.00130659859475418
ARPC4	-5.33964442445874e-05
INMT	-0.000457661928342084
ARPC1A	-0.000173848611766408
TMEFF1	0.000220179124264352
ATP5PO	-5.56161053408331e-05
PLEKHO2	0.000880559415579982
C8orf58	-0.000474258450553738
PISD	0.000162478934456574
PWP2	0.00105491388751832
AC079447	0.000414091998433401
PI4KA	-0.000250042038640092
AKAP2	0.000751568154218418
HYPK	0.00116511711062549
AMACR	-0.000102889591800023
MTFP1	0.00133820666538574
ARHGDIG	-0.00148391552644766
ARFGAP3	-0.00140430825802729
C22orf39	-0.000260364025295673
PEG10	-0.00166913182463817
EIF6	0.000274200492469827
MRPL20	0.000471686101184378
ARPIN	-0.000926915070324384
DECR2	-0.00016966080317041
GNG10	-0.000473598741374639
CCDC169	0.00149428240783815
RTL5	-0.00230748625507371
AP5Z1	0.000134874615784323
EIF4EBP3	0.00170802339347715
MRPL33	-0.000349038004545586
MICAL3	4.08100468831948e-05
PCDHAC2	0.000762609713910144
STON1	-0.000545050386265973
PRAF2	-0.000624061314689972
STMP1	-5.46191604903468e-05
KCTD7	-0.000234846478115215
EFNA4	0.000424464086372623
C4orf48	-0.00151995786119296
NAA80	-0.000236094823357457
UPK3B	0.000676954038345663
IL10RB	-0.00113722026514314
CFB	-0.000230537735897876
ZNF487	-0.00048104793407693
WDR92	0.000759774747184911
NME2	0.000362908898028712
AC006254	-0.00109777991412267
PLA2G4B	-0.000442893696173682
LEFTY1	-0.00130665992245218
NPIPB5	0.000501353646386682
TTC4	0.000358943183583391
TMEM35B	-0.000469130523710662
JMJD7	0.000166305125223827
APOBEC3D	0.0011309024489971
MRPS6	-0.000730108444960555
ZNF512	0.000151524610099193
GSTA1	-0.00391863302237775
ACY1	0.00045252582561834
NFS1	0.000497590310168751
DDOST	-0.000141777449535376
TMEM199	-7.05866410419888e-06
GSTA2	-0.00559879100272181
DNAJC25-GNG10	0.000217750204689778
P2RY11	0.000908478099744677
TMEM141	-0.00101950313230153
DBNDD2	0.000605108652424058
ETV5	0.000128857363016224
RBM12	0.000566688772316527
SCARF2	-0.00137206789512341
APOBEC3C	0.000330710509547085
UBE2V1	0.000162777318427207
PTCHD4	-0.000951575682939856
N4BP2L2	-0.000187983606831664
ZNF585B	1.93018686814848e-05
H2AFJ	0.000268434333212908
PGAM5	0.000721383224576348
TWF2	0.000560804745934067
MARS2	0.00145776176083959
USP51	3.56217837444229e-05
BCKDHA	6.79397439417586e-05
AC037459	-0.000687219402141138
CDK11B	0.00038260283848882
ABHD14A	-0.00145140721128248
TMEM110-MUSTN1	0.000500873684957324
RBM14-RBM4	0.000424073268337631
ZNF436-AS1	-0.00485055504854821
HAUS5	0.000353413508697003
PCDHA11	0.000920540364084104
AP000311	0.000828325774506503
TMEM150C	-0.00168276015053989
AC068533	0.00113275368207177
NAIP	-0.000409339698610861
ZNF286B	0.000301093214175204
ZNF564	4.88091464727464e-07
ECSCR	0.00189705218252946
AC092647	-0.000276395118158819
HS3ST5	0.00298088663885704
PDCD6	4.78727746871109e-06
TMEM158	0.00158965584051582
C15orf38-AP3S2	0.00023603175310919
YJEFN3	-0.000386496210473485
PCDHA10	0.00025443089031305
ARPC4-TTLL3	-0.000864143680384426
TRMT9B	-0.0018922764064463
SMIM20	0.000555611420997083
GYPB	-0.00481151132378625
CHCHD10	0.000342529827925156
CDK3	0.000182090276204856
GPR162	-0.000601250489793174
ATP6V1E2	0.000852671831412387
GLI4	-0.00088940510261152
SELENOP	-0.00179712036107326
AL672142	0.0016712429297634
TMED7-TICAM2	-0.00125294446579542
LINC00923	0.00113161333344857
ZNF345	0.00029124931242578
SHANK3	-0.000562807108888032
MSANTD3-TMEFF1	-0.000572054288523693
ZNF550	0.0001440915485311
CENPS-CORT	0.000402268900759367
PCDHA12	-0.000243311313401551
C8orf88	0.00115078889549359
SHLD3	0.00067840813464392
CCDC71L	-0.000638615976796127
HOXA10	-0.00298834894399442
TMEM200B	-0.00314146720170455
PCDHGB6	-0.00167319579319158
C1orf210	0.0013471088509973
AZIN1-AS1	0.000698800539973621
TRNP1	0.00111563086883204
ALG11	0.000230531952668358
ATXN7L3B	-0.000630804082339429
PRKDC	0.000689238373038068
UTP14C	0.000364822875959149
PCDHGA10	-0.000381636010046045
PCDHGA11	0.00195748083008388
PCDHGB4	-4.72566105431255e-05
ZNF260	-7.06492970882958e-05
LYN	0.00191001527480685
PINX1	0.0011938096351565
PCDHGB7	-0.000455410591452568
LRRC24	6.48150533293744e-05
CHKB-CPT1B	-0.000156389776384722
AP002495	0.000793186807775182
AP5B1	-0.000534047827415295
CHMP4A	0.000214371097913319
FLJ20021	-0.000560583256706761
PABPC4L	-0.00122064160184716
MAGEL2	-0.000656120045680738
AC110275	-0.000354581489112226
FPGT	-0.000720233111368338
AL512785	0.00340291470353227
MEX3A	-0.000507079975775183
AP001931	0.000332686520366762
EEF1G	-0.000579028171490952
SYS1-DBNDD2	-0.000806656195032341
MPV17L2	0.000780631864559113
ATP6V1G2-DDX39B	-0.000229959604620544
BORCS8	-0.000247550988034697
DPP3	0.000489808031857501
STX16-NPEPL1	-0.00107599214330923
ANKHD1-EIF4EBP3	0.00050055242079158
BRK1	-6.5109417159533e-05
PIGY	-0.000352075516524089
AC005324	0.000526463289215466
CHMP1B	4.12013643183536e-05
MSH5-SAPCD1	3.02644577677205e-06
HTD2	0.000341304754237377
AP006621	-0.000302792257180953
EID1	-0.000275928670388564
AL133352	-0.00378276594035011
C8orf49	-0.00946405816856981
AP001458	0.000849993021073569
AP001107	-0.000169189492699297
NEDD8-MDP1	-0.000111665693739279
POLR2M	6.86283728840237e-05
MTRNR2L9	9.34799891875433e-05
AC108488	0.000665176876862676
MTRNR2L8	0.000185419924888687
AC073610	0.000534901970741765
CTSO	-0.00167524945006056
MTRNR2L10	0.000502118164057413
APOPT1	4.13619612972583e-05
TRAPPC2B	1.7442675827978e-05
DNAAF4	0.00105352560649178
ZNF432	-0.000429170679140743
ZNF10	0.000209392446165142
ZNF486	0.000763467225588911
HMBS	0.00083747494335649
ZNF225	0.000222217616766272
DND1	0.000391794131138303
SALL3	0.00247874630417325
AL139300	0.000761349565068325
POLG2	0.00072818078767937
AP003108	0.000428794238230499
MTRNR2L1	0.000233743145182102
ZBTB11-AS1	7.43434466466008e-05
AC010132	0.000189935848031573
ZNF350	0.00018566757805746
ZNF253	0.000723433807104017
AC048338	0.0013691812000145
AC069503	-0.00158251246776957
HP	-0.00362664097772061
C15ORF37	-0.000315511695846929
KIAA1147	0.000377672964023539
LSM14A	0.000158695316227527
GATC	0.000114906768247406
ZBED6	-0.00094976709221025
FNTB	0.00021253815284846
AC023055	0.000566974581276998
AC034102	0.00204649464350401
RPL36A-HNRNPH2	0.000379740877043021
ZNF625	0.000505925049568889
INAFM1	-0.00150460580239915
CNPY2	8.69613793500442e-05
AC002996	0.00136143627067004
AC025165	-0.000132967038361836
CUX1	-0.00078445993280414
TEN1	7.04517728264704e-05
CHURC1	0.000292264549920013
BLOC1S1-RDH5	0.000313945127128819
C17orf49	-0.000127501491720743
RTEL1	0.000879273186769421
PPT2-EGFL8	-0.000994150949607088
ZNF578	0.000721832133546088
PDF	0.00117620749627146
BCL2L2-PABPN1	-0.000669407486651276
AC005520	0.00196256954870855
IFRG15	7.33649913287258e-05
AC011448	3.64423494602637e-05
SLC25A21-AS1	0.000152771027402913
RNASE4	-0.0040997559662635
CEP95	0.000108582527511199
TUBB3	-0.000488088784469056
TMEM179	0.00090312996838632
TVP23C-CDRT4	-0.000883377746018907
BLOC1S5-TXNDC5	0.000251471599621331
AL110118	0.000714433369589431
NDUFC2-KCTD14	0.00300730733609158
AL132780	0.00064852377220287
TGIF2-RAB5IF	0.000936543380734324
THTPA	0.000993740427545299
MRPL46	0.000463255852860845
AC093525	0.00127043109290405
SLC22A31	0.00121321773653206
HOXB7	-0.00583917003780547
PMF1-BGLAP	-3.3622532394372e-06
AC026464	0.000785936261805138
C16orf95	0.000399555458204474
AL035425	0.00175594723487961
AC002310	-0.000221668110059452
CCPG1	-0.0014167365299334
TMEM178B	0.00249583236320949
CLEC19A	-0.00055775672820538
ZNF865	-3.71262237945117e-05
C15orf65	-0.000785448146080742
ISY1-RAB43	-2.69167493983914e-05
AC040162	0.0030356517710318
CORO7	0.000102794048553082
AC027796	-0.000579003731301119
AC120057	-0.000594901908981182
OVCA2	-0.000231189122853154
MRPL12	0.000605361047151932
ZNF234	4.08950522048191e-05
AC129492	-0.000478374595740707
AC099850	0.000324865705177304
RPL17	-0.00030073670340511
FSBP	0.000926092975718474
EEF1E1-BLOC1S5	0.000916007374801253
AC015813	5.7109578714333e-07
STRADA	3.91737281509218e-05
MYO15B	-0.0010095207374142
AC092073	0.00156401945575322
FXYD1	0.00214434248022262
AARSD1	0.000272558426118619
ZNF850	0.00104123479433767
AC005943	-0.000156753632167711
PTGES3L	5.80244206327306e-05
ZNF561-AS1	0.00018728555768827
AC012254	0.000707743229838657
PARD6G-AS1	-0.000378661179417516
AC011511	0.000984470723963087
UPK3BL1	-0.000396115030006182
S1PR2	-7.31100219535976e-07
FDX2	0.000429956674241929
ZNF224	-0.000336208360315579
LUZP6	-0.000364666585117253
AC011479	0.00133133967186409
LIN37	-0.000800539693665886
NDUFA7	-0.000174610861573586
CCDC177	0.000315816809527804
AC008878	0.000679261609276524
AC007192	0.00167962021035855
AC002985	0.00136732878660366
AC132192	0.000322488692453798
AC011530	-0.000442365970080147
AC008403	0.000164348790889855
AC007421	0.000718610539080594
AC007382	-0.0009891464937449
AC010522	0.000517242582272764
AC008764	0.000542680672176652
AC018867	0.00197576187846701
AC004017	-0.00140349971658237
AC010646	0.00333627045478143
FBXO17	-0.000545272915627813
AL158147	0.00120374505887288
ZNF587B	0.00138403375824961
MGC4771	-0.00170786706141961
SPIB	0.00544963247209055
LRRC3DN	-0.00195060135947736
SBP1	0.000573146634318214
AC011455	2.53748654087698e-05
AC010422	0.000200252653285342
AC010441	0.0003055635497884
EGLN2	0.000277142131104129
ARHGAP19-SLIT1	0.000976230617489133
COMMD3-BMI1	-0.00223806913978566
C7orf55-LUC7L2	7.60357627073234e-05
ZNF559-ZNF177	-7.33118578523616e-05
MINOS1-NBL1	-0.00233961756395908
BIVM-ERCC5	-0.000356346652519093
MTRNR2L6	0.000323353834440287
HSPE1-MOB4	0.000852731099987192
RPS10-NUDT3	0.000317052120197856
MTRNR2L2	0.000101433036301499
SRXN1	0.000633984496731529
