sample	genotype	reporter	txn_inh	m6A_inh	transl_inh	time	time_num	target	experiment	replicate	Ct	expression	is_outlier
C4_0h_ActD_mock_none_WT	WT	C4	ActD	mock	mock	0h	0	TDH1	2024-07-12	rep1	22.7894190201138	0.137945960832562	FALSE
C4_0h_ActD_mock_none_WT	WT	C4	ActD	mock	mock	0h	0	GAPDH	2024-07-12	rep1	21.2880824018753	0.390525869701952	FALSE
C4_0h_ActD_mock_none_WT	WT	C4	ActD	mock	mock	0h	0	Neon2	2024-07-12	rep1	20.1201065884929	0.87749559197859	FALSE
C4_0h_ActD_mock_none_WT	WT	C4	ActD	mock	mock	0h	0	mCherry	2024-07-12	rep1	16.2703117730575	12.6560516865031	FALSE
C4_0h_ActD_mock_none_WT	WT	C4	ActD	mock	mock	0h	0	YTHDF2	2024-07-12	rep1	21.978533117133	0.242238869522691	FALSE
C4_0h_ActD_mock_none_WT	WT	C4	ActD	mock	mock	0h	0	TDH1	2024-07-12	rep2	22.8344709771101	0.133810568931111	FALSE
C4_0h_ActD_mock_none_WT	WT	C4	ActD	mock	mock	0h	0	GAPDH	2024-07-12	rep2	21.537668249723	0.328486178644929	FALSE
C4_0h_ActD_mock_none_WT	WT	C4	ActD	mock	mock	0h	0	Neon2	2024-07-12	rep2	20.5887826582055	0.634113247865783	FALSE
C4_0h_ActD_mock_none_WT	WT	C4	ActD	mock	mock	0h	0	mCherry	2024-07-12	rep2	16.9410211372821	7.95253480432038	FALSE
C4_0h_ActD_mock_none_WT	WT	C4	ActD	mock	mock	0h	0	YTHDF2	2024-07-12	rep2	22.0645693625989	0.228097740821117	FALSE
C4_1h_ActD_mock_none_WT	WT	C4	ActD	mock	mock	1h	1	TDH1	2024-07-12	rep1	22.4710864482267	0.172013367536585	FALSE
C4_1h_ActD_mock_none_WT	WT	C4	ActD	mock	mock	1h	1	GAPDH	2024-07-12	rep1	21.4768381646196	0.344178401697668	FALSE
C4_1h_ActD_mock_none_WT	WT	C4	ActD	mock	mock	1h	1	Neon2	2024-07-12	rep1	20.3671943251133	0.739470221294564	FALSE
C4_1h_ActD_mock_none_WT	WT	C4	ActD	mock	mock	1h	1	mCherry	2024-07-12	rep1	16.6374490636175	9.80933791631314	FALSE
C4_1h_ActD_mock_none_WT	WT	C4	ActD	mock	mock	1h	1	YTHDF2	2024-07-12	rep1	22.1886266690094	0.209213118780826	FALSE
C4_1h_ActD_mock_none_WT	WT	C4	ActD	mock	mock	1h	1	TDH1	2024-07-12	rep2	22.091468227902	0.223780910047057	FALSE
C4_1h_ActD_mock_none_WT	WT	C4	ActD	mock	mock	1h	1	GAPDH	2024-07-12	rep2	21.1057455674294	0.443136555806132	FALSE
C4_1h_ActD_mock_none_WT	WT	C4	ActD	mock	mock	1h	1	Neon2	2024-07-12	rep2	20.2751983095197	0.788060351448049	FALSE
C4_1h_ActD_mock_none_WT	WT	C4	ActD	mock	mock	1h	1	mCherry	2024-07-12	rep2	16.8844537661612	8.26582274903688	FALSE
C4_1h_ActD_mock_none_WT	WT	C4	ActD	mock	mock	1h	1	YTHDF2	2024-07-12	rep2	22.1621383313339	0.213093849587494	FALSE
C4_2h_ActD_mock_none_WT	WT	C4	ActD	mock	mock	2h	2	TDH1	2024-07-12	rep1	22.4354916260672	0.176318291011055	FALSE
C4_2h_ActD_mock_none_WT	WT	C4	ActD	mock	mock	2h	2	GAPDH	2024-07-12	rep1	21.3900209320188	0.364647184612383	FALSE
C4_2h_ActD_mock_none_WT	WT	C4	ActD	mock	mock	2h	2	Neon2	2024-07-12	rep1	20.9763406912211	0.484731117504285	FALSE
C4_2h_ActD_mock_none_WT	WT	C4	ActD	mock	mock	2h	2	mCherry	2024-07-12	rep1	16.8762721493785	8.31259084584746	FALSE
C4_2h_ActD_mock_none_WT	WT	C4	ActD	mock	mock	2h	2	YTHDF2	2024-07-12	rep1	22.8014391057025	0.136986592949399	FALSE
C4_2h_ActD_mock_none_WT	WT	C4	ActD	mock	mock	2h	2	TDH1	2024-07-12	rep2	22.6512615398242	0.160117632700647	FALSE
C4_2h_ActD_mock_none_WT	WT	C4	ActD	mock	mock	2h	2	GAPDH	2024-07-12	rep2	21.4394080393831	0.351648005194695	FALSE
C4_2h_ActD_mock_none_WT	WT	C4	ActD	mock	mock	2h	2	Neon2	2024-07-12	rep2	20.0427981419143	0.925834162738235	FALSE
C4_2h_ActD_mock_none_WT	WT	C4	ActD	mock	mock	2h	2	mCherry	2024-07-12	rep2	15.8504300459687	16.9315528136451	FALSE
C4_2h_ActD_mock_none_WT	WT	C4	ActD	mock	mock	2h	2	YTHDF2	2024-07-12	rep2	22.851229599305	0.132179718893529	FALSE
C4_2h_ActD_mock_none_WT	WT	C4	ActD	mock	mock	2h	2	TDH1	2024-07-12	rep3	22.2713501987067	0.197553527690101	FALSE
C4_2h_ActD_mock_none_WT	WT	C4	ActD	mock	mock	2h	2	GAPDH	2024-07-12	rep3	20.7646463623429	0.564345311243558	FALSE
C4_2h_ActD_mock_none_WT	WT	C4	ActD	mock	mock	2h	2	Neon2	2024-07-12	rep3	20.4688287157428	0.689082689448123	FALSE
C4_2h_ActD_mock_none_WT	WT	C4	ActD	mock	mock	2h	2	mCherry	2024-07-12	rep3	16.2663447092276	12.6880894769767	FALSE
C4_2h_ActD_mock_none_WT	WT	C4	ActD	mock	mock	2h	2	YTHDF2	2024-07-12	rep3	22.9682953589901	0.121869778668002	FALSE
C4_4h_ActD_mock_none_WT	WT	C4	ActD	mock	mock	4h	4	TDH1	2024-07-12	rep1	23.0796664514594	0.112899095702197	FALSE
C4_4h_ActD_mock_none_WT	WT	C4	ActD	mock	mock	4h	4	GAPDH	2024-07-12	rep1	22.0693824572558	0.227228175197553	FALSE
C4_4h_ActD_mock_none_WT	WT	C4	ActD	mock	mock	4h	4	Neon2	2024-07-12	rep1	21.4619626776355	0.34654572679739	FALSE
C4_4h_ActD_mock_none_WT	WT	C4	ActD	mock	mock	4h	4	mCherry	2024-07-12	rep1	17.4662167865625	5.52263288963365	FALSE
C4_4h_ActD_mock_none_WT	WT	C4	ActD	mock	mock	4h	4	YTHDF2	2024-07-12	rep1	23.85791472483	0.0657772259319151	FALSE
C4_4h_ActD_mock_none_WT	WT	C4	ActD	mock	mock	4h	4	TDH1	2024-07-12	rep2	22.2681862876753	0.197980567683078	FALSE
C4_4h_ActD_mock_none_WT	WT	C4	ActD	mock	mock	4h	4	GAPDH	2024-07-12	rep2	21.3301798530476	0.38568663023973	FALSE
C4_4h_ActD_mock_none_WT	WT	C4	ActD	mock	mock	4h	4	Neon2	2024-07-12	rep2	21.532166468905	0.329751168052673	FALSE
C4_4h_ActD_mock_none_WT	WT	C4	ActD	mock	mock	4h	4	mCherry	2024-07-12	rep2	17.055674908962	7.34278216447766	FALSE
C4_4h_ActD_mock_none_WT	WT	C4	ActD	mock	mock	4h	4	YTHDF2	2024-07-12	rep2	23.2115705900082	0.102971563116227	FALSE
C4_0h_ActD_STM_none_WT	WT	C4	ActD	STM	mock	0h	0	TDH1	2024-07-12	rep1	22.2851961319983	0.195662861993958	FALSE
C4_0h_ActD_STM_none_WT	WT	C4	ActD	STM	mock	0h	0	GAPDH	2024-07-12	rep1	21.3100197567362	0.384639226690184	FALSE
C4_0h_ActD_STM_none_WT	WT	C4	ActD	STM	mock	0h	0	Neon2	2024-07-12	rep1	20.1088446800127	0.886018997991617	FALSE
C4_0h_ActD_STM_none_WT	WT	C4	ActD	STM	mock	0h	0	mCherry	2024-07-12	rep1	16.8844430945661	8.27857248073257	FALSE
C4_0h_ActD_STM_none_WT	WT	C4	ActD	STM	mock	0h	0	YTHDF2	2024-07-12	rep1	21.06031275239	0.457352304287804	FALSE
C4_0h_ActD_STM_none_WT	WT	C4	ActD	STM	mock	0h	0	TDH1	2024-07-12	rep2	22.607919892986	0.156438791613286	FALSE
C4_0h_ActD_STM_none_WT	WT	C4	ActD	STM	mock	0h	0	GAPDH	2024-07-12	rep2	21.2474673946518	0.401770420126093	FALSE
C4_0h_ActD_STM_none_WT	WT	C4	ActD	STM	mock	0h	0	Neon2	2024-07-12	rep2	20.0093313580838	0.953728065788196	FALSE
C4_0h_ActD_STM_none_WT	WT	C4	ActD	STM	mock	0h	0	mCherry	2024-07-12	rep2	16.5583483008988	10.3718441097925	FALSE
C4_0h_ActD_STM_none_WT	WT	C4	ActD	STM	mock	0h	0	YTHDF2	2024-07-12	rep2	20.9581745090554	0.490875819314574	FALSE
C4_0h_ActD_STM_none_WT	WT	C4	ActD	STM	mock	0h	0	TDH1	2024-07-12	rep3	22.5349668840236	0.164553281223787	FALSE
C4_0h_ActD_STM_none_WT	WT	C4	ActD	STM	mock	0h	0	GAPDH	2024-07-12	rep3	20.9906239647801	0.479960574521742	FALSE
C4_0h_ActD_STM_none_WT	WT	C4	ActD	STM	mock	0h	0	Neon2	2024-07-12	rep3	19.7437258468144	1.14163486906542	FALSE
C4_0h_ActD_STM_none_WT	WT	C4	ActD	STM	mock	0h	0	mCherry	2024-07-12	rep3	16.3103280108175	12.3118939110296	FALSE
C4_0h_ActD_STM_none_WT	WT	C4	ActD	STM	mock	0h	0	YTHDF2	2024-07-12	rep3	21.0602829594594	0.457357958422536	FALSE
C4_1h_ActD_STM_none_WT	WT	C4	ActD	STM	mock	1h	1	TDH1	2024-07-12	rep1	22.7616859039843	0.140662540458912	FALSE
C4_1h_ActD_STM_none_WT	WT	C4	ActD	STM	mock	1h	1	GAPDH	2024-07-12	rep1	21.42994931972	0.355919084345622	FALSE
C4_1h_ActD_STM_none_WT	WT	C4	ActD	STM	mock	1h	1	Neon2	2024-07-12	rep1	20.380661224779	0.737168138742115	FALSE
C4_1h_ActD_STM_none_WT	WT	C4	ActD	STM	mock	1h	1	mCherry	2024-07-12	rep1	17.076908011503	7.26710052965156	FALSE
C4_1h_ActD_STM_none_WT	WT	C4	ActD	STM	mock	1h	1	YTHDF2	2024-07-12	rep1	21.114045517299	0.440601639153097	FALSE
C4_1h_ActD_STM_none_WT	WT	C4	ActD	STM	mock	1h	1	TDH1	2024-07-12	rep2	22.1366349413881	0.216910192594609	FALSE
C4_1h_ActD_STM_none_WT	WT	C4	ActD	STM	mock	1h	1	GAPDH	2024-07-12	rep2	21.2790660513598	0.392973399582077	FALSE
C4_1h_ActD_STM_none_WT	WT	C4	ActD	STM	mock	1h	1	Neon2	2024-07-12	rep2	20.2646453507959	0.79435206568568	FALSE
C4_1h_ActD_STM_none_WT	WT	C4	ActD	STM	mock	1h	1	mCherry	2024-07-12	rep2	16.6122602075887	9.99300894310833	FALSE
C4_1h_ActD_STM_none_WT	WT	C4	ActD	STM	mock	1h	1	YTHDF2	2024-07-12	rep2	21.1601364971289	0.427196435582236	FALSE
C4_1h_ActD_STM_none_WT	WT	C4	ActD	STM	mock	1h	1	TDH1	2024-07-12	rep3	23.3579555589567	0.0930156724092845	FALSE
C4_1h_ActD_STM_none_WT	WT	C4	ActD	STM	mock	1h	1	GAPDH	2024-07-12	rep3	22.4456983170267	0.175128933540155	FALSE
C4_1h_ActD_STM_none_WT	WT	C4	ActD	STM	mock	1h	1	Neon2	2024-07-12	rep3	21.0993256628318	0.445943955366759	FALSE
C4_1h_ActD_STM_none_WT	WT	C4	ActD	STM	mock	1h	1	mCherry	2024-07-12	rep3	17.7781003833391	4.45441349555294	FALSE
C4_1h_ActD_STM_none_WT	WT	C4	ActD	STM	mock	1h	1	YTHDF2	2024-07-12	rep3	22.183323676742	0.210379586324197	FALSE
C4_2h_ActD_STM_none_WT	WT	C4	ActD	STM	mock	2h	2	TDH1	2024-07-12	rep1	22.3031377295672	0.193244913843255	FALSE
C4_2h_ActD_STM_none_WT	WT	C4	ActD	STM	mock	2h	2	GAPDH	2024-07-12	rep1	21.5424590224603	0.32817672626678	FALSE
C4_2h_ActD_STM_none_WT	WT	C4	ActD	STM	mock	2h	2	Neon2	2024-07-12	rep1	20.6613718952181	0.603032890538097	FALSE
C4_2h_ActD_STM_none_WT	WT	C4	ActD	STM	mock	2h	2	mCherry	2024-07-12	rep1	17.2460502312999	6.43542392420771	FALSE
C4_2h_ActD_STM_none_WT	WT	C4	ActD	STM	mock	2h	2	YTHDF2	2024-07-12	rep1	21.5854232699768	0.317962832796244	FALSE
C4_2h_ActD_STM_none_WT	WT	C4	ActD	STM	mock	2h	2	TDH1	2024-07-12	rep2	23.4478029121736	0.0874210902236992	FALSE
C4_2h_ActD_STM_none_WT	WT	C4	ActD	STM	mock	2h	2	GAPDH	2024-07-12	rep2	22.6730417221792	0.149536799147961	FALSE
C4_2h_ActD_STM_none_WT	WT	C4	ActD	STM	mock	2h	2	Neon2	2024-07-12	rep2	22.8850569247491	0.136988046676389	FALSE
C4_2h_ActD_STM_none_WT	WT	C4	ActD	STM	mock	2h	2	mCherry	2024-07-12	rep2	19.3919356869235	1.45435367726128	FALSE
C4_2h_ActD_STM_none_WT	WT	C4	ActD	STM	mock	2h	2	YTHDF2	2024-07-12	rep2	22.2827135267298	0.196209601312016	FALSE
C4_2h_ActD_STM_none_WT	WT	C4	ActD	STM	mock	2h	2	TDH1	2024-07-12	rep3	24.0165015876094	0.0589311801601355	FALSE
C4_2h_ActD_STM_none_WT	WT	C4	ActD	STM	mock	2h	2	GAPDH	2024-07-12	rep3	23.1002503088898	0.111208530861782	FALSE
C4_2h_ActD_STM_none_WT	WT	C4	ActD	STM	mock	2h	2	Neon2	2024-07-12	rep3	22.0739654981409	0.226513051454916	FALSE
C4_2h_ActD_STM_none_WT	WT	C4	ActD	STM	mock	2h	2	mCherry	2024-07-12	rep3	18.6644882075211	2.40675564028003	FALSE
C4_2h_ActD_STM_none_WT	WT	C4	ActD	STM	mock	2h	2	YTHDF2	2024-07-12	rep3	22.7336856612721	0.144336566181302	FALSE
C4_4h_ActD_STM_none_WT	WT	C4	ActD	STM	mock	4h	4	TDH1	2024-07-12	rep1	24.2482988574487	0.0501832555684184	FALSE
C4_4h_ActD_STM_none_WT	WT	C4	ActD	STM	mock	4h	4	GAPDH	2024-07-12	rep1	23.4939160795199	0.0876713471087828	FALSE
C4_4h_ActD_STM_none_WT	WT	C4	ActD	STM	mock	4h	4	Neon2	2024-07-12	rep1	23.148821756992	0.107529463459115	FALSE
C4_4h_ActD_STM_none_WT	WT	C4	ActD	STM	mock	4h	4	mCherry	2024-07-12	rep1	19.1592135651097	1.70806106562732	FALSE
C4_4h_ActD_STM_none_WT	WT	C4	ActD	STM	mock	4h	4	YTHDF2	2024-07-12	rep1	23.2031548415363	0.103611562931797	FALSE
C4_4h_ActD_STM_none_WT	WT	C4	ActD	STM	mock	4h	4	TDH1	2024-07-12	rep2	24.0377305531426	0.0580720058226343	FALSE
C4_4h_ActD_STM_none_WT	WT	C4	ActD	STM	mock	4h	4	GAPDH	2024-07-12	rep2	23.2046721011781	0.130689790915185	FALSE
C4_4h_ActD_STM_none_WT	WT	C4	ActD	STM	mock	4h	4	Neon2	2024-07-12	rep2	22.5220168596215	0.172390050755547	FALSE
C4_4h_ActD_STM_none_WT	WT	C4	ActD	STM	mock	4h	4	mCherry	2024-07-12	rep2	19.0921052614313	1.78938641212383	FALSE
C4_4h_ActD_STM_none_WT	WT	C4	ActD	STM	mock	4h	4	YTHDF2	2024-07-12	rep2	22.8682297534789	0.130621324146554	FALSE
C4_4h_ActD_STM_none_WT	WT	C4	ActD	STM	mock	4h	4	TDH1	2024-07-12	rep3	24.3512725603894	0.0467248848005092	FALSE
C4_4h_ActD_STM_none_WT	WT	C4	ActD	STM	mock	4h	4	GAPDH	2024-07-12	rep3	23.9408517160832	0.0652607694621663	FALSE
C4_4h_ActD_STM_none_WT	WT	C4	ActD	STM	mock	4h	4	Neon2	2024-07-12	rep3	23.3427339430673	0.0940875085178024	FALSE
C4_4h_ActD_STM_none_WT	WT	C4	ActD	STM	mock	4h	4	mCherry	2024-07-12	rep3	19.4856439438721	1.36246333621638	FALSE
C4_4h_ActD_STM_none_WT	WT	C4	ActD	STM	mock	4h	4	YTHDF2	2024-07-12	rep3	23.2733240345566	0.0986486872244762	FALSE
C2_0h_ActD_mock_none_WT	WT	C2	ActD	mock	mock	0h	0	TDH1	2024-07-12	rep1	23.1331124604421	0.10870270021365	FALSE
C2_0h_ActD_mock_none_WT	WT	C2	ActD	mock	mock	0h	0	GAPDH	2024-07-12	rep1	22.239272555595	0.202016529447558	FALSE
C2_0h_ActD_mock_none_WT	WT	C2	ActD	mock	mock	0h	0	Neon2	2024-07-12	rep1	20.1243628626573	0.874913750500708	FALSE
C2_0h_ActD_mock_none_WT	WT	C2	ActD	mock	mock	0h	0	mCherry	2024-07-12	rep1	17.803275712881	4.3720376211346	FALSE
C2_0h_ActD_mock_none_WT	WT	C2	ActD	mock	mock	0h	0	YTHDF2	2024-07-12	rep1	22.8347888699034	0.133690130049702	FALSE
C2_0h_ActD_mock_none_WT	WT	C2	ActD	mock	mock	0h	0	TDH1	2024-07-12	rep2	23.0988373223741	0.111315874810285	FALSE
C2_0h_ActD_mock_none_WT	WT	C2	ActD	mock	mock	0h	0	GAPDH	2024-07-12	rep2	22.2064259441626	0.206959914655763	FALSE
C2_0h_ActD_mock_none_WT	WT	C2	ActD	mock	mock	0h	0	Neon2	2024-07-12	rep2	20.1879157635148	0.83720521481942	FALSE
C2_0h_ActD_mock_none_WT	WT	C2	ActD	mock	mock	0h	0	mCherry	2024-07-12	rep2	17.9667742498552	3.90404903172205	FALSE
C2_0h_ActD_mock_none_WT	WT	C2	ActD	mock	mock	0h	0	YTHDF2	2024-07-12	rep2	22.3000985549776	0.193919390344837	FALSE
C2_0h_ActD_mock_none_WT	WT	C2	ActD	mock	mock	0h	0	TDH1	2024-07-12	rep3	22.6228288792362	0.154834375328669	FALSE
C2_0h_ActD_mock_none_WT	WT	C2	ActD	mock	mock	0h	0	GAPDH	2024-07-12	rep3	21.6453608933761	0.30708829165097	FALSE
C2_0h_ActD_mock_none_WT	WT	C2	ActD	mock	mock	0h	0	Neon2	2024-07-12	rep3	19.2134976135537	1.6450100823949	FALSE
C2_0h_ActD_mock_none_WT	WT	C2	ActD	mock	mock	0h	0	mCherry	2024-07-12	rep3	17.0712258038796	7.26207018818634	FALSE
C2_0h_ActD_mock_none_WT	WT	C2	ActD	mock	mock	0h	0	YTHDF2	2024-07-12	rep3	21.9802193577719	0.241790501304124	FALSE
C2_1h_ActD_mock_none_WT	WT	C2	ActD	mock	mock	1h	1	TDH1	2024-07-12	rep1	23.041879953394	0.115854990270186	FALSE
C2_1h_ActD_mock_none_WT	WT	C2	ActD	mock	mock	1h	1	GAPDH	2024-07-12	rep1	22.2739851391524	0.19733853721518	FALSE
C2_1h_ActD_mock_none_WT	WT	C2	ActD	mock	mock	1h	1	Neon2	2024-07-12	rep1	20.301194419371	0.774329862225668	FALSE
C2_1h_ActD_mock_none_WT	WT	C2	ActD	mock	mock	1h	1	mCherry	2024-07-12	rep1	17.7262919101437	4.63725619816958	FALSE
C2_1h_ActD_mock_none_WT	WT	C2	ActD	mock	mock	1h	1	YTHDF2	2024-07-12	rep1	22.4759519716945	0.172138680133846	FALSE
C2_1h_ActD_mock_none_WT	WT	C2	ActD	mock	mock	1h	1	TDH1	2024-07-12	rep2	22.527423009216	0.165455612895284	FALSE
C2_1h_ActD_mock_none_WT	WT	C2	ActD	mock	mock	1h	1	GAPDH	2024-07-12	rep2	21.5265252439569	0.331250785197029	FALSE
C2_1h_ActD_mock_none_WT	WT	C2	ActD	mock	mock	1h	1	Neon2	2024-07-12	rep2	19.9896315925771	0.960774416352388	FALSE
C2_1h_ActD_mock_none_WT	WT	C2	ActD	mock	mock	1h	1	mCherry	2024-07-12	rep2	17.4861734926831	5.44676897252202	FALSE
C2_1h_ActD_mock_none_WT	WT	C2	ActD	mock	mock	1h	1	YTHDF2	2024-07-12	rep2	22.2631217415173	0.198691648436905	FALSE
C2_1h_ActD_mock_none_WT	WT	C2	ActD	mock	mock	1h	1	TDH1	2024-07-12	rep3	22.5218325991482	0.166061758893672	FALSE
C2_1h_ActD_mock_none_WT	WT	C2	ActD	mock	mock	1h	1	GAPDH	2024-07-12	rep3	21.8780943122378	0.259446395412032	FALSE
C2_1h_ActD_mock_none_WT	WT	C2	ActD	mock	mock	1h	1	Neon2	2024-07-12	rep3	20.0538873271012	0.919151604214267	FALSE
C2_1h_ActD_mock_none_WT	WT	C2	ActD	mock	mock	1h	1	mCherry	2024-07-12	rep3	17.607059076008	5.0242258582189	FALSE
C2_1h_ActD_mock_none_WT	WT	C2	ActD	mock	mock	1h	1	YTHDF2	2024-07-12	rep3	22.4230668093975	0.177873927809963	FALSE
C2_2h_ActD_mock_none_WT	WT	C2	ActD	mock	mock	2h	2	TDH1	2024-07-12	rep1	23.0434046202599	0.115677393874818	FALSE
C2_2h_ActD_mock_none_WT	WT	C2	ActD	mock	mock	2h	2	GAPDH	2024-07-12	rep1	21.9271151470681	0.250804572893641	FALSE
C2_2h_ActD_mock_none_WT	WT	C2	ActD	mock	mock	2h	2	Neon2	2024-07-12	rep1	21.3419454409982	0.376288803855048	FALSE
C2_2h_ActD_mock_none_WT	WT	C2	ActD	mock	mock	2h	2	mCherry	2024-07-12	rep1	18.2190168021668	3.27765002333998	FALSE
C2_2h_ActD_mock_none_WT	WT	C2	ActD	mock	mock	2h	2	YTHDF2	2024-07-12	rep1	23.3238013368541	0.101311032467008	FALSE
C2_2h_ActD_mock_none_WT	WT	C2	ActD	mock	mock	2h	2	TDH1	2024-07-12	rep2	22.7995373954079	0.136979457846544	FALSE
C2_2h_ActD_mock_none_WT	WT	C2	ActD	mock	mock	2h	2	GAPDH	2024-07-12	rep2	21.8918644995053	0.257347651264638	FALSE
C2_2h_ActD_mock_none_WT	WT	C2	ActD	mock	mock	2h	2	Neon2	2024-07-12	rep2	20.9936488182794	0.478945778606229	FALSE
C2_2h_ActD_mock_none_WT	WT	C2	ActD	mock	mock	2h	2	mCherry	2024-07-12	rep2	17.6920564837559	4.72894125790478	FALSE
C2_2h_ActD_mock_none_WT	WT	C2	ActD	mock	mock	2h	2	YTHDF2	2024-07-12	rep2	22.9845141823013	0.120495768734262	FALSE
C2_2h_ActD_mock_none_WT	WT	C2	ActD	mock	mock	2h	2	TDH1	2024-07-12	rep3	22.6929720959926	0.147480686319593	FALSE
C2_2h_ActD_mock_none_WT	WT	C2	ActD	mock	mock	2h	2	GAPDH	2024-07-12	rep3	21.8806732485582	0.262988174650521	FALSE
C2_2h_ActD_mock_none_WT	WT	C2	ActD	mock	mock	2h	2	Neon2	2024-07-12	rep3	20.9833224770943	0.482719304562635	FALSE
C2_2h_ActD_mock_none_WT	WT	C2	ActD	mock	mock	2h	2	mCherry	2024-07-12	rep3	17.849080976893	4.24677331551681	FALSE
C2_2h_ActD_mock_none_WT	WT	C2	ActD	mock	mock	2h	2	YTHDF2	2024-07-12	rep3	23.0606771721377	0.114313050529019	FALSE
C2_4h_ActD_mock_none_WT	WT	C2	ActD	mock	mock	4h	4	TDH1	2024-07-12	rep1	22.7939448829502	0.138178832927685	FALSE
C2_4h_ActD_mock_none_WT	WT	C2	ActD	mock	mock	4h	4	GAPDH	2024-07-12	rep1	22.0023253619539	0.238344213383706	FALSE
C2_4h_ActD_mock_none_WT	WT	C2	ActD	mock	mock	4h	4	Neon2	2024-07-12	rep1	22.4223146932203	0.177915707982872	FALSE
C2_4h_ActD_mock_none_WT	WT	C2	ActD	mock	mock	4h	4	mCherry	2024-07-12	rep1	18.1493879721038	3.4394635019163	FALSE
C2_4h_ActD_mock_none_WT	WT	C2	ActD	mock	mock	4h	4	YTHDF2	2024-07-12	rep1	23.9467629150723	0.0618668836795255	FALSE
C2_4h_ActD_mock_none_WT	WT	C2	ActD	mock	mock	4h	4	TDH1	2024-07-12	rep2	22.4255061116576	0.177523401833823	FALSE
C2_4h_ActD_mock_none_WT	WT	C2	ActD	mock	mock	4h	4	GAPDH	2024-07-12	rep2	22.123033226332	0.218929778614571	FALSE
C2_4h_ActD_mock_none_WT	WT	C2	ActD	mock	mock	4h	4	Neon2	2024-07-12	rep2	22.6006064445452	0.157524003102892	FALSE
C2_4h_ActD_mock_none_WT	WT	C2	ActD	mock	mock	4h	4	mCherry	2024-07-12	rep2	18.9673489625932	1.95184245074939	FALSE
C2_4h_ActD_mock_none_WT	WT	C2	ActD	mock	mock	4h	4	YTHDF2	2024-07-12	rep2	24.2728603217061	0.0494531489199948	FALSE
C2_4h_ActD_mock_none_WT	WT	C2	ActD	mock	mock	4h	4	TDH1	2024-07-12	rep3	23.170094186203	0.105956671371914	FALSE
C2_4h_ActD_mock_none_WT	WT	C2	ActD	mock	mock	4h	4	GAPDH	2024-07-12	rep3	22.2164803319435	0.205200095044979	FALSE
C2_4h_ActD_mock_none_WT	WT	C2	ActD	mock	mock	4h	4	Neon2	2024-07-12	rep3	23.0262679459595	0.1170773604858	FALSE
C2_4h_ActD_mock_none_WT	WT	C2	ActD	mock	mock	4h	4	mCherry	2024-07-12	rep3	18.8682311218104	2.09076111411526	FALSE
C2_4h_ActD_mock_none_WT	WT	C2	ActD	mock	mock	4h	4	YTHDF2	2024-07-12	rep3	24.2605342439366	0.0498340201982333	FALSE
C2_0h_ActD_STM_none_WT	WT	C2	ActD	STM	mock	0h	0	TDH1	2024-07-12	rep1	22.6526600115601	0.151694057751539	FALSE
C2_0h_ActD_STM_none_WT	WT	C2	ActD	STM	mock	0h	0	GAPDH	2024-07-12	rep1	21.4480834561549	0.350376536915045	FALSE
C2_0h_ActD_STM_none_WT	WT	C2	ActD	STM	mock	0h	0	Neon2	2024-07-12	rep1	19.4649700955083	1.38197195669793	FALSE
C2_0h_ActD_STM_none_WT	WT	C2	ActD	STM	mock	0h	0	mCherry	2024-07-12	rep1	17.1050748152847	7.09348146082427	FALSE
C2_0h_ActD_STM_none_WT	WT	C2	ActD	STM	mock	0h	0	YTHDF2	2024-07-12	rep1	21.4210151097012	0.356238212041744	FALSE
C2_0h_ActD_STM_none_WT	WT	C2	ActD	STM	mock	0h	0	TDH1	2024-07-12	rep2	22.945387872128	0.123808571283319	FALSE
C2_0h_ActD_STM_none_WT	WT	C2	ActD	STM	mock	0h	0	GAPDH	2024-07-12	rep2	22.039339922268	0.232019705089551	FALSE
C2_0h_ActD_STM_none_WT	WT	C2	ActD	STM	mock	0h	0	Neon2	2024-07-12	rep2	19.4560017320296	1.3910649252217	FALSE
C2_0h_ActD_STM_none_WT	WT	C2	ActD	STM	mock	0h	0	mCherry	2024-07-12	rep2	17.2740543693538	6.31004660799795	FALSE
C2_0h_ActD_STM_none_WT	WT	C2	ActD	STM	mock	0h	0	YTHDF2	2024-07-12	rep2	21.2689091695304	0.397728785235959	FALSE
C2_0h_ActD_STM_none_WT	WT	C2	ActD	STM	mock	0h	0	TDH1	2024-07-12	rep3	23.6425832397427	0.0763916206398243	FALSE
C2_0h_ActD_STM_none_WT	WT	C2	ActD	STM	mock	0h	0	GAPDH	2024-07-12	rep3	22.3563189146875	0.186265611544887	FALSE
C2_0h_ActD_STM_none_WT	WT	C2	ActD	STM	mock	0h	0	Neon2	2024-07-12	rep3	20.731750107601	0.574355975183932	FALSE
C2_0h_ActD_STM_none_WT	WT	C2	ActD	STM	mock	0h	0	mCherry	2024-07-12	rep3	18.5638818872662	2.58056723597419	FALSE
C2_0h_ActD_STM_none_WT	WT	C2	ActD	STM	mock	0h	0	YTHDF2	2024-07-12	rep3	22.1667645376137	0.212421950410615	FALSE
C2_1h_ActD_STM_none_WT	WT	C2	ActD	STM	mock	1h	1	TDH1	2024-07-12	rep1	23.8930311560199	0.0641931723215022	FALSE
C2_1h_ActD_STM_none_WT	WT	C2	ActD	STM	mock	1h	1	GAPDH	2024-07-12	rep1	23.0164363740766	0.117860607427988	FALSE
C2_1h_ActD_STM_none_WT	WT	C2	ActD	STM	mock	1h	1	Neon2	2024-07-12	rep1	21.1591081583898	0.42721632388339	FALSE
C2_1h_ActD_STM_none_WT	WT	C2	ActD	STM	mock	1h	1	mCherry	2024-07-12	rep1	18.8742121370642	2.08191788670204	FALSE
C2_1h_ActD_STM_none_WT	WT	C2	ActD	STM	mock	1h	1	YTHDF2	2024-07-12	rep1	22.3904089024479	0.190345484371943	FALSE
C2_1h_ActD_STM_none_WT	WT	C2	ActD	STM	mock	1h	1	TDH1	2024-07-12	rep2	22.7228000640108	0.144464061798988	FALSE
C2_1h_ActD_STM_none_WT	WT	C2	ActD	STM	mock	1h	1	GAPDH	2024-07-12	rep2	22.9565567144965	0.122882067955408	FALSE
C2_1h_ActD_STM_none_WT	WT	C2	ActD	STM	mock	1h	1	Neon2	2024-07-12	rep2	20.4123660170051	0.720279846651781	FALSE
C2_1h_ActD_STM_none_WT	WT	C2	ActD	STM	mock	1h	1	mCherry	2024-07-12	rep2	18.2525473487479	3.20291916774762	FALSE
C2_1h_ActD_STM_none_WT	WT	C2	ActD	STM	mock	1h	1	YTHDF2	2024-07-12	rep2	21.5354970431179	0.338223741668693	FALSE
C2_1h_ActD_STM_none_WT	WT	C2	ActD	STM	mock	1h	1	TDH1	2024-07-12	rep3	22.2352543881125	0.202546005456814	FALSE
C2_1h_ActD_STM_none_WT	WT	C2	ActD	STM	mock	1h	1	GAPDH	2024-07-12	rep3	21.2819058249344	0.392589333999576	FALSE
C2_1h_ActD_STM_none_WT	WT	C2	ActD	STM	mock	1h	1	Neon2	2024-07-12	rep3	19.3635160330173	1.48747017952711	FALSE
C2_1h_ActD_STM_none_WT	WT	C2	ActD	STM	mock	1h	1	mCherry	2024-07-12	rep3	16.8217958545153	8.72469370479201	FALSE
C2_1h_ActD_STM_none_WT	WT	C2	ActD	STM	mock	1h	1	YTHDF2	2024-07-12	rep3	21.5032566058094	0.33699010016747	FALSE
C2_2h_ActD_STM_none_WT	WT	C2	ActD	STM	mock	2h	2	TDH1	2024-07-12	rep1	22.8408995704778	0.133135426802484	FALSE
C2_2h_ActD_STM_none_WT	WT	C2	ActD	STM	mock	2h	2	GAPDH	2024-07-12	rep1	22.0394537265835	0.231988399005109	FALSE
C2_2h_ActD_STM_none_WT	WT	C2	ActD	STM	mock	2h	2	Neon2	2024-07-12	rep1	20.7963752221393	0.54987056963244	FALSE
C2_2h_ActD_STM_none_WT	WT	C2	ActD	STM	mock	2h	2	mCherry	2024-07-12	rep1	18.2428732782084	3.22423715037928	FALSE
C2_2h_ActD_STM_none_WT	WT	C2	ActD	STM	mock	2h	2	YTHDF2	2024-07-12	rep1	22.0271873272268	0.233976849081061	FALSE
C2_2h_ActD_STM_none_WT	WT	C2	ActD	STM	mock	2h	2	TDH1	2024-07-12	rep2	22.4582606145398	0.173577456833521	FALSE
C2_2h_ActD_STM_none_WT	WT	C2	ActD	STM	mock	2h	2	GAPDH	2024-07-12	rep2	21.1405273984433	0.432616870630882	FALSE
C2_2h_ActD_STM_none_WT	WT	C2	ActD	STM	mock	2h	2	Neon2	2024-07-12	rep2	20.0423311356507	0.928110729085614	FALSE
C2_2h_ActD_STM_none_WT	WT	C2	ActD	STM	mock	2h	2	mCherry	2024-07-12	rep2	17.5258049143758	5.31782306216885	FALSE
C2_2h_ActD_STM_none_WT	WT	C2	ActD	STM	mock	2h	2	YTHDF2	2024-07-12	rep2	21.8638037978278	0.262070865631024	FALSE
C2_4h_ActD_STM_none_WT	WT	C2	ActD	STM	mock	4h	4	TDH1	2024-07-12	rep1	23.0564825175505	0.114638037122625	FALSE
C2_4h_ActD_STM_none_WT	WT	C2	ActD	STM	mock	4h	4	GAPDH	2024-07-12	rep1	22.4830699018721	0.17058273576522	FALSE
C2_4h_ActD_STM_none_WT	WT	C2	ActD	STM	mock	4h	4	Neon2	2024-07-12	rep1	21.8246719319817	0.269260845504406	FALSE
C2_4h_ActD_STM_none_WT	WT	C2	ActD	STM	mock	4h	4	mCherry	2024-07-12	rep1	18.9458968267875	2.00254391256373	FALSE
C2_4h_ActD_STM_none_WT	WT	C2	ActD	STM	mock	4h	4	YTHDF2	2024-07-12	rep1	22.369235303882	0.184759665562243	FALSE
C2_4h_ActD_STM_none_WT	WT	C2	ActD	STM	mock	4h	4	TDH1	2024-07-12	rep2	22.2743522614487	0.19714130147331	FALSE
C2_4h_ActD_STM_none_WT	WT	C2	ActD	STM	mock	4h	4	GAPDH	2024-07-12	rep2	21.9691763753565	0.243843966940931	FALSE
C2_4h_ActD_STM_none_WT	WT	C2	ActD	STM	mock	4h	4	Neon2	2024-07-12	rep2	21.0191924965869	0.470537930164946	FALSE
C2_4h_ActD_STM_none_WT	WT	C2	ActD	STM	mock	4h	4	mCherry	2024-07-12	rep2	18.081920871142	3.6045714183077	FALSE
C2_4h_ActD_STM_none_WT	WT	C2	ActD	STM	mock	4h	4	YTHDF2	2024-07-12	rep2	22.0954520563206	0.22316567687984	FALSE
C2_4h_ActD_STM_none_WT	WT	C2	ActD	STM	mock	4h	4	TDH1	2024-07-12	rep3	22.9769448577473	0.121261513999631	FALSE
C2_4h_ActD_STM_none_WT	WT	C2	ActD	STM	mock	4h	4	GAPDH	2024-07-12	rep3	22.6725860845754	0.149669880533633	FALSE
C2_4h_ActD_STM_none_WT	WT	C2	ActD	STM	mock	4h	4	Neon2	2024-07-12	rep3	21.8422102262207	0.266835136824639	FALSE
C2_4h_ActD_STM_none_WT	WT	C2	ActD	STM	mock	4h	4	mCherry	2024-07-12	rep3	18.5827256420865	2.54794570353477	FALSE
C2_4h_ActD_STM_none_WT	WT	C2	ActD	STM	mock	4h	4	YTHDF2	2024-07-12	rep3	22.3649950072315	0.18563201533811	FALSE
C2_0h_ActD_mock_EM_WT	WT	C2	ActD	mock	EM	0h	0	TDH1	2024-07-12	rep1	24.8898575496311	0.032169573128585	FALSE
C2_0h_ActD_mock_EM_WT	WT	C2	ActD	mock	EM	0h	0	GAPDH	2024-07-12	rep1	23.8047771535415	0.0682435276258982	FALSE
C2_0h_ActD_mock_EM_WT	WT	C2	ActD	mock	EM	0h	0	Neon2	2024-07-12	rep1	20.6439951421912	0.610293197734285	FALSE
C2_0h_ActD_mock_EM_WT	WT	C2	ActD	mock	EM	0h	0	mCherry	2024-07-12	rep1	18.5619960787523	2.60388011111567	FALSE
C2_0h_ActD_mock_EM_WT	WT	C2	ActD	mock	EM	0h	0	YTHDF2	2024-07-12	rep1	23.5887265794048	0.0795450550168467	FALSE
C2_0h_ActD_mock_EM_WT	WT	C2	ActD	mock	EM	0h	0	TDH1	2024-07-12	rep2	22.539225379732	0.164069889925198	FALSE
C2_0h_ActD_mock_EM_WT	WT	C2	ActD	mock	EM	0h	0	GAPDH	2024-07-12	rep2	21.2486572440153	0.401454745910681	FALSE
C2_0h_ActD_mock_EM_WT	WT	C2	ActD	mock	EM	0h	0	Neon2	2024-07-12	rep2	19.0151626848486	1.91024864381077	FALSE
C2_0h_ActD_mock_EM_WT	WT	C2	ActD	mock	EM	0h	0	mCherry	2024-07-12	rep2	16.7566817095235	9.108935356779	FALSE
C2_0h_ActD_mock_EM_WT	WT	C2	ActD	mock	EM	0h	0	YTHDF2	2024-07-12	rep2	21.1437758434686	0.431723046642084	FALSE
C2_1h_ActD_mock_EM_WT	WT	C2	ActD	mock	EM	1h	1	TDH1	2024-07-12	rep1	22.1058112818917	0.221558292884574	FALSE
C2_1h_ActD_mock_EM_WT	WT	C2	ActD	mock	EM	1h	1	GAPDH	2024-07-12	rep1	21.5421512703755	0.32808200049495	FALSE
C2_1h_ActD_mock_EM_WT	WT	C2	ActD	mock	EM	1h	1	Neon2	2024-07-12	rep1	19.5826094181239	1.28020660593982	FALSE
C2_1h_ActD_mock_EM_WT	WT	C2	ActD	mock	EM	1h	1	mCherry	2024-07-12	rep1	17.0938482100225	7.14929094218056	FALSE
C2_1h_ActD_mock_EM_WT	WT	C2	ActD	mock	EM	1h	1	YTHDF2	2024-07-12	rep1	22.3243163651453	0.190474001089907	FALSE
C2_1h_ActD_mock_EM_WT	WT	C2	ActD	mock	EM	1h	1	TDH1	2024-07-12	rep2	22.0603082227261	0.228715076644078	FALSE
C2_1h_ActD_mock_EM_WT	WT	C2	ActD	mock	EM	1h	1	GAPDH	2024-07-12	rep2	21.8878300022286	0.257789240169988	FALSE
C2_1h_ActD_mock_EM_WT	WT	C2	ActD	mock	EM	1h	1	Neon2	2024-07-12	rep2	19.7440956912228	1.14292412521843	FALSE
C2_1h_ActD_mock_EM_WT	WT	C2	ActD	mock	EM	1h	1	mCherry	2024-07-12	rep2	17.2304197332347	6.50856011397836	FALSE
C2_1h_ActD_mock_EM_WT	WT	C2	ActD	mock	EM	1h	1	YTHDF2	2024-07-12	rep2	22.7630788159721	0.140902966367478	FALSE
C2_2h_ActD_mock_EM_WT	WT	C2	ActD	mock	EM	2h	2	TDH1	2024-07-12	rep1	22.193195852975	0.20853852020077	FALSE
C2_2h_ActD_mock_EM_WT	WT	C2	ActD	mock	EM	2h	2	GAPDH	2024-07-12	rep1	22.2556971658475	0.199695188669751	FALSE
C2_2h_ActD_mock_EM_WT	WT	C2	ActD	mock	EM	2h	2	Neon2	2024-07-12	rep1	20.1268591319601	0.873429549608305	FALSE
C2_2h_ActD_mock_EM_WT	WT	C2	ActD	mock	EM	2h	2	mCherry	2024-07-12	rep1	17.4623171116641	5.53821296582814	FALSE
C2_2h_ActD_mock_EM_WT	WT	C2	ActD	mock	EM	2h	2	YTHDF2	2024-07-12	rep1	23.1143244262849	0.110127792623582	FALSE
C2_2h_ActD_mock_EM_WT	WT	C2	ActD	mock	EM	2h	2	TDH1	2024-07-12	rep2	22.6092945125969	0.156288338492655	FALSE
C2_2h_ActD_mock_EM_WT	WT	C2	ActD	mock	EM	2h	2	GAPDH	2024-07-12	rep2	22.2731742449316	0.197293172764179	FALSE
C2_2h_ActD_mock_EM_WT	WT	C2	ActD	mock	EM	2h	2	Neon2	2024-07-12	rep2	20.0053911639906	0.951149971980137	FALSE
C2_2h_ActD_mock_EM_WT	WT	C2	ActD	mock	EM	2h	2	mCherry	2024-07-12	rep2	17.368836678092	5.9098591891799	FALSE
C2_2h_ActD_mock_EM_WT	WT	C2	ActD	mock	EM	2h	2	YTHDF2	2024-07-12	rep2	22.940578264752	0.124240395379261	FALSE
C2_4h_ActD_mock_EM_WT	WT	C2	ActD	mock	EM	4h	4	TDH1	2024-07-12	rep1	22.774323668426	0.139411391624749	FALSE
C2_4h_ActD_mock_EM_WT	WT	C2	ActD	mock	EM	4h	4	GAPDH	2024-07-12	rep1	23.6985656928739	0.0734577605632471	FALSE
C2_4h_ActD_mock_EM_WT	WT	C2	ActD	mock	EM	4h	4	Neon2	2024-07-12	rep1	22.1148914357537	0.220311251207042	FALSE
C2_4h_ActD_mock_EM_WT	WT	C2	ActD	mock	EM	4h	4	mCherry	2024-07-12	rep1	19.6507046693005	1.21494014929641	FALSE
C2_4h_ActD_mock_EM_WT	WT	C2	ActD	mock	EM	4h	4	YTHDF2	2024-07-12	rep1	24.4719023840071	0.0430532063088898	FALSE
C2_4h_ActD_mock_EM_WT	WT	C2	ActD	mock	EM	4h	4	TDH1	2024-07-12	rep2	22.1204600683785	0.21933320482141	FALSE
C2_4h_ActD_mock_EM_WT	WT	C2	ActD	mock	EM	4h	4	GAPDH	2024-07-12	rep2	22.862752964065	0.131304298160627	FALSE
C2_4h_ActD_mock_EM_WT	WT	C2	ActD	mock	EM	4h	4	Neon2	2024-07-12	rep2	21.5336126904377	0.329592117537014	FALSE
C2_4h_ActD_mock_EM_WT	WT	C2	ActD	mock	EM	4h	4	mCherry	2024-07-12	rep2	18.7158890133117	2.32456529815881	FALSE
C2_4h_ActD_mock_EM_WT	WT	C2	ActD	mock	EM	4h	4	YTHDF2	2024-07-12	rep2	23.9280851227346	0.0626513183597071	FALSE
C2_0h_ActD_STM_EM_WT	WT	C2	ActD	STM	EM	0h	0	TDH1	2024-07-12	rep1	23.0634387178347	0.114085660660692	FALSE
C2_0h_ActD_STM_EM_WT	WT	C2	ActD	STM	EM	0h	0	GAPDH	2024-07-12	rep1	22.4418869522887	0.175563450328954	FALSE
C2_0h_ActD_STM_EM_WT	WT	C2	ActD	STM	EM	0h	0	Neon2	2024-07-12	rep1	19.5072141208669	1.34197588751756	FALSE
C2_0h_ActD_STM_EM_WT	WT	C2	ActD	STM	EM	0h	0	mCherry	2024-07-12	rep1	17.2413532814689	6.45428629683376	FALSE
C2_0h_ActD_STM_EM_WT	WT	C2	ActD	STM	EM	0h	0	YTHDF2	2024-07-12	rep1	22.2663534613743	0.198236432717853	FALSE
C2_0h_ActD_STM_EM_WT	WT	C2	ActD	STM	EM	0h	0	TDH1	2024-07-12	rep2	22.1304045517366	0.217816420625453	FALSE
C2_0h_ActD_STM_EM_WT	WT	C2	ActD	STM	EM	0h	0	GAPDH	2024-07-12	rep2	21.1579381873492	0.427669023203269	FALSE
C2_0h_ActD_STM_EM_WT	WT	C2	ActD	STM	EM	0h	0	Neon2	2024-07-12	rep2	19.0347533163576	1.86562023728116	FALSE
C2_0h_ActD_STM_EM_WT	WT	C2	ActD	STM	EM	0h	0	mCherry	2024-07-12	rep2	16.8001367109587	8.7766355963346	FALSE
C2_0h_ActD_STM_EM_WT	WT	C2	ActD	STM	EM	0h	0	YTHDF2	2024-07-12	rep2	20.9174463034547	0.505234423116242	FALSE
C2_1h_ActD_STM_EM_WT	WT	C2	ActD	STM	EM	1h	1	TDH1	2024-07-12	rep1	22.863370153857	0.131059365531153	FALSE
C2_1h_ActD_STM_EM_WT	WT	C2	ActD	STM	EM	1h	1	GAPDH	2024-07-12	rep1	21.6097057391568	0.313139630239708	FALSE
C2_1h_ActD_STM_EM_WT	WT	C2	ActD	STM	EM	1h	1	Neon2	2024-07-12	rep1	20.0641095541229	0.912271346530297	FALSE
C2_1h_ActD_STM_EM_WT	WT	C2	ActD	STM	EM	1h	1	mCherry	2024-07-12	rep1	17.6699570592629	4.79567078643983	FALSE
C2_1h_ActD_STM_EM_WT	WT	C2	ActD	STM	EM	1h	1	YTHDF2	2024-07-12	rep1	21.4893338814472	0.339676823541087	FALSE
C2_1h_ActD_STM_EM_WT	WT	C2	ActD	STM	EM	1h	1	TDH1	2024-07-12	rep2	22.8389943124559	0.133322624462784	FALSE
C2_1h_ActD_STM_EM_WT	WT	C2	ActD	STM	EM	1h	1	GAPDH	2024-07-12	rep2	22.7227293685556	0.144564925963262	FALSE
C2_1h_ActD_STM_EM_WT	WT	C2	ActD	STM	EM	1h	1	Neon2	2024-07-12	rep2	21.5708763311497	0.321031341427735	FALSE
C2_1h_ActD_STM_EM_WT	WT	C2	ActD	STM	EM	1h	1	mCherry	2024-07-12	rep2	19.2178597487755	1.64039229792145	FALSE
C2_1h_ActD_STM_EM_WT	WT	C2	ActD	STM	EM	1h	1	YTHDF2	2024-07-12	rep2	22.1070829043472	0.221362974366112	FALSE
C2_2h_ActD_STM_EM_WT	WT	C2	ActD	STM	EM	2h	2	TDH1	2024-07-12	rep1	22.8359219422957	0.133585793324735	FALSE
C2_2h_ActD_STM_EM_WT	WT	C2	ActD	STM	EM	2h	2	GAPDH	2024-07-12	rep1	22.9821591154904	0.120692804209516	FALSE
C2_2h_ActD_STM_EM_WT	WT	C2	ActD	STM	EM	2h	2	Neon2	2024-07-12	rep1	21.418061940109	0.356974484688692	FALSE
C2_2h_ActD_STM_EM_WT	WT	C2	ActD	STM	EM	2h	2	mCherry	2024-07-12	rep1	19.1687517453746	1.69869398296089	FALSE
C2_2h_ActD_STM_EM_WT	WT	C2	ActD	STM	EM	2h	2	YTHDF2	2024-07-12	rep1	23.0737976355494	0.11330011934448	FALSE
C2_2h_ActD_STM_EM_WT	WT	C2	ActD	STM	EM	2h	2	TDH1	2024-07-12	rep2	22.957829215143	0.122752594417675	FALSE
C2_2h_ActD_STM_EM_WT	WT	C2	ActD	STM	EM	2h	2	GAPDH	2024-07-12	rep2	22.7624119943343	0.140610584454313	FALSE
C2_2h_ActD_STM_EM_WT	WT	C2	ActD	STM	EM	2h	2	Neon2	2024-07-12	rep2	21.263121318048	0.39737516164758	FALSE
C2_2h_ActD_STM_EM_WT	WT	C2	ActD	STM	EM	2h	2	mCherry	2024-07-12	rep2	19.2786222567297	1.57455057413753	FALSE
C2_2h_ActD_STM_EM_WT	WT	C2	ActD	STM	EM	2h	2	YTHDF2	2024-07-12	rep2	23.402640279989	0.0921195848281558	FALSE
C2_4h_ActD_STM_EM_WT	WT	C2	ActD	STM	EM	4h	4	TDH1	2024-07-12	rep1	23.4415545735246	0.0877786577510586	FALSE
C2_4h_ActD_STM_EM_WT	WT	C2	ActD	STM	EM	4h	4	GAPDH	2024-07-12	rep1	23.3754767162245	0.0919483260480345	FALSE
C2_4h_ActD_STM_EM_WT	WT	C2	ActD	STM	EM	4h	4	Neon2	2024-07-12	rep1	22.6897659163195	0.147861822820278	FALSE
C2_4h_ActD_STM_EM_WT	WT	C2	ActD	STM	EM	4h	4	mCherry	2024-07-12	rep1	20.327859215306	0.759854163550767	FALSE
C2_4h_ActD_STM_EM_WT	WT	C2	ActD	STM	EM	4h	4	YTHDF2	2024-07-12	rep1	24.3655114707018	0.0462654666221338	FALSE
C2_4h_ActD_STM_EM_WT	WT	C2	ActD	STM	EM	4h	4	TDH1	2024-07-12	rep2	23.0633254219035	0.114094140136429	FALSE
C2_4h_ActD_STM_EM_WT	WT	C2	ActD	STM	EM	4h	4	GAPDH	2024-07-12	rep2	23.3504117130757	0.0935351056394522	FALSE
C2_4h_ActD_STM_EM_WT	WT	C2	ActD	STM	EM	4h	4	Neon2	2024-07-12	rep2	22.264506060065	0.198690511050578	FALSE
C2_4h_ActD_STM_EM_WT	WT	C2	ActD	STM	EM	4h	4	mCherry	2024-07-12	rep2	20.3204151942562	0.765176314338343	FALSE
C2_4h_ActD_STM_EM_WT	WT	C2	ActD	STM	EM	4h	4	YTHDF2	2024-07-12	rep2	23.9916655652526	0.0599738425304081	FALSE
C2_4h_ActD_mock_CHX_WT	WT	C2	ActD	mock	CHX	4h	4	TDH1	2024-07-12	rep1	23.3563262015514	0.0987562405372627	FALSE
C2_4h_ActD_mock_CHX_WT	WT	C2	ActD	mock	CHX	4h	4	GAPDH	2024-07-12	rep1	23.0526857450251	0.114960228141794	FALSE
C2_4h_ActD_mock_CHX_WT	WT	C2	ActD	mock	CHX	4h	4	Neon2	2024-07-12	rep1	21.1431628056958	0.431791212810708	FALSE
C2_4h_ActD_mock_CHX_WT	WT	C2	ActD	mock	CHX	4h	4	mCherry	2024-07-12	rep1	18.2208292326241	3.29090669764215	FALSE
C2_4h_ActD_mock_CHX_WT	WT	C2	ActD	mock	CHX	4h	4	YTHDF2	2024-07-12	rep1	24.1202635908914	0.0548430438838784	FALSE
C2_4h_ActD_mock_CHX_WT	WT	C2	ActD	mock	CHX	4h	4	TDH1	2024-07-12	rep2	24.0752089736002	0.0565812031346467	FALSE
C2_4h_ActD_mock_CHX_WT	WT	C2	ActD	mock	CHX	4h	4	GAPDH	2024-07-12	rep2	23.4503781814214	0.0872464571203385	FALSE
C2_4h_ActD_mock_CHX_WT	WT	C2	ActD	mock	CHX	4h	4	Neon2	2024-07-12	rep2	23.1994781801391	0.103941573004439	FALSE
C2_4h_ActD_mock_CHX_WT	WT	C2	ActD	mock	CHX	4h	4	mCherry	2024-07-12	rep2	20.3789226713544	0.733390890249561	FALSE
C2_4h_ActD_mock_CHX_WT	WT	C2	ActD	mock	CHX	4h	4	YTHDF2	2024-07-12	rep2	24.9856419278106	0.030108244724246	FALSE
C2_4h_ActD_STM_CHX_WT	WT	C2	ActD	STM	CHX	4h	4	TDH1	2024-07-12	rep1	23.8500081954171	0.0661445969980477	FALSE
C2_4h_ActD_STM_CHX_WT	WT	C2	ActD	STM	CHX	4h	4	GAPDH	2024-07-12	rep1	23.7530015540396	0.0707428324942463	FALSE
C2_4h_ActD_STM_CHX_WT	WT	C2	ActD	STM	CHX	4h	4	Neon2	2024-07-12	rep1	22.6622549184454	0.153274176981252	FALSE
C2_4h_ActD_STM_CHX_WT	WT	C2	ActD	STM	CHX	4h	4	mCherry	2024-07-12	rep1	19.907345554217	1.01742572968802	FALSE
C2_4h_ActD_STM_CHX_WT	WT	C2	ActD	STM	CHX	4h	4	YTHDF2	2024-07-12	rep1	23.7269747198428	0.0720321813493316	FALSE
C2_4h_ActD_STM_CHX_WT	WT	C2	ActD	STM	CHX	4h	4	TDH1	2024-07-12	rep2	22.750232257464	0.141790260685035	FALSE
C2_4h_ActD_STM_CHX_WT	WT	C2	ActD	STM	CHX	4h	4	GAPDH	2024-07-12	rep2	22.6178333682339	0.155375020719758	FALSE
C2_4h_ActD_STM_CHX_WT	WT	C2	ActD	STM	CHX	4h	4	Neon2	2024-07-12	rep2	21.1500540294958	0.429738564539328	FALSE
C2_4h_ActD_STM_CHX_WT	WT	C2	ActD	STM	CHX	4h	4	mCherry	2024-07-12	rep2	18.4447138602803	2.80514236819214	FALSE
C2_4h_ActD_STM_CHX_WT	WT	C2	ActD	STM	CHX	4h	4	YTHDF2	2024-07-12	rep2	23.0454458855607	0.115533799259631	FALSE
C2_0h_ActD_mock_CHX_WT	WT	C2	ActD	mock	CHX	0h	0	TDH1	2024-07-12	rep1	24.8966708216687	0.032015277313183	FALSE
C2_0h_ActD_mock_CHX_WT	WT	C2	ActD	mock	CHX	0h	0	GAPDH	2024-07-12	rep1	24.0549987959028	0.0573769581878636	FALSE
C2_0h_ActD_mock_CHX_WT	WT	C2	ActD	mock	CHX	0h	0	Neon2	2024-07-12	rep1	20.9662087374381	0.48813761811071	FALSE
C2_0h_ActD_mock_CHX_WT	WT	C2	ActD	mock	CHX	0h	0	mCherry	2024-07-12	rep1	18.6629282891719	2.41452627055503	FALSE
C2_0h_ActD_mock_CHX_WT	WT	C2	ActD	mock	CHX	0h	0	YTHDF2	2024-07-12	rep1	23.7174827457246	0.0725010264014312	FALSE
C2_0h_ActD_mock_CHX_WT	WT	C2	ActD	mock	CHX	0h	0	TDH1	2024-07-12	rep2	25.4561308336599	0.0217240626363278	FALSE
C2_0h_ActD_mock_CHX_WT	WT	C2	ActD	mock	CHX	0h	0	GAPDH	2024-07-12	rep2	24.3117462507229	0.0480214458097852	FALSE
C2_0h_ActD_mock_CHX_WT	WT	C2	ActD	mock	CHX	0h	0	Neon2	2024-07-12	rep2	21.297148854395	0.393972692027107	FALSE
C2_0h_ActD_mock_CHX_WT	WT	C2	ActD	mock	CHX	0h	0	mCherry	2024-07-12	rep2	18.9498052381092	1.97530311824365	FALSE
C2_0h_ActD_mock_CHX_WT	WT	C2	ActD	mock	CHX	0h	0	YTHDF2	2024-07-12	rep2	24.6332216963768	0.0384324159724353	FALSE
C1_0h_ActD_mock_none_WT	WT	C1	ActD	mock	mock	0h	0	TDH1	2024-07-12	rep1	23.5351938116125	0.0822666613535554	FALSE
C1_0h_ActD_mock_none_WT	WT	C1	ActD	mock	mock	0h	0	GAPDH	2024-07-12	rep1	23.0988724163962	0.111368503417623	FALSE
C1_0h_ActD_mock_none_WT	WT	C1	ActD	mock	mock	0h	0	Neon2	2024-07-12	rep1	20.6725102288972	0.59835819040167	FALSE
C1_0h_ActD_mock_none_WT	WT	C1	ActD	mock	mock	0h	0	mCherry	2024-07-12	rep1	18.5951388071046	2.52619382346729	FALSE
C1_0h_ActD_mock_none_WT	WT	C1	ActD	mock	mock	0h	0	YTHDF2	2024-07-12	rep1	23.4726082553025	0.0859881760072816	FALSE
C1_1h_ActD_mock_none_WT	WT	C1	ActD	mock	mock	1h	1	TDH1	2024-07-12	rep2	23.6712227263109	0.0748669060640415	FALSE
C1_1h_ActD_mock_none_WT	WT	C1	ActD	mock	mock	1h	1	GAPDH	2024-07-12	rep2	23.0569094780448	0.114608655280527	FALSE
C1_1h_ActD_mock_none_WT	WT	C1	ActD	mock	mock	1h	1	Neon2	2024-07-12	rep2	20.5422904196475	0.655341029988498	FALSE
C1_1h_ActD_mock_none_WT	WT	C1	ActD	mock	mock	1h	1	mCherry	2024-07-12	rep2	18.2228464830873	3.26871499291488	FALSE
C1_1h_ActD_mock_none_WT	WT	C1	ActD	mock	mock	1h	1	YTHDF2	2024-07-12	rep2	23.5620533522309	0.0808588213919559	FALSE
C1_2h_ActD_mock_none_WT	WT	C1	ActD	mock	mock	2h	2	TDH1	2024-07-12	rep1	24.1364456117758	0.0542281838976998	FALSE
C1_2h_ActD_mock_none_WT	WT	C1	ActD	mock	mock	2h	2	GAPDH	2024-07-12	rep1	23.8233654609057	0.0673724145711127	FALSE
C1_2h_ActD_mock_none_WT	WT	C1	ActD	mock	mock	2h	2	Neon2	2024-07-12	rep1	21.2161117049221	0.410661788631315	FALSE
C1_2h_ActD_mock_none_WT	WT	C1	ActD	mock	mock	2h	2	mCherry	2024-07-12	rep1	18.7506624652161	2.2671936530342	FALSE
C1_2h_ActD_mock_none_WT	WT	C1	ActD	mock	mock	2h	2	YTHDF2	2024-07-12	rep1	24.5731143090857	0.0400802096504906	FALSE
C1_4h_ActD_mock_none_WT	WT	C1	ActD	mock	mock	4h	4	TDH1	2024-07-12	rep2	23.979799424374	0.0604460910266844	FALSE
C1_4h_ActD_mock_none_WT	WT	C1	ActD	mock	mock	4h	4	GAPDH	2024-07-12	rep2	24.0504695482769	0.0575555716582883	FALSE
C1_4h_ActD_mock_none_WT	WT	C1	ActD	mock	mock	4h	4	Neon2	2024-07-12	rep2	22.6013588919532	0.157217891403769	FALSE
C1_4h_ActD_mock_none_WT	WT	C1	ActD	mock	mock	4h	4	mCherry	2024-07-12	rep2	19.1392532993144	1.73306682247302	FALSE
C1_4h_ActD_mock_none_WT	WT	C1	ActD	mock	mock	4h	4	YTHDF2	2024-07-12	rep2	24.7220225733886	0.0361404700718934	FALSE
C1_0h_ActD_STM_none_WT	WT	C1	ActD	STM	mock	0h	0	TDH1	2024-07-12	rep1	23.7878358979482	0.0690477571443874	FALSE
C1_0h_ActD_STM_none_WT	WT	C1	ActD	STM	mock	0h	0	GAPDH	2024-07-12	rep1	23.3420780047882	0.0940760761672955	FALSE
C1_0h_ActD_STM_none_WT	WT	C1	ActD	STM	mock	0h	0	Neon2	2024-07-12	rep1	20.5249338663363	0.665136534508699	FALSE
C1_0h_ActD_STM_none_WT	WT	C1	ActD	STM	mock	0h	0	mCherry	2024-07-12	rep1	18.6063363560445	2.5238309194115	FALSE
C1_0h_ActD_STM_none_WT	WT	C1	ActD	STM	mock	0h	0	YTHDF2	2024-07-12	rep1	22.4100048333675	0.180286236937035	FALSE
C1_1h_ActD_STM_none_WT	WT	C1	ActD	STM	mock	1h	1	TDH1	2024-07-12	rep1	24.3893498046248	0.0455628195050882	FALSE
C1_1h_ActD_STM_none_WT	WT	C1	ActD	STM	mock	1h	1	GAPDH	2024-07-12	rep1	23.7619905776626	0.0703770826193269	FALSE
C1_1h_ActD_STM_none_WT	WT	C1	ActD	STM	mock	1h	1	Neon2	2024-07-12	rep1	21.3147319403117	0.388812812277918	FALSE
C1_1h_ActD_STM_none_WT	WT	C1	ActD	STM	mock	1h	1	mCherry	2024-07-12	rep1	19.0168982879422	1.88808128224941	FALSE
C1_1h_ActD_STM_none_WT	WT	C1	ActD	STM	mock	1h	1	YTHDF2	2024-07-12	rep1	23.1645111512116	0.106378157693949	FALSE
C1_2h_ActD_STM_none_WT	WT	C1	ActD	STM	mock	2h	2	TDH1	2024-07-12	rep1	23.9664065266293	0.0610090904581756	FALSE
C1_2h_ActD_STM_none_WT	WT	C1	ActD	STM	mock	2h	2	GAPDH	2024-07-12	rep1	23.8400757896121	0.0665934634653844	FALSE
C1_2h_ActD_STM_none_WT	WT	C1	ActD	STM	mock	2h	2	Neon2	2024-07-12	rep1	20.8835626379146	0.516917494551307	FALSE
C1_2h_ActD_STM_none_WT	WT	C1	ActD	STM	mock	2h	2	mCherry	2024-07-12	rep1	18.4707615944442	2.75320440597363	FALSE
C1_2h_ActD_STM_none_WT	WT	C1	ActD	STM	mock	2h	2	YTHDF2	2024-07-12	rep1	23.3416883617934	0.0940702112652395	FALSE
C1_4h_ActD_STM_none_WT	WT	C1	ActD	STM	mock	4h	4	TDH1	2024-07-12	rep1	24.1265927611368	0.0546033538013683	FALSE
C1_4h_ActD_STM_none_WT	WT	C1	ActD	STM	mock	4h	4	GAPDH	2024-07-12	rep1	23.634675018113	0.0767810288432726	FALSE
C1_4h_ActD_STM_none_WT	WT	C1	ActD	STM	mock	4h	4	Neon2	2024-07-12	rep1	22.9286394975387	0.125254851809851	FALSE
C1_4h_ActD_STM_none_WT	WT	C1	ActD	STM	mock	4h	4	mCherry	2024-07-12	rep1	19.2935871136588	1.5570620353775	FALSE
C1_4h_ActD_STM_none_WT	WT	C1	ActD	STM	mock	4h	4	YTHDF2	2024-07-12	rep1	23.2766042166272	0.0984110701916977	FALSE
C2_0h_ActD_mock_none_wt	WT	C2	ActD	mock	mock	0h	0	TDH1	2024-07-22	rep1	24.3230524856925	0.0476470959588773	FALSE
C2_0h_ActD_mock_none_wt	WT	C2	ActD	mock	mock	0h	0	mCherry	2024-07-22	rep1	17.0097157987072	7.58928381928863	FALSE
C2_0h_ActD_mock_none_wt	WT	C2	ActD	mock	mock	0h	0	Neon2	2024-07-22	rep1	19.0375261299916	1.85850349746257	FALSE
C2_0h_ActD_mock_none_wt	WT	C2	ActD	mock	mock	0h	0	GAPDH	2024-07-22	rep1	23.0466839654805	0.115492380965682	FALSE
C2_0h_ActD_mock_none_wt	WT	C2	ActD	mock	mock	0h	0	YTHDF2	2024-07-22	rep1	23.6103998731839	0.0780877049074318	FALSE
C2_0h_ActD_mock_none_wt	WT	C2	ActD	mock	mock	0h	0	TDH1	2024-07-22	rep2	24.1423176647539	0.0540119727609443	FALSE
C2_0h_ActD_mock_none_wt	WT	C2	ActD	mock	mock	0h	0	mCherry	2024-07-22	rep2	16.4156461551556	11.4516972479099	FALSE
C2_0h_ActD_mock_none_wt	WT	C2	ActD	mock	mock	0h	0	Neon2	2024-07-22	rep2	18.5425681517769	2.62100205930063	FALSE
C2_0h_ActD_mock_none_wt	WT	C2	ActD	mock	mock	0h	0	TDH1	2024-07-22	rep3	23.9047989979061	0.063670690506148	FALSE
C2_0h_ActD_mock_none_wt	WT	C2	ActD	mock	mock	0h	0	mCherry	2024-07-22	rep3	16.2722190087486	12.6454812526846	FALSE
C2_0h_ActD_mock_none_wt	WT	C2	ActD	mock	mock	0h	0	Neon2	2024-07-22	rep3	18.4486436275365	2.7960978207309	FALSE
C2_1h_ActD_mock_none_wt	WT	C2	ActD	mock	mock	1h	1	TDH1	2024-07-22	rep1	23.7769390477744	0.0695711667986473	FALSE
C2_1h_ActD_mock_none_wt	WT	C2	ActD	mock	mock	1h	1	mCherry	2024-07-22	rep1	16.4327602429656	11.3043716955199	FALSE
C2_1h_ActD_mock_none_wt	WT	C2	ActD	mock	mock	1h	1	Neon2	2024-07-22	rep1	19.1198064952052	1.75538634945411	FALSE
C2_1h_ActD_mock_none_wt	WT	C2	ActD	mock	mock	1h	1	GAPDH	2024-07-22	rep1	22.3387423816024	0.188564267486947	FALSE
C2_1h_ActD_mock_none_wt	WT	C2	ActD	mock	mock	1h	1	YTHDF2	2024-07-22	rep1	23.1968459503506	0.104174756572606	FALSE
C2_1h_ActD_mock_none_wt	WT	C2	ActD	mock	mock	1h	1	TDH1	2024-07-22	rep2	23.995268355983	0.0598005079909517	FALSE
C2_1h_ActD_mock_none_wt	WT	C2	ActD	mock	mock	1h	1	mCherry	2024-07-22	rep2	16.940356166063	7.95150650805657	FALSE
C2_1h_ActD_mock_none_wt	WT	C2	ActD	mock	mock	1h	1	Neon2	2024-07-22	rep2	19.4573478957782	1.38919419509603	FALSE
C2_1h_ActD_mock_none_wt	WT	C2	ActD	mock	mock	1h	1	TDH1	2024-07-22	rep3	23.4211063002853	0.0890348997526426	FALSE
C2_1h_ActD_mock_none_wt	WT	C2	ActD	mock	mock	1h	1	mCherry	2024-07-22	rep3	16.1525061649673	13.7284797116566	FALSE
C2_1h_ActD_mock_none_wt	WT	C2	ActD	mock	mock	1h	1	Neon2	2024-07-22	rep3	18.8684660557077	2.08947950445865	FALSE
C2_2h_ActD_mock_none_wt	WT	C2	ActD	mock	mock	2h	2	TDH1	2024-07-22	rep1	24.0736242795706	0.0566438267329077	FALSE
C2_2h_ActD_mock_none_wt	WT	C2	ActD	mock	mock	2h	2	mCherry	2024-07-22	rep1	16.7445112695641	9.10790149372874	FALSE
C2_2h_ActD_mock_none_wt	WT	C2	ActD	mock	mock	2h	2	Neon2	2024-07-22	rep1	19.8885186642779	1.03030362363174	FALSE
C2_2h_ActD_mock_none_wt	WT	C2	ActD	mock	mock	2h	2	GAPDH	2024-07-22	rep1	23.2605495166045	0.099512650387826	FALSE
C2_2h_ActD_mock_none_wt	WT	C2	ActD	mock	mock	2h	2	YTHDF2	2024-07-22	rep1	24.5988009517997	0.0393588636643421	FALSE
C2_2h_ActD_mock_none_wt	WT	C2	ActD	mock	mock	2h	2	TDH1	2024-07-22	rep2	23.4547561867961	0.0869889068818992	FALSE
C2_2h_ActD_mock_none_wt	WT	C2	ActD	mock	mock	2h	2	mCherry	2024-07-22	rep2	16.48121044608	10.9322765442401	FALSE
C2_2h_ActD_mock_none_wt	WT	C2	ActD	mock	mock	2h	2	Neon2	2024-07-22	rep2	19.4625105266758	1.38420631567205	FALSE
C2_2h_ActD_mock_none_wt	WT	C2	ActD	mock	mock	2h	2	TDH1	2024-07-22	rep3	24.2389006347383	0.050512733712916	FALSE
C2_2h_ActD_mock_none_wt	WT	C2	ActD	mock	mock	2h	2	mCherry	2024-07-22	rep3	17.2421257351882	6.45275373060151	FALSE
C2_2h_ActD_mock_none_wt	WT	C2	ActD	mock	mock	2h	2	Neon2	2024-07-22	rep3	20.4185451235128	0.715664040621911	FALSE
C2_4h_ActD_mock_none_wt	WT	C2	ActD	mock	mock	4h	4	TDH1	2024-07-22	rep1	24.1023851408848	0.0555213666920813	FALSE
C2_4h_ActD_mock_none_wt	WT	C2	ActD	mock	mock	4h	4	mCherry	2024-07-22	rep1	17.2943214539781	6.22162975926254	FALSE
C2_4h_ActD_mock_none_wt	WT	C2	ActD	mock	mock	4h	4	Neon2	2024-07-22	rep1	21.0489769468852	0.461002342718722	FALSE
C2_4h_ActD_mock_none_wt	WT	C2	ActD	mock	mock	4h	4	GAPDH	2024-07-22	rep1	23.199769604614	0.103868026389062	FALSE
C2_4h_ActD_mock_none_wt	WT	C2	ActD	mock	mock	4h	4	YTHDF2	2024-07-22	rep1	25.2351874775292	0.0254348298961739	FALSE
C2_4h_ActD_mock_none_wt	WT	C2	ActD	mock	mock	4h	4	TDH1	2024-07-22	rep2	24.8529738818326	0.0329998008188048	FALSE
C2_4h_ActD_mock_none_wt	WT	C2	ActD	mock	mock	4h	4	mCherry	2024-07-22	rep2	18.4453959674435	2.80839883106869	FALSE
C2_4h_ActD_mock_none_wt	WT	C2	ActD	mock	mock	4h	4	Neon2	2024-07-22	rep2	21.9894313412135	0.240349472772942	FALSE
C2_4h_ActD_mock_none_wt	WT	C2	ActD	mock	mock	4h	4	TDH1	2024-07-22	rep3	24.2703421323388	0.0494200395590523	FALSE
C2_4h_ActD_mock_none_wt	WT	C2	ActD	mock	mock	4h	4	mCherry	2024-07-22	rep3	17.5621612802281	5.17714472120158	FALSE
C2_4h_ActD_mock_none_wt	WT	C2	ActD	mock	mock	4h	4	Neon2	2024-07-22	rep3	22.1162738005542	0.219963417807962	FALSE
C2_0h_ActD_STM_none_wt	WT	C2	ActD	STM	mock	0h	0	TDH1	2024-07-22	rep1	24.5509100544997	0.0406859797088202	FALSE
C2_0h_ActD_STM_none_wt	WT	C2	ActD	STM	mock	0h	0	mCherry	2024-07-22	rep1	17.0869508783013	7.18719181427212	FALSE
C2_0h_ActD_STM_none_wt	WT	C2	ActD	STM	mock	0h	0	Neon2	2024-07-22	rep1	18.7910774403416	2.2045847543223	FALSE
C2_0h_ActD_STM_none_wt	WT	C2	ActD	STM	mock	0h	0	GAPDH	2024-07-22	rep1	23.4264581972498	0.0887041744933909	FALSE
C2_0h_ActD_STM_none_wt	WT	C2	ActD	STM	mock	0h	0	YTHDF2	2024-07-22	rep1	22.5176623855081	0.16653603658354	FALSE
C2_0h_ActD_STM_none_wt	WT	C2	ActD	STM	mock	0h	0	TDH1	2024-07-22	rep2	24.5651535657762	0.0402865069663475	FALSE
C2_0h_ActD_STM_none_wt	WT	C2	ActD	STM	mock	0h	0	mCherry	2024-07-22	rep2	17.2158381505351	6.56926168660988	FALSE
C2_0h_ActD_STM_none_wt	WT	C2	ActD	STM	mock	0h	0	Neon2	2024-07-22	rep2	18.9558069108856	1.96675973827549	FALSE
C2_0h_ActD_STM_none_wt	WT	C2	ActD	STM	mock	0h	0	TDH1	2024-07-22	rep3	23.9958825618492	0.0597789791307108	FALSE
C2_0h_ActD_STM_none_wt	WT	C2	ActD	STM	mock	0h	0	mCherry	2024-07-22	rep3	16.7395673432642	9.13956859718865	FALSE
C2_0h_ActD_STM_none_wt	WT	C2	ActD	STM	mock	0h	0	Neon2	2024-07-22	rep3	18.249662008727	3.20851688340016	FALSE
C2_1h_ActD_STM_none_wt	WT	C2	ActD	STM	mock	1h	1	TDH1	2024-07-22	rep1	23.6616690035255	0.0753657936896071	FALSE
C2_1h_ActD_STM_none_wt	WT	C2	ActD	STM	mock	1h	1	mCherry	2024-07-22	rep1	16.3745323467416	11.7701361555383	FALSE
C2_1h_ActD_STM_none_wt	WT	C2	ActD	STM	mock	1h	1	Neon2	2024-07-22	rep1	18.2929432777025	3.11370732375455	FALSE
C2_1h_ActD_STM_none_wt	WT	C2	ActD	STM	mock	1h	1	GAPDH	2024-07-22	rep1	22.1594857099907	0.214568595372145	FALSE
C2_1h_ActD_STM_none_wt	WT	C2	ActD	STM	mock	1h	1	YTHDF2	2024-07-22	rep1	21.3911874782116	0.36359415385962	FALSE
C2_1h_ActD_STM_none_wt	WT	C2	ActD	STM	mock	1h	1	TDH1	2024-07-22	rep2	24.4312643712975	0.0442065275073601	FALSE
C2_1h_ActD_STM_none_wt	WT	C2	ActD	STM	mock	1h	1	mCherry	2024-07-22	rep2	17.204794241862	6.62083495370664	FALSE
C2_1h_ActD_STM_none_wt	WT	C2	ActD	STM	mock	1h	1	Neon2	2024-07-22	rep2	19.2984452044963	1.55299849632467	FALSE
C2_1h_ActD_STM_none_wt	WT	C2	ActD	STM	mock	1h	1	TDH1	2024-07-22	rep3	24.0373203067349	0.0580828869808826	FALSE
C2_1h_ActD_STM_none_wt	WT	C2	ActD	STM	mock	1h	1	mCherry	2024-07-22	rep3	17.0654385546454	7.29471435036845	FALSE
C2_1h_ActD_STM_none_wt	WT	C2	ActD	STM	mock	1h	1	Neon2	2024-07-22	rep3	18.8685874778051	2.08932713920929	FALSE
C2_2h_ActD_STM_none_wt	WT	C2	ActD	STM	mock	2h	2	TDH1	2024-07-22	rep1	24.1842342352196	0.0524591276597166	FALSE
C2_2h_ActD_STM_none_wt	WT	C2	ActD	STM	mock	2h	2	mCherry	2024-07-22	rep1	17.0593958878586	7.32185511570854	FALSE
C2_2h_ActD_STM_none_wt	WT	C2	ActD	STM	mock	2h	2	Neon2	2024-07-22	rep1	19.4410217955028	1.40524332725235	FALSE
C2_2h_ActD_STM_none_wt	WT	C2	ActD	STM	mock	2h	2	GAPDH	2024-07-22	rep1	23.2103646198779	0.103035342652702	FALSE
C2_2h_ActD_STM_none_wt	WT	C2	ActD	STM	mock	2h	2	YTHDF2	2024-07-22	rep1	23.0243481061333	0.117214305899306	FALSE
C2_2h_ActD_STM_none_wt	WT	C2	ActD	STM	mock	2h	2	TDH1	2024-07-22	rep2	23.2534438460566	0.100003666835766	FALSE
C2_2h_ActD_STM_none_wt	WT	C2	ActD	STM	mock	2h	2	mCherry	2024-07-22	rep2	15.8481127213886	16.963156920545	FALSE
C2_2h_ActD_STM_none_wt	WT	C2	ActD	STM	mock	2h	2	Neon2	2024-07-22	rep2	18.1369024402056	3.46935602443547	FALSE
C2_2h_ActD_STM_none_wt	WT	C2	ActD	STM	mock	2h	2	TDH1	2024-07-22	rep3	23.6569249050689	0.0756113337773084	FALSE
C2_2h_ActD_STM_none_wt	WT	C2	ActD	STM	mock	2h	2	mCherry	2024-07-22	rep3	16.1388879557953	13.8669604884063	FALSE
C2_2h_ActD_STM_none_wt	WT	C2	ActD	STM	mock	2h	2	Neon2	2024-07-22	rep3	18.4827716236759	2.73028687682839	FALSE
C2_4h_ActD_STM_none_wt	WT	C2	ActD	STM	mock	4h	4	TDH1	2024-07-22	rep1	24.0018551609598	0.0595291114302885	FALSE
C2_4h_ActD_STM_none_wt	WT	C2	ActD	STM	mock	4h	4	mCherry	2024-07-22	rep1	17.0349576233106	7.4480441933037	FALSE
C2_4h_ActD_STM_none_wt	WT	C2	ActD	STM	mock	4h	4	Neon2	2024-07-22	rep1	19.4458460544161	1.40028779184069	FALSE
C2_4h_ActD_STM_none_wt	WT	C2	ActD	STM	mock	4h	4	GAPDH	2024-07-22	rep1	22.752209001154	0.141733267662787	FALSE
C2_4h_ActD_STM_none_wt	WT	C2	ActD	STM	mock	4h	4	YTHDF2	2024-07-22	rep1	23.2878604302021	0.0976462428968062	FALSE
C2_4h_ActD_STM_none_wt	WT	C2	ActD	STM	mock	4h	4	TDH1	2024-07-22	rep2	24.9562735052085	0.0307202560600738	FALSE
C2_4h_ActD_STM_none_wt	WT	C2	ActD	STM	mock	4h	4	mCherry	2024-07-22	rep2	17.5976162104939	5.04255319664841	FALSE
C2_4h_ActD_STM_none_wt	WT	C2	ActD	STM	mock	4h	4	Neon2	2024-07-22	rep2	20.3037711221134	0.772707275283556	FALSE
C2_4h_ActD_STM_none_wt	WT	C2	ActD	STM	mock	4h	4	TDH1	2024-07-22	rep3	24.5097051497212	0.0418642874818207	FALSE
C2_4h_ActD_STM_none_wt	WT	C2	ActD	STM	mock	4h	4	mCherry	2024-07-22	rep3	17.4301562033884	5.68226763961524	FALSE
C2_4h_ActD_STM_none_wt	WT	C2	ActD	STM	mock	4h	4	Neon2	2024-07-22	rep3	20.0191690106718	0.941090457820478	FALSE
C2_0h_ActD_mock_none_ELP1KO	ELP1 KO	C2	ActD	mock	mock	0h	0	TDH1	2024-07-22	rep1	23.3298637119321	0.0950023786199804	FALSE
C2_0h_ActD_mock_none_ELP1KO	ELP1 KO	C2	ActD	mock	mock	0h	0	mCherry	2024-07-22	rep1	18.1322004320872	3.48348596380793	FALSE
C2_0h_ActD_mock_none_ELP1KO	ELP1 KO	C2	ActD	mock	mock	0h	0	Neon2	2024-07-22	rep1	19.9833056464088	0.965170705219253	FALSE
C2_0h_ActD_mock_none_ELP1KO	ELP1 KO	C2	ActD	mock	mock	0h	0	GAPDH	2024-07-22	rep1	24.2346566689755	0.0506719655765945	FALSE
C2_0h_ActD_mock_none_ELP1KO	ELP1 KO	C2	ActD	mock	mock	0h	0	YTHDF2	2024-07-22	rep1	24.6457445031154	0.0381055647660624	FALSE
C2_0h_ActD_mock_none_ELP1KO	ELP1 KO	C2	ActD	mock	mock	0h	0	TDH1	2024-07-22	rep2	22.7393240225089	0.142839559623157	FALSE
C2_0h_ActD_mock_none_ELP1KO	ELP1 KO	C2	ActD	mock	mock	0h	0	mCherry	2024-07-22	rep2	16.9483177187718	7.90860784754135	FALSE
C2_0h_ActD_mock_none_ELP1KO	ELP1 KO	C2	ActD	mock	mock	0h	0	Neon2	2024-07-22	rep2	18.8604983446627	2.10834312726074	FALSE
C2_0h_ActD_mock_none_ELP1KO	ELP1 KO	C2	ActD	mock	mock	0h	0	GAPDH	2024-07-22	rep2	23.6625992245259	0.0753119531323152	FALSE
C2_0h_ActD_mock_none_ELP1KO	ELP1 KO	C2	ActD	mock	mock	0h	0	YTHDF2	2024-07-22	rep2	23.6190389145192	0.0789834583553044	FALSE
C2_0h_ActD_mock_none_ELP1KO	ELP1 KO	C2	ActD	mock	mock	0h	0	TDH1	2024-07-22	rep3	22.5754261837461	0.160695424499958	FALSE
C2_0h_ActD_mock_none_ELP1KO	ELP1 KO	C2	ActD	mock	mock	0h	0	mCherry	2024-07-22	rep3	17.6084138838318	5.00448319967804	FALSE
C2_0h_ActD_mock_none_ELP1KO	ELP1 KO	C2	ActD	mock	mock	0h	0	Neon2	2024-07-22	rep3	19.2281251519942	1.63070246063986	FALSE
C2_0h_ActD_mock_none_ELP1KO	ELP1 KO	C2	ActD	mock	mock	0h	0	GAPDH	2024-07-22	rep3	23.63800869468	0.0768502942331273	FALSE
C2_0h_ActD_mock_none_ELP1KO	ELP1 KO	C2	ActD	mock	mock	0h	0	YTHDF2	2024-07-22	rep3	23.9512753295129	0.0617572289113342	FALSE
C2_1h_ActD_mock_none_ELP1KO	ELP1 KO	C2	ActD	mock	mock	1h	1	TDH1	2024-07-22	rep1	22.2308673181838	0.203204297248672	FALSE
C2_1h_ActD_mock_none_ELP1KO	ELP1 KO	C2	ActD	mock	mock	1h	1	mCherry	2024-07-22	rep1	17.413488432128	5.72841088359601	FALSE
C2_1h_ActD_mock_none_ELP1KO	ELP1 KO	C2	ActD	mock	mock	1h	1	Neon2	2024-07-22	rep1	20.0001130671709	0.953621329164577	FALSE
C2_1h_ActD_mock_none_ELP1KO	ELP1 KO	C2	ActD	mock	mock	1h	1	GAPDH	2024-07-22	rep1	23.2811785642536	0.0981038660460525	FALSE
C2_1h_ActD_mock_none_ELP1KO	ELP1 KO	C2	ActD	mock	mock	1h	1	YTHDF2	2024-07-22	rep1	24.5827565012998	0.0398409655813135	FALSE
C2_1h_ActD_mock_none_ELP1KO	ELP1 KO	C2	ActD	mock	mock	1h	1	TDH1	2024-07-22	rep2	21.901105264506	0.255538019103843	FALSE
C2_1h_ActD_mock_none_ELP1KO	ELP1 KO	C2	ActD	mock	mock	1h	1	mCherry	2024-07-22	rep2	16.5938183082872	10.1102744891043	FALSE
C2_1h_ActD_mock_none_ELP1KO	ELP1 KO	C2	ActD	mock	mock	1h	1	Neon2	2024-07-22	rep2	19.4173106466303	1.42887584795806	FALSE
C2_1h_ActD_mock_none_ELP1KO	ELP1 KO	C2	ActD	mock	mock	1h	1	GAPDH	2024-07-22	rep2	22.8695835232066	0.130505776268171	FALSE
C2_1h_ActD_mock_none_ELP1KO	ELP1 KO	C2	ActD	mock	mock	1h	1	YTHDF2	2024-07-22	rep2	24.0918382821269	0.0560047846073575	FALSE
C2_1h_ActD_mock_none_ELP1KO	ELP1 KO	C2	ActD	mock	mock	1h	1	TDH1	2024-07-22	rep3	21.6157676192164	0.311214715221189	FALSE
C2_1h_ActD_mock_none_ELP1KO	ELP1 KO	C2	ActD	mock	mock	1h	1	mCherry	2024-07-22	rep3	16.7263058822142	9.22459005939316	FALSE
C2_1h_ActD_mock_none_ELP1KO	ELP1 KO	C2	ActD	mock	mock	1h	1	Neon2	2024-07-22	rep3	19.4455182725731	1.40103914137904	FALSE
C2_1h_ActD_mock_none_ELP1KO	ELP1 KO	C2	ActD	mock	mock	1h	1	GAPDH	2024-07-22	rep3	22.8582106882098	0.131523306060673	FALSE
C2_1h_ActD_mock_none_ELP1KO	ELP1 KO	C2	ActD	mock	mock	1h	1	YTHDF2	2024-07-22	rep3	23.9625287142239	0.0612109293378966	FALSE
C2_2h_ActD_mock_none_ELP1KO	ELP1 KO	C2	ActD	mock	mock	2h	2	TDH1	2024-07-22	rep1	22.1060008015008	0.221700638949999	FALSE
C2_2h_ActD_mock_none_ELP1KO	ELP1 KO	C2	ActD	mock	mock	2h	2	mCherry	2024-07-22	rep1	18.046011488539	3.69508615388337	FALSE
C2_2h_ActD_mock_none_ELP1KO	ELP1 KO	C2	ActD	mock	mock	2h	2	Neon2	2024-07-22	rep1	20.952412817107	0.492842641824035	FALSE
C2_2h_ActD_mock_none_ELP1KO	ELP1 KO	C2	ActD	mock	mock	2h	2	GAPDH	2024-07-22	rep1	22.9827270864905	0.120645122897925	FALSE
C2_2h_ActD_mock_none_ELP1KO	ELP1 KO	C2	ActD	mock	mock	2h	2	YTHDF2	2024-07-22	rep1	25.1847339337864	0.0262287227629728	FALSE
C2_2h_ActD_mock_none_ELP1KO	ELP1 KO	C2	ActD	mock	mock	2h	2	TDH1	2024-07-22	rep2	22.1837744339806	0.210559303483242	FALSE
C2_2h_ActD_mock_none_ELP1KO	ELP1 KO	C2	ActD	mock	mock	2h	2	mCherry	2024-07-22	rep2	17.8547725095389	4.21878812857792	FALSE
C2_2h_ActD_mock_none_ELP1KO	ELP1 KO	C2	ActD	mock	mock	2h	2	Neon2	2024-07-22	rep2	20.8656421862221	0.523383194909405	FALSE
C2_2h_ActD_mock_none_ELP1KO	ELP1 KO	C2	ActD	mock	mock	2h	2	GAPDH	2024-07-22	rep2	23.1653825210947	0.106298214379248	FALSE
C2_2h_ActD_mock_none_ELP1KO	ELP1 KO	C2	ActD	mock	mock	2h	2	YTHDF2	2024-07-22	rep2	24.8486658063533	0.0330991798332132	FALSE
C2_2h_ActD_mock_none_ELP1KO	ELP1 KO	C2	ActD	mock	mock	2h	2	TDH1	2024-07-22	rep3	21.5889823307431	0.31739414363399	FALSE
C2_2h_ActD_mock_none_ELP1KO	ELP1 KO	C2	ActD	mock	mock	2h	2	mCherry	2024-07-22	rep3	17.3397065099655	6.02909765503301	FALSE
C2_2h_ActD_mock_none_ELP1KO	ELP1 KO	C2	ActD	mock	mock	2h	2	Neon2	2024-07-22	rep3	20.2951991027624	0.777210262381188	FALSE
C2_2h_ActD_mock_none_ELP1KO	ELP1 KO	C2	ActD	mock	mock	2h	2	GAPDH	2024-07-22	rep3	23.1474148819715	0.107630137901472	FALSE
C2_2h_ActD_mock_none_ELP1KO	ELP1 KO	C2	ActD	mock	mock	2h	2	YTHDF2	2024-07-22	rep3	24.2789377023524	0.049414471567797	FALSE
C2_4h_ActD_mock_none_ELP1KO	ELP1 KO	C2	ActD	mock	mock	4h	4	TDH1	2024-07-22	rep1	22.1390445612981	0.217830012902031	FALSE
C2_4h_ActD_mock_none_ELP1KO	ELP1 KO	C2	ActD	mock	mock	4h	4	mCherry	2024-07-22	rep1	18.8334294436162	2.14082194919736	FALSE
C2_4h_ActD_mock_none_ELP1KO	ELP1 KO	C2	ActD	mock	mock	4h	4	Neon2	2024-07-22	rep1	21.95280317011	0.246377901478708	FALSE
C2_4h_ActD_mock_none_ELP1KO	ELP1 KO	C2	ActD	mock	mock	4h	4	GAPDH	2024-07-22	rep1	23.7275209135785	0.0720066219571484	FALSE
C2_4h_ActD_mock_none_ELP1KO	ELP1 KO	C2	ActD	mock	mock	4h	4	YTHDF2	2024-07-22	rep1	25.4370744557891	0.0220833761709878	FALSE
C2_4h_ActD_mock_none_ELP1KO	ELP1 KO	C2	ActD	mock	mock	4h	4	TDH1	2024-07-22	rep2	21.3947242066484	0.363187756630453	FALSE
C2_4h_ActD_mock_none_ELP1KO	ELP1 KO	C2	ActD	mock	mock	4h	4	mCherry	2024-07-22	rep2	17.0379088920859	7.4316008658369	FALSE
C2_4h_ActD_mock_none_ELP1KO	ELP1 KO	C2	ActD	mock	mock	4h	4	Neon2	2024-07-22	rep2	20.4398576255657	0.703061093697619	FALSE
C2_4h_ActD_mock_none_ELP1KO	ELP1 KO	C2	ActD	mock	mock	4h	4	GAPDH	2024-07-22	rep2	22.8133513715202	0.135674453511631	FALSE
C2_4h_ActD_mock_none_ELP1KO	ELP1 KO	C2	ActD	mock	mock	4h	4	YTHDF2	2024-07-22	rep2	24.5395439638018	0.0410582192111336	FALSE
C2_4h_ActD_mock_none_ELP1KO	ELP1 KO	C2	ActD	mock	mock	4h	4	TDH1	2024-07-22	rep3	22.037756355821	0.232286965118897	FALSE
C2_4h_ActD_mock_none_ELP1KO	ELP1 KO	C2	ActD	mock	mock	4h	4	mCherry	2024-07-22	rep3	18.9956529978093	1.91310768841865	FALSE
C2_4h_ActD_mock_none_ELP1KO	ELP1 KO	C2	ActD	mock	mock	4h	4	Neon2	2024-07-22	rep3	22.1510873575097	0.214721496409464	FALSE
C2_4h_ActD_mock_none_ELP1KO	ELP1 KO	C2	ActD	mock	mock	4h	4	GAPDH	2024-07-22	rep3	23.6339587890082	0.0768228710703503	FALSE
C2_4h_ActD_mock_none_ELP1KO	ELP1 KO	C2	ActD	mock	mock	4h	4	YTHDF2	2024-07-22	rep3	25.6785885212422	0.0186326921394193	FALSE
C2_0h_ActD_STM_none_ELP1KO	ELP1 KO	C2	ActD	STM	mock	0h	0	TDH1	2024-07-22	rep1	21.9524000104855	0.24730181837637	FALSE
C2_0h_ActD_STM_none_ELP1KO	ELP1 KO	C2	ActD	STM	mock	0h	0	mCherry	2024-07-22	rep1	16.8774515787323	8.33838852672571	FALSE
C2_0h_ActD_STM_none_ELP1KO	ELP1 KO	C2	ActD	STM	mock	0h	0	Neon2	2024-07-22	rep1	19.2682984590069	1.58543277383929	FALSE
C2_0h_ActD_STM_none_ELP1KO	ELP1 KO	C2	ActD	STM	mock	0h	0	GAPDH	2024-07-22	rep1	22.0171814580918	0.236079357442569	FALSE
C2_0h_ActD_STM_none_ELP1KO	ELP1 KO	C2	ActD	STM	mock	0h	0	YTHDF2	2024-07-22	rep1	21.4096048064472	0.358977233638086	FALSE
C2_0h_ActD_STM_none_ELP1KO	ELP1 KO	C2	ActD	STM	mock	0h	0	TDH1	2024-07-22	rep2	21.6151502869966	0.311309268091786	FALSE
C2_0h_ActD_STM_none_ELP1KO	ELP1 KO	C2	ActD	STM	mock	0h	0	mCherry	2024-07-22	rep2	16.8677067828598	8.36208487354976	FALSE
C2_0h_ActD_STM_none_ELP1KO	ELP1 KO	C2	ActD	STM	mock	0h	0	Neon2	2024-07-22	rep2	18.9638107405853	1.95641791199063	FALSE
C2_0h_ActD_STM_none_ELP1KO	ELP1 KO	C2	ActD	STM	mock	0h	0	GAPDH	2024-07-22	rep2	21.3711782821164	0.371483499388732	FALSE
C2_0h_ActD_STM_none_ELP1KO	ELP1 KO	C2	ActD	STM	mock	0h	0	YTHDF2	2024-07-22	rep2	21.3074372762686	0.38532068708903	FALSE
C2_0h_ActD_STM_none_ELP1KO	ELP1 KO	C2	ActD	STM	mock	0h	0	TDH1	2024-07-22	rep3	22.4359271310579	0.176360356669501	FALSE
C2_0h_ActD_STM_none_ELP1KO	ELP1 KO	C2	ActD	STM	mock	0h	0	mCherry	2024-07-22	rep3	17.1226463761511	7.00789840998968	FALSE
C2_0h_ActD_STM_none_ELP1KO	ELP1 KO	C2	ActD	STM	mock	0h	0	Neon2	2024-07-22	rep3	19.2364150649851	1.62064106672764	FALSE
C2_0h_ActD_STM_none_ELP1KO	ELP1 KO	C2	ActD	STM	mock	0h	0	GAPDH	2024-07-22	rep3	21.5350268705511	0.329184189969291	FALSE
C2_0h_ActD_STM_none_ELP1KO	ELP1 KO	C2	ActD	STM	mock	0h	0	YTHDF2	2024-07-22	rep3	21.7817718117741	0.28009723145973	FALSE
C2_1h_ActD_STM_none_ELP1KO	ELP1 KO	C2	ActD	STM	mock	1h	1	TDH1	2024-07-22	rep1	22.9446737709242	0.123890418228861	FALSE
C2_1h_ActD_STM_none_ELP1KO	ELP1 KO	C2	ActD	STM	mock	1h	1	mCherry	2024-07-22	rep1	17.639180650329	4.90327000651765	FALSE
C2_1h_ActD_STM_none_ELP1KO	ELP1 KO	C2	ActD	STM	mock	1h	1	Neon2	2024-07-22	rep1	20.0427728294927	0.929898561185165	FALSE
C2_1h_ActD_STM_none_ELP1KO	ELP1 KO	C2	ActD	STM	mock	1h	1	GAPDH	2024-07-22	rep1	21.4740409635731	0.343298534069051	FALSE
C2_1h_ActD_STM_none_ELP1KO	ELP1 KO	C2	ActD	STM	mock	1h	1	YTHDF2	2024-07-22	rep1	21.4407017938026	0.351342177193165	FALSE
C2_1h_ActD_STM_none_ELP1KO	ELP1 KO	C2	ActD	STM	mock	1h	1	TDH1	2024-07-22	rep2	22.7813093859037	0.139674207369403	FALSE
C2_1h_ActD_STM_none_ELP1KO	ELP1 KO	C2	ActD	STM	mock	1h	1	mCherry	2024-07-22	rep2	18.0000669607374	3.82684485385071	FALSE
C2_1h_ActD_STM_none_ELP1KO	ELP1 KO	C2	ActD	STM	mock	1h	1	Neon2	2024-07-22	rep2	20.1335314915188	0.869927688679993	FALSE
C2_1h_ActD_STM_none_ELP1KO	ELP1 KO	C2	ActD	STM	mock	1h	1	GAPDH	2024-07-22	rep2	22.2705196930154	0.19765466087121	FALSE
C2_1h_ActD_STM_none_ELP1KO	ELP1 KO	C2	ActD	STM	mock	1h	1	YTHDF2	2024-07-22	rep2	22.2623226464906	0.200493824439872	FALSE
C2_1h_ActD_STM_none_ELP1KO	ELP1 KO	C2	ActD	STM	mock	1h	1	TDH1	2024-07-22	rep3	21.7330570110241	0.28687924906979	FALSE
C2_1h_ActD_STM_none_ELP1KO	ELP1 KO	C2	ActD	STM	mock	1h	1	mCherry	2024-07-22	rep3	16.7419841593768	9.12588129834027	FALSE
C2_1h_ActD_STM_none_ELP1KO	ELP1 KO	C2	ActD	STM	mock	1h	1	Neon2	2024-07-22	rep3	19.2771350492306	1.57405596466137	FALSE
C2_1h_ActD_STM_none_ELP1KO	ELP1 KO	C2	ActD	STM	mock	1h	1	GAPDH	2024-07-22	rep3	21.3414015437668	0.376361839542761	FALSE
C2_1h_ActD_STM_none_ELP1KO	ELP1 KO	C2	ActD	STM	mock	1h	1	YTHDF2	2024-07-22	rep3	21.5280152018781	0.330756944405717	FALSE
C2_2h_ActD_STM_none_ELP1KO	ELP1 KO	C2	ActD	STM	mock	2h	2	TDH1	2024-07-22	rep1	22.2353316911018	0.202610328427172	FALSE
C2_2h_ActD_STM_none_ELP1KO	ELP1 KO	C2	ActD	STM	mock	2h	2	mCherry	2024-07-22	rep1	17.5654197590608	5.15564904268676	FALSE
C2_2h_ActD_STM_none_ELP1KO	ELP1 KO	C2	ActD	STM	mock	2h	2	Neon2	2024-07-22	rep1	19.920302668525	1.0078957916181	FALSE
C2_2h_ActD_STM_none_ELP1KO	ELP1 KO	C2	ActD	STM	mock	2h	2	GAPDH	2024-07-22	rep1	22.1405407245834	0.216288348526137	FALSE
C2_2h_ActD_STM_none_ELP1KO	ELP1 KO	C2	ActD	STM	mock	2h	2	YTHDF2	2024-07-22	rep1	22.8313515389324	0.134014398969462	FALSE
C2_2h_ActD_STM_none_ELP1KO	ELP1 KO	C2	ActD	STM	mock	2h	2	TDH1	2024-07-22	rep2	22.6966783029102	0.147103672708985	FALSE
C2_2h_ActD_STM_none_ELP1KO	ELP1 KO	C2	ActD	STM	mock	2h	2	mCherry	2024-07-22	rep2	17.6523143057349	4.85443164658892	FALSE
C2_2h_ActD_STM_none_ELP1KO	ELP1 KO	C2	ActD	STM	mock	2h	2	Neon2	2024-07-22	rep2	20.1940357167723	0.834647502291118	FALSE
C2_2h_ActD_STM_none_ELP1KO	ELP1 KO	C2	ActD	STM	mock	2h	2	GAPDH	2024-07-22	rep2	22.27466535503	0.197090338740935	FALSE
C2_2h_ActD_STM_none_ELP1KO	ELP1 KO	C2	ActD	STM	mock	2h	2	YTHDF2	2024-07-22	rep2	22.7102365433905	0.145958760266455	FALSE
C2_2h_ActD_STM_none_ELP1KO	ELP1 KO	C2	ActD	STM	mock	2h	2	TDH1	2024-07-22	rep3	22.5043272360654	0.168157588678509	FALSE
C2_2h_ActD_STM_none_ELP1KO	ELP1 KO	C2	ActD	STM	mock	2h	2	mCherry	2024-07-22	rep3	18.5120129268449	2.69647609195986	FALSE
C2_2h_ActD_STM_none_ELP1KO	ELP1 KO	C2	ActD	STM	mock	2h	2	Neon2	2024-07-22	rep3	20.8342870620283	0.534879334112116	FALSE
C2_2h_ActD_STM_none_ELP1KO	ELP1 KO	C2	ActD	STM	mock	2h	2	GAPDH	2024-07-22	rep3	22.3532637058497	0.186638308935589	FALSE
C2_2h_ActD_STM_none_ELP1KO	ELP1 KO	C2	ActD	STM	mock	2h	2	YTHDF2	2024-07-22	rep3	23.2984583180701	0.0969687515645573	FALSE
C2_4h_ActD_STM_none_ELP1KO	ELP1 KO	C2	ActD	STM	mock	4h	4	TDH1	2024-07-22	rep1	22.8582156277974	0.131708021148957	FALSE
C2_4h_ActD_STM_none_ELP1KO	ELP1 KO	C2	ActD	STM	mock	4h	4	mCherry	2024-07-22	rep1	18.039790561832	3.71097292187143	FALSE
C2_4h_ActD_STM_none_ELP1KO	ELP1 KO	C2	ActD	STM	mock	4h	4	Neon2	2024-07-22	rep1	20.8779469723169	0.52305693284813	FALSE
C2_4h_ActD_STM_none_ELP1KO	ELP1 KO	C2	ActD	STM	mock	4h	4	GAPDH	2024-07-22	rep1	21.937060024947	0.249052564918977	FALSE
C2_4h_ActD_STM_none_ELP1KO	ELP1 KO	C2	ActD	STM	mock	4h	4	YTHDF2	2024-07-22	rep1	22.5737475962222	0.160291264799805	FALSE
C2_4h_ActD_STM_none_ELP1KO	ELP1 KO	C2	ActD	STM	mock	4h	4	TDH1	2024-07-22	rep2	22.9875669161097	0.120241262899781	FALSE
C2_4h_ActD_STM_none_ELP1KO	ELP1 KO	C2	ActD	STM	mock	4h	4	mCherry	2024-07-22	rep2	18.3532204670033	2.98639107604595	FALSE
C2_4h_ActD_STM_none_ELP1KO	ELP1 KO	C2	ActD	STM	mock	4h	4	Neon2	2024-07-22	rep2	20.7714643483454	0.558689918310412	FALSE
C2_4h_ActD_STM_none_ELP1KO	ELP1 KO	C2	ActD	STM	mock	4h	4	GAPDH	2024-07-22	rep2	22.1283797977254	0.21813825398575	FALSE
C2_4h_ActD_STM_none_ELP1KO	ELP1 KO	C2	ActD	STM	mock	4h	4	YTHDF2	2024-07-22	rep2	23.3539565743814	0.0932812951966162	FALSE
C2_4h_ActD_STM_none_ELP1KO	ELP1 KO	C2	ActD	STM	mock	4h	4	TDH1	2024-07-22	rep3	22.6665273864819	0.15020893620877	FALSE
C2_4h_ActD_STM_none_ELP1KO	ELP1 KO	C2	ActD	STM	mock	4h	4	mCherry	2024-07-22	rep3	18.1413817312686	3.46075559631638	FALSE
C2_4h_ActD_STM_none_ELP1KO	ELP1 KO	C2	ActD	STM	mock	4h	4	Neon2	2024-07-22	rep3	20.7906701831946	0.552014759727899	FALSE
C2_4h_ActD_STM_none_ELP1KO	ELP1 KO	C2	ActD	STM	mock	4h	4	GAPDH	2024-07-22	rep3	22.0749356823224	0.226353680295503	FALSE
C2_4h_ActD_STM_none_ELP1KO	ELP1 KO	C2	ActD	STM	mock	4h	4	YTHDF2	2024-07-22	rep3	24.0279557152403	0.0584978785161726	FALSE
C2_1h_ActD_mock_EM_ELP1KO	ELP1 KO	C2	ActD	mock	EM	1h	1	TDH1	2024-07-22	rep1	22.0691458756224	0.227434087202338	FALSE
C2_1h_ActD_mock_EM_ELP1KO	ELP1 KO	C2	ActD	mock	EM	1h	1	mCherry	2024-07-22	rep1	17.5720987089135	5.13234456854029	FALSE
C2_1h_ActD_mock_EM_ELP1KO	ELP1 KO	C2	ActD	mock	EM	1h	1	Neon2	2024-07-22	rep1	18.9007773919274	2.04323003294179	FALSE
C2_1h_ActD_mock_EM_ELP1KO	ELP1 KO	C2	ActD	mock	EM	1h	1	GAPDH	2024-07-22	rep1	23.1181194965931	0.109838135222989	FALSE
C2_1h_ActD_mock_EM_ELP1KO	ELP1 KO	C2	ActD	mock	EM	1h	1	YTHDF2	2024-07-22	rep1	23.8040819541071	0.0683609424081219	FALSE
C2_1h_ActD_mock_EM_ELP1KO	ELP1 KO	C2	ActD	mock	EM	1h	1	TDH1	2024-07-22	rep2	21.6553380026323	0.3032535960139	FALSE
C2_1h_ActD_mock_EM_ELP1KO	ELP1 KO	C2	ActD	mock	EM	1h	1	mCherry	2024-07-22	rep2	16.9156525078501	8.0888119347597	FALSE
C2_1h_ActD_mock_EM_ELP1KO	ELP1 KO	C2	ActD	mock	EM	1h	1	Neon2	2024-07-22	rep2	18.2562930527719	3.19445097876375	FALSE
C2_1h_ActD_mock_EM_ELP1KO	ELP1 KO	C2	ActD	mock	EM	1h	1	GAPDH	2024-07-22	rep2	22.406685439892	0.179856928369135	FALSE
C2_1h_ActD_mock_EM_ELP1KO	ELP1 KO	C2	ActD	mock	EM	1h	1	YTHDF2	2024-07-22	rep2	23.257251064568	0.0997768509285265	FALSE
C2_1h_ActD_mock_EM_ELP1KO	ELP1 KO	C2	ActD	mock	EM	1h	1	TDH1	2024-07-22	rep3	21.4041817880849	0.360399957308556	FALSE
C2_1h_ActD_mock_EM_ELP1KO	ELP1 KO	C2	ActD	mock	EM	1h	1	mCherry	2024-07-22	rep3	16.9388225708723	7.96144319007029	FALSE
C2_1h_ActD_mock_EM_ELP1KO	ELP1 KO	C2	ActD	mock	EM	1h	1	Neon2	2024-07-22	rep3	18.8833222746124	2.06803622283095	FALSE
C2_1h_ActD_mock_EM_ELP1KO	ELP1 KO	C2	ActD	mock	EM	1h	1	GAPDH	2024-07-22	rep3	22.3157412670285	0.191607431155162	FALSE
C2_1h_ActD_mock_EM_ELP1KO	ELP1 KO	C2	ActD	mock	EM	1h	1	YTHDF2	2024-07-22	rep3	23.1437980335899	0.107928519205055	FALSE
C2_2h_ActD_mock_EM_ELP1KO	ELP1 KO	C2	ActD	mock	EM	2h	2	TDH1	2024-07-22	rep1	22.0696217783781	0.227187996909089	FALSE
C2_2h_ActD_mock_EM_ELP1KO	ELP1 KO	C2	ActD	mock	EM	2h	2	mCherry	2024-07-22	rep1	18.3076474638634	3.08275378711814	FALSE
C2_2h_ActD_mock_EM_ELP1KO	ELP1 KO	C2	ActD	mock	EM	2h	2	Neon2	2024-07-22	rep1	19.9835719350821	0.965631658572033	FALSE
C2_2h_ActD_mock_EM_ELP1KO	ELP1 KO	C2	ActD	mock	EM	2h	2	GAPDH	2024-07-22	rep1	23.4528883036712	0.0871071878040279	FALSE
C2_2h_ActD_mock_EM_ELP1KO	ELP1 KO	C2	ActD	mock	EM	2h	2	YTHDF2	2024-07-22	rep1	24.368687672774	0.046217443055194	FALSE
C2_2h_ActD_mock_EM_ELP1KO	ELP1 KO	C2	ActD	mock	EM	2h	2	TDH1	2024-07-22	rep2	21.9714516957871	0.243939887022058	FALSE
C2_2h_ActD_mock_EM_ELP1KO	ELP1 KO	C2	ActD	mock	EM	2h	2	mCherry	2024-07-22	rep2	18.147899512371	3.44404656246541	FALSE
C2_2h_ActD_mock_EM_ELP1KO	ELP1 KO	C2	ActD	mock	EM	2h	2	Neon2	2024-07-22	rep2	19.4502466066829	1.3983514520696	FALSE
C2_2h_ActD_mock_EM_ELP1KO	ELP1 KO	C2	ActD	mock	EM	2h	2	GAPDH	2024-07-22	rep2	23.4652314173508	0.086352288521907	FALSE
C2_2h_ActD_mock_EM_ELP1KO	ELP1 KO	C2	ActD	mock	EM	2h	2	YTHDF2	2024-07-22	rep2	24.2875710236181	0.0489980633106894	FALSE
C2_2h_ActD_mock_EM_ELP1KO	ELP1 KO	C2	ActD	mock	EM	2h	2	TDH1	2024-07-22	rep3	21.8629655816989	0.262190455652752	FALSE
C2_2h_ActD_mock_EM_ELP1KO	ELP1 KO	C2	ActD	mock	EM	2h	2	mCherry	2024-07-22	rep3	18.7381085701226	2.2871916567657	FALSE
C2_2h_ActD_mock_EM_ELP1KO	ELP1 KO	C2	ActD	mock	EM	2h	2	Neon2	2024-07-22	rep3	20.0186010985331	0.941460389857667	FALSE
C2_2h_ActD_mock_EM_ELP1KO	ELP1 KO	C2	ActD	mock	EM	2h	2	GAPDH	2024-07-22	rep3	23.3862959984367	0.0912090944690814	FALSE
C2_2h_ActD_mock_EM_ELP1KO	ELP1 KO	C2	ActD	mock	EM	2h	2	YTHDF2	2024-07-22	rep3	24.2933771074519	0.0486780829711032	FALSE
C2_4h_ActD_mock_EM_ELP1KO	ELP1 KO	C2	ActD	mock	EM	4h	4	TDH1	2024-07-22	rep1	21.3757198134553	0.367509261864789	FALSE
C2_4h_ActD_mock_EM_ELP1KO	ELP1 KO	C2	ActD	mock	EM	4h	4	mCherry	2024-07-22	rep1	18.4958691528596	2.71156439056395	FALSE
C2_4h_ActD_mock_EM_ELP1KO	ELP1 KO	C2	ActD	mock	EM	4h	4	Neon2	2024-07-22	rep1	20.2782063839175	0.786955839295554	FALSE
C2_4h_ActD_mock_EM_ELP1KO	ELP1 KO	C2	ActD	mock	EM	4h	4	GAPDH	2024-07-22	rep1	24.0950753716394	0.0558037989290755	FALSE
C2_4h_ActD_mock_EM_ELP1KO	ELP1 KO	C2	ActD	mock	EM	4h	4	YTHDF2	2024-07-22	rep1	24.6596277236984	0.0377804153597921	FALSE
C2_4h_ActD_mock_EM_ELP1KO	ELP1 KO	C2	ActD	mock	EM	4h	4	TDH1	2024-07-22	rep2	20.8643446865065	0.523982504041507	FALSE
C2_4h_ActD_mock_EM_ELP1KO	ELP1 KO	C2	ActD	mock	EM	4h	4	mCherry	2024-07-22	rep2	17.3822956888757	5.85633523678797	FALSE
C2_4h_ActD_mock_EM_ELP1KO	ELP1 KO	C2	ActD	mock	EM	4h	4	Neon2	2024-07-22	rep2	19.0271956934767	1.87173071092677	FALSE
C2_4h_ActD_mock_EM_ELP1KO	ELP1 KO	C2	ActD	mock	EM	4h	4	GAPDH	2024-07-22	rep2	23.4161579858847	0.0893426589531601	FALSE
C2_4h_ActD_mock_EM_ELP1KO	ELP1 KO	C2	ActD	mock	EM	4h	4	YTHDF2	2024-07-22	rep2	23.8005709704465	0.0685097631429941	FALSE
C2_4h_ActD_mock_EM_ELP1KO	ELP1 KO	C2	ActD	mock	EM	4h	4	TDH1	2024-07-22	rep3	21.6457903420772	0.304786612670554	FALSE
C2_4h_ActD_mock_EM_ELP1KO	ELP1 KO	C2	ActD	mock	EM	4h	4	mCherry	2024-07-22	rep3	18.4004532198804	2.89051999673961	FALSE
C2_4h_ActD_mock_EM_ELP1KO	ELP1 KO	C2	ActD	mock	EM	4h	4	Neon2	2024-07-22	rep3	20.3621637716114	0.74220357209315	FALSE
C2_4h_ActD_mock_EM_ELP1KO	ELP1 KO	C2	ActD	mock	EM	4h	4	GAPDH	2024-07-22	rep3	24.3740161708061	0.0459980423368888	FALSE
C2_4h_ActD_mock_EM_ELP1KO	ELP1 KO	C2	ActD	mock	EM	4h	4	YTHDF2	2024-07-22	rep3	24.1866230730131	0.0525062568837458	FALSE
C2_1h_ActD_STM_EM_ELP1KO	ELP1 KO	C2	ActD	STM	EM	1h	1	TDH1	2024-07-22	rep1	21.4959313131766	0.340608344761335	FALSE
C2_1h_ActD_STM_EM_ELP1KO	ELP1 KO	C2	ActD	STM	EM	1h	1	mCherry	2024-07-22	rep1	16.6833520884041	9.5041881655134	FALSE
C2_1h_ActD_STM_EM_ELP1KO	ELP1 KO	C2	ActD	STM	EM	1h	1	Neon2	2024-07-22	rep1	19.0354823581376	1.86106321306353	FALSE
C2_1h_ActD_STM_EM_ELP1KO	ELP1 KO	C2	ActD	STM	EM	1h	1	GAPDH	2024-07-22	rep1	20.662279998887	0.602635815483762	FALSE
C2_1h_ActD_STM_EM_ELP1KO	ELP1 KO	C2	ActD	STM	EM	1h	1	YTHDF2	2024-07-22	rep1	21.0086501408532	0.480462316420302	FALSE
C2_1h_ActD_STM_EM_ELP1KO	ELP1 KO	C2	ActD	STM	EM	1h	1	TDH1	2024-07-22	rep2	22.1948785651962	0.208610977990553	FALSE
C2_1h_ActD_STM_EM_ELP1KO	ELP1 KO	C2	ActD	STM	EM	1h	1	mCherry	2024-07-22	rep2	17.1489717342634	6.88112919431595	FALSE
C2_1h_ActD_STM_EM_ELP1KO	ELP1 KO	C2	ActD	STM	EM	1h	1	Neon2	2024-07-22	rep2	19.7769281279151	1.1132434573269	FALSE
C2_1h_ActD_STM_EM_ELP1KO	ELP1 KO	C2	ActD	STM	EM	1h	1	GAPDH	2024-07-22	rep2	22.4024893061062	0.180442868228314	FALSE
C2_1h_ActD_STM_EM_ELP1KO	ELP1 KO	C2	ActD	STM	EM	1h	1	YTHDF2	2024-07-22	rep2	22.2487129520124	0.200668878791593	FALSE
C2_1h_ActD_STM_EM_ELP1KO	ELP1 KO	C2	ActD	STM	EM	1h	1	TDH1	2024-07-22	rep3	21.254980104955	0.399591288091444	FALSE
C2_1h_ActD_STM_EM_ELP1KO	ELP1 KO	C2	ActD	STM	EM	1h	1	mCherry	2024-07-22	rep3	16.4976442868941	10.8103935604818	FALSE
C2_1h_ActD_STM_EM_ELP1KO	ELP1 KO	C2	ActD	STM	EM	1h	1	Neon2	2024-07-22	rep3	18.6677953716995	2.40126050358971	FALSE
C2_1h_ActD_STM_EM_ELP1KO	ELP1 KO	C2	ActD	STM	EM	1h	1	GAPDH	2024-07-22	rep3	20.6538472394483	0.606193126778345	FALSE
C2_1h_ActD_STM_EM_ELP1KO	ELP1 KO	C2	ActD	STM	EM	1h	1	YTHDF2	2024-07-22	rep3	21.2069243056933	0.413549143084621	FALSE
C2_2h_ActD_STM_EM_ELP1KO	ELP1 KO	C2	ActD	STM	EM	2h	2	TDH1	2024-07-22	rep1	21.5269155183823	0.330971460040769	FALSE
C2_2h_ActD_STM_EM_ELP1KO	ELP1 KO	C2	ActD	STM	EM	2h	2	mCherry	2024-07-22	rep1	17.0051658465976	7.60765656670375	FALSE
C2_2h_ActD_STM_EM_ELP1KO	ELP1 KO	C2	ActD	STM	EM	2h	2	Neon2	2024-07-22	rep1	19.2451545502331	1.60952212434052	FALSE
C2_2h_ActD_STM_EM_ELP1KO	ELP1 KO	C2	ActD	STM	EM	2h	2	GAPDH	2024-07-22	rep1	21.1496110499635	0.430035679126763	FALSE
C2_2h_ActD_STM_EM_ELP1KO	ELP1 KO	C2	ActD	STM	EM	2h	2	YTHDF2	2024-07-22	rep1	21.5877968291574	0.319655382027124	FALSE
C2_2h_ActD_STM_EM_ELP1KO	ELP1 KO	C2	ActD	STM	EM	2h	2	TDH1	2024-07-22	rep2	21.7340493879981	0.286681296625033	FALSE
C2_2h_ActD_STM_EM_ELP1KO	ELP1 KO	C2	ActD	STM	EM	2h	2	mCherry	2024-07-22	rep2	16.8939062275706	8.21509488067277	FALSE
C2_2h_ActD_STM_EM_ELP1KO	ELP1 KO	C2	ActD	STM	EM	2h	2	Neon2	2024-07-22	rep2	19.198049028498	1.68679037040203	FALSE
C2_2h_ActD_STM_EM_ELP1KO	ELP1 KO	C2	ActD	STM	EM	2h	2	GAPDH	2024-07-22	rep2	20.6728930165771	0.599347397410635	FALSE
C2_2h_ActD_STM_EM_ELP1KO	ELP1 KO	C2	ActD	STM	EM	2h	2	YTHDF2	2024-07-22	rep2	21.6345908051273	0.309881077148967	FALSE
C2_2h_ActD_STM_EM_ELP1KO	ELP1 KO	C2	ActD	STM	EM	2h	2	TDH1	2024-07-22	rep3	22.5338275366333	0.164709360263806	FALSE
C2_2h_ActD_STM_EM_ELP1KO	ELP1 KO	C2	ActD	STM	EM	2h	2	mCherry	2024-07-22	rep3	17.8130904432137	4.34238187285596	FALSE
C2_2h_ActD_STM_EM_ELP1KO	ELP1 KO	C2	ActD	STM	EM	2h	2	Neon2	2024-07-22	rep3	19.9373433933411	0.996006333810812	FALSE
C2_2h_ActD_STM_EM_ELP1KO	ELP1 KO	C2	ActD	STM	EM	2h	2	GAPDH	2024-07-22	rep3	22.144195015968	0.215762573164974	FALSE
C2_2h_ActD_STM_EM_ELP1KO	ELP1 KO	C2	ActD	STM	EM	2h	2	YTHDF2	2024-07-22	rep3	22.4105664151046	0.179795028895211	FALSE
C2_4h_ActD_STM_EM_ELP1KO	ELP1 KO	C2	ActD	STM	EM	4h	4	TDH1	2024-07-22	rep1	22.1886059508073	0.209739639126818	FALSE
C2_4h_ActD_STM_EM_ELP1KO	ELP1 KO	C2	ActD	STM	EM	4h	4	mCherry	2024-07-22	rep1	17.4325486266375	5.65305692581422	FALSE
C2_4h_ActD_STM_EM_ELP1KO	ELP1 KO	C2	ActD	STM	EM	4h	4	Neon2	2024-07-22	rep1	19.934937031989	0.997704162512447	FALSE
C2_4h_ActD_STM_EM_ELP1KO	ELP1 KO	C2	ActD	STM	EM	4h	4	GAPDH	2024-07-22	rep1	22.0126582168888	0.236351473347235	FALSE
C2_4h_ActD_STM_EM_ELP1KO	ELP1 KO	C2	ActD	STM	EM	4h	4	YTHDF2	2024-07-22	rep1	23.1102752651317	0.111305790196545	FALSE
C2_4h_ActD_STM_EM_ELP1KO	ELP1 KO	C2	ActD	STM	EM	4h	4	TDH1	2024-07-22	rep2	22.6335525406996	0.153682221924677	FALSE
C2_4h_ActD_STM_EM_ELP1KO	ELP1 KO	C2	ActD	STM	EM	4h	4	mCherry	2024-07-22	rep2	18.7153018371241	2.32344718962071	FALSE
C2_4h_ActD_STM_EM_ELP1KO	ELP1 KO	C2	ActD	STM	EM	4h	4	Neon2	2024-07-22	rep2	20.8931157519762	0.513643330166707	FALSE
C2_4h_ActD_STM_EM_ELP1KO	ELP1 KO	C2	ActD	STM	EM	4h	4	GAPDH	2024-07-22	rep2	22.6707060195936	0.149774538952094	FALSE
C2_4h_ActD_STM_EM_ELP1KO	ELP1 KO	C2	ActD	STM	EM	4h	4	YTHDF2	2024-07-22	rep2	23.797738219694	0.0692070333803013	FALSE
C2_4h_ActD_STM_EM_ELP1KO	ELP1 KO	C2	ActD	STM	EM	4h	4	TDH1	2024-07-22	rep3	22.5067924747543	0.167807935765022	FALSE
C2_4h_ActD_STM_EM_ELP1KO	ELP1 KO	C2	ActD	STM	EM	4h	4	mCherry	2024-07-22	rep3	18.4766962280731	2.74321006028106	FALSE
C2_4h_ActD_STM_EM_ELP1KO	ELP1 KO	C2	ActD	STM	EM	4h	4	Neon2	2024-07-22	rep3	20.3745145677406	0.735764084499863	FALSE
C2_4h_ActD_STM_EM_ELP1KO	ELP1 KO	C2	ActD	STM	EM	4h	4	GAPDH	2024-07-22	rep3	22.6492198313349	0.152080775067326	FALSE
C2_4h_ActD_STM_EM_ELP1KO	ELP1 KO	C2	ActD	STM	EM	4h	4	YTHDF2	2024-07-22	rep3	23.8549442429136	0.0659128490586004	FALSE
C2_0h_ActD_mock_none_CTU2KO	CTU2 KO	C2	ActD	mock	mock	0h	0	TDH1	2024-07-22	rep1	23.445652929004	0.087532513647131	FALSE
C2_0h_ActD_mock_none_CTU2KO	CTU2 KO	C2	ActD	mock	mock	0h	0	mCherry	2024-07-22	rep1	17.298284716887	6.20438298738292	FALSE
C2_0h_ActD_mock_none_CTU2KO	CTU2 KO	C2	ActD	mock	mock	0h	0	Neon2	2024-07-22	rep1	18.9981932891437	1.90976479512519	FALSE
C2_0h_ActD_mock_none_CTU2KO	CTU2 KO	C2	ActD	mock	mock	0h	0	TDH1	2024-07-22	rep2	22.4355023368789	0.1763403065104	FALSE
C2_0h_ActD_mock_none_CTU2KO	CTU2 KO	C2	ActD	mock	mock	0h	0	mCherry	2024-07-22	rep2	16.0178735876207	15.0950811989691	FALSE
C2_0h_ActD_mock_none_CTU2KO	CTU2 KO	C2	ActD	mock	mock	0h	0	Neon2	2024-07-22	rep2	18.215541296572	3.29724490380508	FALSE
C2_0h_ActD_mock_none_CTU2KO	CTU2 KO	C2	ActD	mock	mock	0h	0	TDH1	2024-07-22	rep3	22.1882614802168	0.209254309485171	FALSE
C2_0h_ActD_mock_none_CTU2KO	CTU2 KO	C2	ActD	mock	mock	0h	0	mCherry	2024-07-22	rep3	15.4708734810672	22.0196782383542	FALSE
C2_0h_ActD_mock_none_CTU2KO	CTU2 KO	C2	ActD	mock	mock	0h	0	Neon2	2024-07-22	rep3	17.6331016831846	4.91960150478933	FALSE
C2_1h_ActD_mock_none_CTU2KO	CTU2 KO	C2	ActD	mock	mock	1h	1	TDH1	2024-07-22	rep1	22.7861785240521	0.138270669749197	FALSE
C2_1h_ActD_mock_none_CTU2KO	CTU2 KO	C2	ActD	mock	mock	1h	1	mCherry	2024-07-22	rep1	16.9961652067959	7.64988215943825	FALSE
C2_1h_ActD_mock_none_CTU2KO	CTU2 KO	C2	ActD	mock	mock	1h	1	Neon2	2024-07-22	rep1	19.9912247852705	0.95949447827516	FALSE
C2_1h_ActD_mock_none_CTU2KO	CTU2 KO	C2	ActD	mock	mock	1h	1	TDH1	2024-07-22	rep2	22.946721516686	0.123698668456544	FALSE
C2_1h_ActD_mock_none_CTU2KO	CTU2 KO	C2	ActD	mock	mock	1h	1	mCherry	2024-07-22	rep2	16.8662892128722	8.37139745943787	FALSE
C2_1h_ActD_mock_none_CTU2KO	CTU2 KO	C2	ActD	mock	mock	1h	1	Neon2	2024-07-22	rep2	19.5978575555738	1.27218220770024	FALSE
C2_1h_ActD_mock_none_CTU2KO	CTU2 KO	C2	ActD	mock	mock	1h	1	TDH1	2024-07-22	rep3	22.6556389851789	0.151356719261151	FALSE
C2_1h_ActD_mock_none_CTU2KO	CTU2 KO	C2	ActD	mock	mock	1h	1	mCherry	2024-07-22	rep3	15.9432817134771	15.8736729231593	FALSE
C2_1h_ActD_mock_none_CTU2KO	CTU2 KO	C2	ActD	mock	mock	1h	1	Neon2	2024-07-22	rep3	19.0349528972519	1.86195678387626	FALSE
C2_2h_ActD_mock_none_CTU2KO	CTU2 KO	C2	ActD	mock	mock	2h	2	TDH1	2024-07-22	rep1	22.8436777218565	0.132972844526536	FALSE
C2_2h_ActD_mock_none_CTU2KO	CTU2 KO	C2	ActD	mock	mock	2h	2	mCherry	2024-07-22	rep1	17.3571735845937	5.95625628366628	FALSE
C2_2h_ActD_mock_none_CTU2KO	CTU2 KO	C2	ActD	mock	mock	2h	2	Neon2	2024-07-22	rep1	20.6926219536902	0.592927037901343	FALSE
C2_2h_ActD_mock_none_CTU2KO	CTU2 KO	C2	ActD	mock	mock	2h	2	TDH1	2024-07-22	rep2	23.5173341229287	0.0832874274817274	FALSE
C2_2h_ActD_mock_none_CTU2KO	CTU2 KO	C2	ActD	mock	mock	2h	2	mCherry	2024-07-22	rep2	18.4625135598296	2.76861352636211	FALSE
C2_2h_ActD_mock_none_CTU2KO	CTU2 KO	C2	ActD	mock	mock	2h	2	Neon2	2024-07-22	rep2	21.5958672526276	0.317782212403326	FALSE
C2_2h_ActD_mock_none_CTU2KO	CTU2 KO	C2	ActD	mock	mock	2h	2	TDH1	2024-07-22	rep3	20.8808980340873	0.517886620705092	FALSE
C2_2h_ActD_mock_none_CTU2KO	CTU2 KO	C2	ActD	mock	mock	2h	2	mCherry	2024-07-22	rep3	15.0744847000601	28.9820615045018	FALSE
C2_2h_ActD_mock_none_CTU2KO	CTU2 KO	C2	ActD	mock	mock	2h	2	Neon2	2024-07-22	rep3	18.300265435699	3.10660296798271	FALSE
C2_4h_ActD_mock_none_CTU2KO	CTU2 KO	C2	ActD	mock	mock	4h	4	TDH1	2024-07-22	rep1	22.2897881326649	0.195036433294137	FALSE
C2_4h_ActD_mock_none_CTU2KO	CTU2 KO	C2	ActD	mock	mock	4h	4	mCherry	2024-07-22	rep1	16.4836007097429	10.913113423246	FALSE
C2_4h_ActD_mock_none_CTU2KO	CTU2 KO	C2	ActD	mock	mock	4h	4	Neon2	2024-07-22	rep1	19.9860106334147	0.96297270057964	FALSE
C2_4h_ActD_mock_none_CTU2KO	CTU2 KO	C2	ActD	mock	mock	4h	4	TDH1	2024-07-22	rep2	22.9477542863895	0.123606065866509	FALSE
C2_4h_ActD_mock_none_CTU2KO	CTU2 KO	C2	ActD	mock	mock	4h	4	mCherry	2024-07-22	rep2	17.6209261094968	4.96111255435859	FALSE
C2_4h_ActD_mock_none_CTU2KO	CTU2 KO	C2	ActD	mock	mock	4h	4	Neon2	2024-07-22	rep2	21.902121054175	0.255707443405187	FALSE
C2_4h_ActD_mock_none_CTU2KO	CTU2 KO	C2	ActD	mock	mock	4h	4	TDH1	2024-07-22	rep3	22.9495985435365	0.124177832388608	FALSE
C2_4h_ActD_mock_none_CTU2KO	CTU2 KO	C2	ActD	mock	mock	4h	4	mCherry	2024-07-22	rep3	17.169851662966	6.78318334561186	FALSE
C2_4h_ActD_mock_none_CTU2KO	CTU2 KO	C2	ActD	mock	mock	4h	4	Neon2	2024-07-22	rep3	21.2596024378702	0.398433090691732	FALSE
C2_0h_ActD_STM_none_CTU2KO	CTU2 KO	C2	ActD	STM	mock	0h	0	TDH1	2024-07-22	rep1	23.3391217424194	0.0943501308705096	FALSE
C2_0h_ActD_STM_none_CTU2KO	CTU2 KO	C2	ActD	STM	mock	0h	0	mCherry	2024-07-22	rep1	17.4290111163974	5.67236128829181	FALSE
C2_0h_ActD_STM_none_CTU2KO	CTU2 KO	C2	ActD	STM	mock	0h	0	Neon2	2024-07-22	rep1	19.5145710907347	1.3372577063109	FALSE
C2_0h_ActD_STM_none_CTU2KO	CTU2 KO	C2	ActD	STM	mock	0h	0	TDH1	2024-07-22	rep2	23.1841972456992	0.104920736178251	FALSE
C2_0h_ActD_STM_none_CTU2KO	CTU2 KO	C2	ActD	STM	mock	0h	0	mCherry	2024-07-22	rep2	17.4318041143323	5.65904326347646	FALSE
C2_0h_ActD_STM_none_CTU2KO	CTU2 KO	C2	ActD	STM	mock	0h	0	Neon2	2024-07-22	rep2	19.4465304768617	1.39964611018817	FALSE
C2_0h_ActD_STM_none_CTU2KO	CTU2 KO	C2	ActD	STM	mock	0h	0	TDH1	2024-07-22	rep3	22.1762411234978	0.211001875726973	FALSE
C2_0h_ActD_STM_none_CTU2KO	CTU2 KO	C2	ActD	STM	mock	0h	0	mCherry	2024-07-22	rep3	16.332351068123	12.1204093211205	FALSE
C2_0h_ActD_STM_none_CTU2KO	CTU2 KO	C2	ActD	STM	mock	0h	0	Neon2	2024-07-22	rep3	17.8638972012871	4.19888637130545	FALSE
C2_1h_ActD_STM_none_CTU2KO	CTU2 KO	C2	ActD	STM	mock	1h	1	TDH1	2024-07-22	rep1	23.0414785982747	0.115868082037069	FALSE
C2_1h_ActD_STM_none_CTU2KO	CTU2 KO	C2	ActD	STM	mock	1h	1	mCherry	2024-07-22	rep1	17.0038099639337	7.60967260279759	FALSE
C2_1h_ActD_STM_none_CTU2KO	CTU2 KO	C2	ActD	STM	mock	1h	1	Neon2	2024-07-22	rep1	19.0651261341156	1.82352443089776	FALSE
C2_1h_ActD_STM_none_CTU2KO	CTU2 KO	C2	ActD	STM	mock	1h	1	TDH1	2024-07-22	rep2	22.1875052575432	0.20936142037464	FALSE
C2_1h_ActD_STM_none_CTU2KO	CTU2 KO	C2	ActD	STM	mock	1h	1	mCherry	2024-07-22	rep2	16.5250151884269	10.6324695724938	FALSE
C2_1h_ActD_STM_none_CTU2KO	CTU2 KO	C2	ActD	STM	mock	1h	1	Neon2	2024-07-22	rep2	18.346621878536	3.00936589385034	FALSE
C2_1h_ActD_STM_none_CTU2KO	CTU2 KO	C2	ActD	STM	mock	1h	1	TDH1	2024-07-22	rep3	23.0568685787649	0.114602000983468	FALSE
C2_1h_ActD_STM_none_CTU2KO	CTU2 KO	C2	ActD	STM	mock	1h	1	mCherry	2024-07-22	rep3	17.2106177743091	6.60619427687716	FALSE
C2_1h_ActD_STM_none_CTU2KO	CTU2 KO	C2	ActD	STM	mock	1h	1	Neon2	2024-07-22	rep3	19.089147910999	1.7996090690955	FALSE
C2_2h_ActD_STM_none_CTU2KO	CTU2 KO	C2	ActD	STM	mock	2h	2	TDH1	2024-07-22	rep1	23.6272300414721	0.0771784949889179	FALSE
C2_2h_ActD_STM_none_CTU2KO	CTU2 KO	C2	ActD	STM	mock	2h	2	mCherry	2024-07-22	rep1	17.5497147478576	5.21211298824364	FALSE
C2_2h_ActD_STM_none_CTU2KO	CTU2 KO	C2	ActD	STM	mock	2h	2	Neon2	2024-07-22	rep1	19.831233304396	1.07202264032207	FALSE
C2_2h_ActD_STM_none_CTU2KO	CTU2 KO	C2	ActD	STM	mock	2h	2	TDH1	2024-07-22	rep2	22.418030404657	0.178465046315176	FALSE
C2_2h_ActD_STM_none_CTU2KO	CTU2 KO	C2	ActD	STM	mock	2h	2	mCherry	2024-07-22	rep2	16.4038449198252	11.5335549804892	FALSE
C2_2h_ActD_STM_none_CTU2KO	CTU2 KO	C2	ActD	STM	mock	2h	2	Neon2	2024-07-22	rep2	18.6371960610204	2.452703032778	FALSE
C2_2h_ActD_STM_none_CTU2KO	CTU2 KO	C2	ActD	STM	mock	2h	2	TDH1	2024-07-22	rep3	22.446865530624	0.17497896468912	FALSE
C2_2h_ActD_STM_none_CTU2KO	CTU2 KO	C2	ActD	STM	mock	2h	2	mCherry	2024-07-22	rep3	16.0710132212659	14.5261258664041	FALSE
C2_2h_ActD_STM_none_CTU2KO	CTU2 KO	C2	ActD	STM	mock	2h	2	Neon2	2024-07-22	rep3	18.475233301728	2.74443611140392	FALSE
C2_4h_ActD_STM_none_CTU2KO	CTU2 KO	C2	ActD	STM	mock	4h	4	TDH1	2024-07-22	rep1	22.529280287651	0.165246201496608	FALSE
C2_4h_ActD_STM_none_CTU2KO	CTU2 KO	C2	ActD	STM	mock	4h	4	mCherry	2024-07-22	rep1	16.0369825658907	14.8907308095433	FALSE
C2_4h_ActD_STM_none_CTU2KO	CTU2 KO	C2	ActD	STM	mock	4h	4	Neon2	2024-07-22	rep1	18.7511412555139	2.26857947968904	FALSE
C2_4h_ActD_STM_none_CTU2KO	CTU2 KO	C2	ActD	STM	mock	4h	4	TDH1	2024-07-22	rep2	22.7777632219889	0.139353822221518	FALSE
C2_4h_ActD_STM_none_CTU2KO	CTU2 KO	C2	ActD	STM	mock	4h	4	mCherry	2024-07-22	rep2	16.6261989955053	9.89183348062833	FALSE
C2_4h_ActD_STM_none_CTU2KO	CTU2 KO	C2	ActD	STM	mock	4h	4	Neon2	2024-07-22	rep2	19.6116860740838	1.24832682538831	FALSE
C2_4h_ActD_STM_none_CTU2KO	CTU2 KO	C2	ActD	STM	mock	4h	4	TDH1	2024-07-22	rep3	21.9992101097651	0.238562696980304	FALSE
C2_4h_ActD_STM_none_CTU2KO	CTU2 KO	C2	ActD	STM	mock	4h	4	mCherry	2024-07-22	rep3	16.1437963726661	13.8148261603361	FALSE
C2_4h_ActD_STM_none_CTU2KO	CTU2 KO	C2	ActD	STM	mock	4h	4	Neon2	2024-07-22	rep3	18.8893397102315	2.05948729935727	FALSE
C1_0h_ActD_mock_none_wt	WT	C1	ActD	mock	mock	0h	0	TDH1	2024-08-07	rep1	22.6349601941744	0.153537982282507	FALSE
C1_0h_ActD_mock_none_wt	WT	C1	ActD	mock	mock	0h	0	mCherry	2024-08-07	rep1	23.5968293587545	0.0788223299078939	FALSE
C1_0h_ActD_mock_none_wt	WT	C1	ActD	mock	mock	0h	0	Neon2	2024-08-07	rep1	22.3535412459057	0.186662554280547	FALSE
C1_0h_ActD_mock_none_wt	WT	C1	ActD	mock	mock	0h	0	GAPDH	2024-08-07	rep1	22.8838278193867	0.129211390278924	FALSE
C1_0h_ActD_mock_none_wt	WT	C1	ActD	mock	mock	0h	0	YTHDF2	2024-08-07	rep1	22.4647470019858	0.172759209983405	FALSE
C1_0h_ActD_mock_none_wt	WT	C1	ActD	mock	mock	0h	0	MYC	2024-08-07	rep1	23.0681020094594	0.113728326206618	FALSE
C1_0h_ActD_mock_none_wt	WT	C1	ActD	mock	mock	0h	0	TDH1	2024-08-07	rep2	22.8384829383645	0.133331720562662	FALSE
C1_0h_ActD_mock_none_wt	WT	C1	ActD	mock	mock	0h	0	mCherry	2024-08-07	rep2	23.633785037008	0.0779898383239833	FALSE
C1_0h_ActD_mock_none_wt	WT	C1	ActD	mock	mock	0h	0	Neon2	2024-08-07	rep2	22.4845132062176	0.172862954985004	FALSE
C1_0h_ActD_mock_none_wt	WT	C1	ActD	mock	mock	0h	0	GAPDH	2024-08-07	rep2	22.4691894923581	0.172300938325181	FALSE
C1_0h_ActD_mock_none_wt	WT	C1	ActD	mock	mock	0h	0	YTHDF2	2024-08-07	rep2	22.2660877770134	0.198289496739311	FALSE
C1_0h_ActD_mock_none_wt	WT	C1	ActD	mock	mock	0h	0	MYC	2024-08-07	rep2	22.8900745830174	0.128659196970746	FALSE
C1_0h_ActD_mock_none_wt	WT	C1	ActD	mock	mock	0h	0	TDH1	2024-08-07	rep3	22.1551797884194	0.214104766365264	FALSE
C1_0h_ActD_mock_none_wt	WT	C1	ActD	mock	mock	0h	0	mCherry	2024-08-07	rep3	23.9939647516315	0.0598575892393245	FALSE
C1_0h_ActD_mock_none_wt	WT	C1	ActD	mock	mock	0h	0	Neon2	2024-08-07	rep3	22.3051031949215	0.193326850278144	FALSE
C1_0h_ActD_mock_none_wt	WT	C1	ActD	mock	mock	0h	0	GAPDH	2024-08-07	rep3	21.8019687398307	0.301095352432821	FALSE
C1_0h_ActD_mock_none_wt	WT	C1	ActD	mock	mock	0h	0	YTHDF2	2024-08-07	rep3	21.8086586656741	0.27278304210042	FALSE
C1_0h_ActD_mock_none_wt	WT	C1	ActD	mock	mock	0h	0	MYC	2024-08-07	rep3	22.1192528404832	0.219503998057609	FALSE
C1_1h_ActD_mock_none_wt	WT	C1	ActD	mock	mock	1h	1	TDH1	2024-08-07	rep1	22.0354114091698	0.232646127565287	FALSE
C1_1h_ActD_mock_none_wt	WT	C1	ActD	mock	mock	1h	1	mCherry	2024-08-07	rep1	23.6787905371325	0.0745057222739612	FALSE
C1_1h_ActD_mock_none_wt	WT	C1	ActD	mock	mock	1h	1	Neon2	2024-08-07	rep1	22.6224583014626	0.155084583182937	FALSE
C1_1h_ActD_mock_none_wt	WT	C1	ActD	mock	mock	1h	1	GAPDH	2024-08-07	rep1	22.3126419525933	0.191970444583091	FALSE
C1_1h_ActD_mock_none_wt	WT	C1	ActD	mock	mock	1h	1	YTHDF2	2024-08-07	rep1	22.7661933368132	0.158424733613955	FALSE
C1_1h_ActD_mock_none_wt	WT	C1	ActD	mock	mock	1h	1	MYC	2024-08-07	rep1	22.7581103976336	0.141012062679228	FALSE
C1_1h_ActD_mock_none_wt	WT	C1	ActD	mock	mock	1h	1	TDH1	2024-08-07	rep2	19.4720061703984	1.37535478502489	FALSE
C1_1h_ActD_mock_none_wt	WT	C1	ActD	mock	mock	1h	1	mCherry	2024-08-07	rep2	21.2038845207535	0.413996188488759	FALSE
C1_1h_ActD_mock_none_wt	WT	C1	ActD	mock	mock	1h	1	Neon2	2024-08-07	rep2	20.2507762467217	0.801514974069268	FALSE
C1_1h_ActD_mock_none_wt	WT	C1	ActD	mock	mock	1h	1	GAPDH	2024-08-07	rep2	20.1546090587188	0.856818721907374	FALSE
C1_1h_ActD_mock_none_wt	WT	C1	ActD	mock	mock	1h	1	YTHDF2	2024-08-07	rep2	20.0541923379095	0.918721636225038	FALSE
C1_1h_ActD_mock_none_wt	WT	C1	ActD	mock	mock	1h	1	MYC	2024-08-07	rep2	20.6124371825735	0.623923289498029	FALSE
C1_1h_ActD_mock_none_wt	WT	C1	ActD	mock	mock	1h	1	TDH1	2024-08-07	rep3	19.4489656571395	1.39768209689473	FALSE
C1_1h_ActD_mock_none_wt	WT	C1	ActD	mock	mock	1h	1	mCherry	2024-08-07	rep3	21.1569133936275	0.427848809834196	FALSE
C1_1h_ActD_mock_none_wt	WT	C1	ActD	mock	mock	1h	1	Neon2	2024-08-07	rep3	20.2736099127748	0.788935637794956	FALSE
C1_1h_ActD_mock_none_wt	WT	C1	ActD	mock	mock	1h	1	GAPDH	2024-08-07	rep3	20.3340972990712	0.783892888899588	FALSE
C1_1h_ActD_mock_none_wt	WT	C1	ActD	mock	mock	1h	1	YTHDF2	2024-08-07	rep3	20.0474673518756	0.923044613961888	FALSE
C1_1h_ActD_mock_none_wt	WT	C1	ActD	mock	mock	1h	1	MYC	2024-08-07	rep3	20.6859237598004	0.593041892643494	FALSE
C1_2h_ActD_mock_none_wt	WT	C1	ActD	mock	mock	2h	2	TDH1	2024-08-07	rep1	17.0495630136561	7.37178013619508	FALSE
C1_2h_ActD_mock_none_wt	WT	C1	ActD	mock	mock	2h	2	mCherry	2024-08-07	rep1	18.9401415859305	1.98846959779719	FALSE
C1_2h_ActD_mock_none_wt	WT	C1	ActD	mock	mock	2h	2	Neon2	2024-08-07	rep1	18.2262693714298	3.26099592911086	FALSE
C1_2h_ActD_mock_none_wt	WT	C1	ActD	mock	mock	2h	2	GAPDH	2024-08-07	rep1	17.9310993981889	4.07921619899161	FALSE
C1_2h_ActD_mock_none_wt	WT	C1	ActD	mock	mock	2h	2	YTHDF2	2024-08-07	rep1	18.0606889590698	3.65755726998357	FALSE
C1_2h_ActD_mock_none_wt	WT	C1	ActD	mock	mock	2h	2	MYC	2024-08-07	rep1	18.6807513572836	2.38184505093093	FALSE
C1_2h_ActD_mock_none_wt	WT	C1	ActD	mock	mock	2h	2	TDH1	2024-08-07	rep2	17.1997779072305	6.65693748448432	FALSE
C1_2h_ActD_mock_none_wt	WT	C1	ActD	mock	mock	2h	2	mCherry	2024-08-07	rep2	18.8451535799637	2.12351913245468	FALSE
C1_2h_ActD_mock_none_wt	WT	C1	ActD	mock	mock	2h	2	Neon2	2024-08-07	rep2	17.9648073831833	3.90890880105862	FALSE
C1_2h_ActD_mock_none_wt	WT	C1	ActD	mock	mock	2h	2	GAPDH	2024-08-07	rep2	17.8375787943954	4.46284401355653	FALSE
C1_2h_ActD_mock_none_wt	WT	C1	ActD	mock	mock	2h	2	YTHDF2	2024-08-07	rep2	18.4171287388597	2.92412599197745	FALSE
C1_2h_ActD_mock_none_wt	WT	C1	ActD	mock	mock	2h	2	MYC	2024-08-07	rep2	18.7463970363555	2.2739402119314	FALSE
C1_2h_ActD_mock_none_wt	WT	C1	ActD	mock	mock	2h	2	TDH1	2024-08-07	rep3	20.1317775005468	0.870435033085894	FALSE
C1_2h_ActD_mock_none_wt	WT	C1	ActD	mock	mock	2h	2	mCherry	2024-08-07	rep3	21.57154962484	0.332098046333164	FALSE
C1_2h_ActD_mock_none_wt	WT	C1	ActD	mock	mock	2h	2	Neon2	2024-08-07	rep3	20.5909627853542	0.633145780224098	FALSE
C1_2h_ActD_mock_none_wt	WT	C1	ActD	mock	mock	2h	2	GAPDH	2024-08-07	rep3	21.1380737457116	0.520778761390992	FALSE
C1_2h_ActD_mock_none_wt	WT	C1	ActD	mock	mock	2h	2	YTHDF2	2024-08-07	rep3	20.707824683358	0.606682210433219	FALSE
C1_2h_ActD_mock_none_wt	WT	C1	ActD	mock	mock	2h	2	MYC	2024-08-07	rep3	22.0469688082787	0.230781546632319	FALSE
C1_4h_ActD_mock_none_wt	WT	C1	ActD	mock	mock	4h	4	TDH1	2024-08-07	rep1	20.4332083842558	0.706371861920986	FALSE
C1_4h_ActD_mock_none_wt	WT	C1	ActD	mock	mock	4h	4	mCherry	2024-08-07	rep1	21.4856238152216	0.35021749617658	FALSE
C1_4h_ActD_mock_none_wt	WT	C1	ActD	mock	mock	4h	4	Neon2	2024-08-07	rep1	21.3977908635731	0.36196743160385	FALSE
C1_4h_ActD_mock_none_wt	WT	C1	ActD	mock	mock	4h	4	GAPDH	2024-08-07	rep1	20.452917379343	0.729150003239325	FALSE
C1_4h_ActD_mock_none_wt	WT	C1	ActD	mock	mock	4h	4	YTHDF2	2024-08-07	rep1	22.2568626768445	0.201015102114018	FALSE
C1_4h_ActD_mock_none_wt	WT	C1	ActD	mock	mock	4h	4	MYC	2024-08-07	rep1	23.6840335038486	0.0742103940877608	FALSE
C1_4h_ActD_mock_none_wt	WT	C1	ActD	mock	mock	4h	4	TDH1	2024-08-07	rep2	20.6957829215143	0.588774260929578	FALSE
C1_4h_ActD_mock_none_wt	WT	C1	ActD	mock	mock	4h	4	mCherry	2024-08-07	rep2	21.7624119943343	0.281221168908626	FALSE
C1_4h_ActD_mock_none_wt	WT	C1	ActD	mock	mock	4h	4	Neon2	2024-08-07	rep2	21.263121318048	0.39737516164758	FALSE
C1_4h_ActD_mock_none_wt	WT	C1	ActD	mock	mock	4h	4	GAPDH	2024-08-07	rep2	21.2786222567297	0.393637643534383	FALSE
C1_4h_ActD_mock_none_wt	WT	C1	ActD	mock	mock	4h	4	YTHDF2	2024-08-07	rep2	22.7059111828575	0.146164445223581	FALSE
C1_4h_ActD_mock_none_wt	WT	C1	ActD	mock	mock	4h	4	MYC	2024-08-07	rep2	24.6792377378123	0.0372228195830549	FALSE
C1_4h_ActD_mock_none_wt	WT	C1	ActD	mock	mock	4h	4	TDH1	2024-08-07	rep3	21.456554573524	0.347501052997522	FALSE
C1_4h_ActD_mock_none_wt	WT	C1	ActD	mock	mock	4h	4	mCherry	2024-08-07	rep3	22.6375476716224	0.153257507419946	FALSE
C1_4h_ActD_mock_none_wt	WT	C1	ActD	mock	mock	4h	4	Neon2	2024-08-07	rep3	22.6897659163195	0.147861822820278	FALSE
C1_4h_ActD_mock_none_wt	WT	C1	ActD	mock	mock	4h	4	GAPDH	2024-08-07	rep3	21.327859215306	0.379927081775384	FALSE
C1_4h_ActD_mock_none_wt	WT	C1	ActD	mock	mock	4h	4	YTHDF2	2024-08-07	rep3	23.4155114707018	0.0894153878714257	FALSE
C1_4h_ActD_mock_none_wt	WT	C1	ActD	mock	mock	4h	4	MYC	2024-08-07	rep3	25.8124577154805	0.0169697713080209	FALSE
C1_0h_ActD_STM_none_wt	WT	C1	ActD	STM	mock	0h	0	TDH1	2024-08-07	rep1	23.0633254219035	0.114094140136429	FALSE
C1_0h_ActD_STM_none_wt	WT	C1	ActD	STM	mock	0h	0	mCherry	2024-08-07	rep1	23.9350411713076	0.062349955798332	FALSE
C1_0h_ActD_STM_none_wt	WT	C1	ActD	STM	mock	0h	0	Neon2	2024-08-07	rep1	22.264506060065	0.198690511050578	FALSE
C1_0h_ActD_STM_none_wt	WT	C1	ActD	STM	mock	0h	0	GAPDH	2024-08-07	rep1	22.3641807725288	0.185318680988929	FALSE
C1_0h_ActD_STM_none_wt	WT	C1	ActD	STM	mock	0h	0	YTHDF2	2024-08-07	rep1	23.9916655652526	0.0599738425304081	FALSE
C1_0h_ActD_STM_none_wt	WT	C1	ActD	STM	mock	0h	0	MYC	2024-08-07	rep1	23.6816561141374	0.0746691324541755	FALSE
C1_0h_ActD_STM_none_wt	WT	C1	ActD	STM	mock	0h	0	TDH1	2024-08-07	rep2	23.850723935899	0.0661027186515037	FALSE
C1_0h_ActD_STM_none_wt	WT	C1	ActD	STM	mock	0h	0	mCherry	2024-08-07	rep2	23.0526857450251	0.114960228141794	FALSE
C1_0h_ActD_STM_none_wt	WT	C1	ActD	STM	mock	0h	0	Neon2	2024-08-07	rep2	21.1431628056958	0.431791212810708	FALSE
C1_0h_ActD_STM_none_wt	WT	C1	ActD	STM	mock	0h	0	GAPDH	2024-08-07	rep2	22.2208292326241	0.205681668602634	FALSE
C1_0h_ActD_STM_none_wt	WT	C1	ActD	STM	mock	0h	0	YTHDF2	2024-08-07	rep2	24.1186205455594	0.0549064683359022	FALSE
C1_0h_ActD_STM_none_wt	WT	C1	ActD	STM	mock	0h	0	MYC	2024-08-07	rep2	23.7405511842991	0.0714835275794474	FALSE
C1_0h_ActD_STM_none_wt	WT	C1	ActD	STM	mock	0h	0	TDH1	2024-08-07	rep3	24.1334553874398	0.0544133616477473	FALSE
C1_0h_ActD_STM_none_wt	WT	C1	ActD	STM	mock	0h	0	mCherry	2024-08-07	rep3	25.4503781814214	0.0218116142800846	FALSE
C1_0h_ActD_STM_none_wt	WT	C1	ActD	STM	mock	0h	0	Neon2	2024-08-07	rep3	23.1994781801391	0.103941573004439	FALSE
C1_0h_ActD_STM_none_wt	WT	C1	ActD	STM	mock	0h	0	GAPDH	2024-08-07	rep3	23.3789226713544	0.0916738612811952	FALSE
C1_0h_ActD_STM_none_wt	WT	C1	ActD	STM	mock	0h	0	YTHDF2	2024-08-07	rep3	24.1904920336679	0.0522322423866153	FALSE
C1_0h_ActD_STM_none_wt	WT	C1	ActD	STM	mock	0h	0	MYC	2024-08-07	rep3	24.527843833331	0.0414109501393182	FALSE
C1_1h_ActD_STM_none_wt	WT	C1	ActD	STM	mock	1h	1	TDH1	2024-08-07	rep1	23.7500081954171	0.0711456447727022	FALSE
C1_1h_ActD_STM_none_wt	WT	C1	ActD	STM	mock	1h	1	mCherry	2024-08-07	rep1	24.7030015540396	0.0366597305910542	FALSE
C1_1h_ActD_STM_none_wt	WT	C1	ActD	STM	mock	1h	1	Neon2	2024-08-07	rep1	23.9334048606178	0.0624205918633526	FALSE
C1_1h_ActD_STM_none_wt	WT	C1	ActD	STM	mock	1h	1	GAPDH	2024-08-07	rep1	22.907345554217	0.127178216211002	FALSE
C1_1h_ActD_STM_none_wt	WT	C1	ActD	STM	mock	1h	1	YTHDF2	2024-08-07	rep1	23.8769747198428	0.0651600631752778	FALSE
C1_1h_ActD_STM_none_wt	WT	C1	ActD	STM	mock	1h	1	MYC	2024-08-07	rep1	23.87358090811	0.065068068267362	FALSE
C1_1h_ActD_STM_none_wt	WT	C1	ActD	STM	mock	1h	1	TDH1	2024-08-07	rep2	22.6095020027014	0.15679765872336	FALSE
C1_1h_ActD_STM_none_wt	WT	C1	ActD	STM	mock	1h	1	mCherry	2024-08-07	rep2	23.2960073162786	0.0970966346369032	FALSE
C1_1h_ActD_STM_none_wt	WT	C1	ActD	STM	mock	1h	1	Neon2	2024-08-07	rep2	22.6329585346751	0.153757998396996	FALSE
C1_1h_ActD_STM_none_wt	WT	C1	ActD	STM	mock	1h	1	GAPDH	2024-08-07	rep2	22.584329068392	0.160879876826471	FALSE
C1_1h_ActD_STM_none_wt	WT	C1	ActD	STM	mock	1h	1	YTHDF2	2024-08-07	rep2	22.52979983086	0.169146105506209	FALSE
C1_1h_ActD_STM_none_wt	WT	C1	ActD	STM	mock	1h	1	MYC	2024-08-07	rep2	22.7318311685068	0.144123216851449	FALSE
C1_1h_ActD_STM_none_wt	WT	C1	ActD	STM	mock	1h	1	TDH1	2024-08-07	rep3	22.3286627773907	0.19208242248145	FALSE
C1_1h_ActD_STM_none_wt	WT	C1	ActD	STM	mock	1h	1	mCherry	2024-08-07	rep3	23.1074967594225	0.110818000287093	FALSE
C1_1h_ActD_STM_none_wt	WT	C1	ActD	STM	mock	1h	1	Neon2	2024-08-07	rep3	22.5506596463477	0.165145451509963	FALSE
C1_1h_ActD_STM_none_wt	WT	C1	ActD	STM	mock	1h	1	GAPDH	2024-08-07	rep3	22.0905509792073	0.223924700589456	FALSE
C1_1h_ActD_STM_none_wt	WT	C1	ActD	STM	mock	1h	1	YTHDF2	2024-08-07	rep3	22.5089748747337	0.173108008280155	FALSE
C1_1h_ActD_STM_none_wt	WT	C1	ActD	STM	mock	1h	1	MYC	2024-08-07	rep3	22.8430850862448	0.132936570056852	FALSE
C1_2h_ActD_STM_none_wt	WT	C1	ActD	STM	mock	2h	2	TDH1	2024-08-07	rep1	21.4681117204522	0.344727677639274	FALSE
C1_2h_ActD_STM_none_wt	WT	C1	ActD	STM	mock	2h	2	mCherry	2024-08-07	rep1	21.8525281256681	0.264079647782015	FALSE
C1_2h_ActD_STM_none_wt	WT	C1	ActD	STM	mock	2h	2	Neon2	2024-08-07	rep1	21.6758584869692	0.298487998122719	FALSE
C1_2h_ActD_STM_none_wt	WT	C1	ActD	STM	mock	2h	2	GAPDH	2024-08-07	rep1	21.6752797772555	0.303714597024669	FALSE
C1_2h_ActD_STM_none_wt	WT	C1	ActD	STM	mock	2h	2	YTHDF2	2024-08-07	rep1	21.3111785521905	0.388217549489623	FALSE
C1_2h_ActD_STM_none_wt	WT	C1	ActD	STM	mock	2h	2	MYC	2024-08-07	rep1	22.7798640669005	0.13886090397878	FALSE
C1_2h_ActD_STM_none_wt	WT	C1	ActD	STM	mock	2h	2	TDH1	2024-08-07	rep2	20.8226967939386	0.539200429818474	FALSE
C1_2h_ActD_STM_none_wt	WT	C1	ActD	STM	mock	2h	2	mCherry	2024-08-07	rep2	21.8261452812897	0.26895252196027	FALSE
C1_2h_ActD_STM_none_wt	WT	C1	ActD	STM	mock	2h	2	Neon2	2024-08-07	rep2	20.9958814508363	0.487536643738592	FALSE
C1_2h_ActD_STM_none_wt	WT	C1	ActD	STM	mock	2h	2	GAPDH	2024-08-07	rep2	20.9793601390983	0.488168030408999	FALSE
C1_2h_ActD_STM_none_wt	WT	C1	ActD	STM	mock	2h	2	YTHDF2	2024-08-07	rep2	21.2064653743154	0.413255901885008	FALSE
C1_2h_ActD_STM_none_wt	WT	C1	ActD	STM	mock	2h	2	MYC	2024-08-07	rep2	22.2733622741203	0.197266812231395	FALSE
C1_2h_ActD_STM_none_wt	WT	C1	ActD	STM	mock	2h	2	TDH1	2024-08-07	rep3	19.2635642738026	1.67489813423964	FALSE
C1_2h_ActD_STM_none_wt	WT	C1	ActD	STM	mock	2h	2	mCherry	2024-08-07	rep3	21.1176310530796	0.439501848131245	FALSE
C1_2h_ActD_STM_none_wt	WT	C1	ActD	STM	mock	2h	2	Neon2	2024-08-07	rep3	20.0677576107991	0.909924822368681	FALSE
C1_2h_ActD_STM_none_wt	WT	C1	ActD	STM	mock	2h	2	GAPDH	2024-08-07	rep3	19.5461659203973	1.30661818891951	FALSE
C1_2h_ActD_STM_none_wt	WT	C1	ActD	STM	mock	2h	2	YTHDF2	2024-08-07	rep3	19.5873096427547	1.33515079316487	FALSE
C1_2h_ActD_STM_none_wt	WT	C1	ActD	STM	mock	2h	2	MYC	2024-08-07	rep3	20.4529349070805	0.696712054394461	FALSE
C1_4h_ActD_STM_none_wt	WT	C1	ActD	STM	mock	4h	4	TDH1	2024-08-07	rep1	19.73420782917	1.14660623583284	FALSE
C1_4h_ActD_STM_none_wt	WT	C1	ActD	STM	mock	4h	4	mCherry	2024-08-07	rep1	19.8333237701033	1.07076768265304	FALSE
C1_4h_ActD_STM_none_wt	WT	C1	ActD	STM	mock	4h	4	Neon2	2024-08-07	rep1	20.8989979800375	0.511454955526788	FALSE
C1_4h_ActD_STM_none_wt	WT	C1	ActD	STM	mock	4h	4	GAPDH	2024-08-07	rep1	20.4946608909072	0.842901335764365	FALSE
C1_4h_ActD_STM_none_wt	WT	C1	ActD	STM	mock	4h	4	YTHDF2	2024-08-07	rep1	19.6115532277258	1.38429992503603	FALSE
C1_4h_ActD_STM_none_wt	WT	C1	ActD	STM	mock	4h	4	MYC	2024-08-07	rep1	22.1767050962031	0.243527327184369	FALSE
C1_4h_ActD_STM_none_wt	WT	C1	ActD	STM	mock	4h	4	TDH1	2024-08-07	rep2	17.0623726848319	7.30704439434127	FALSE
C1_4h_ActD_STM_none_wt	WT	C1	ActD	STM	mock	4h	4	mCherry	2024-08-07	rep2	17.328114922134	6.11309389091527	FALSE
C1_4h_ActD_STM_none_wt	WT	C1	ActD	STM	mock	4h	4	Neon2	2024-08-07	rep2	18.4968810316371	3.62795796192011	FALSE
C1_4h_ActD_STM_none_wt	WT	C1	ActD	STM	mock	4h	4	GAPDH	2024-08-07	rep2	17.9426908508135	4.46309908839154	FALSE
C1_4h_ActD_STM_none_wt	WT	C1	ActD	STM	mock	4h	4	YTHDF2	2024-08-07	rep2	17.094327855071	7.38870195796808	FALSE
C1_4h_ActD_STM_none_wt	WT	C1	ActD	STM	mock	4h	4	MYC	2024-08-07	rep2	19.1437522680792	1.72723165363229	FALSE
C1_4h_ActD_STM_none_wt	WT	C1	ActD	STM	mock	4h	4	TDH1	2024-08-07	rep3	17.1128760510088	7.0552522427872	FALSE
C1_4h_ActD_STM_none_wt	WT	C1	ActD	STM	mock	4h	4	mCherry	2024-08-07	rep3	17.3646219227648	5.93367918889124	FALSE
C1_4h_ActD_STM_none_wt	WT	C1	ActD	STM	mock	4h	4	Neon2	2024-08-07	rep3	18.5226603157555	3.4968413765562	FALSE
C1_4h_ActD_STM_none_wt	WT	C1	ActD	STM	mock	4h	4	GAPDH	2024-08-07	rep3	18.0145514439671	4.31575250660103	FALSE
C1_4h_ActD_STM_none_wt	WT	C1	ActD	STM	mock	4h	4	YTHDF2	2024-08-07	rep3	16.7658728799954	9.00198590570405	FALSE
C1_4h_ActD_STM_none_wt	WT	C1	ActD	STM	mock	4h	4	MYC	2024-08-07	rep3	19.2428592260709	1.61185462725006	FALSE
C1_1h_ActD_mock_EM_wt	WT	C1	ActD	mock	EM	1h	1	TDH1	2024-08-07	rep1	21.9373657595348	0.249091976279415	FALSE
C1_1h_ActD_mock_EM_wt	WT	C1	ActD	mock	EM	1h	1	mCherry	2024-08-07	rep1	22.4964629134179	0.174830809530033	FALSE
C1_1h_ActD_mock_EM_wt	WT	C1	ActD	mock	EM	1h	1	Neon2	2024-08-07	rep1	21.7370656964768	0.288276221731271	FALSE
C1_1h_ActD_mock_EM_wt	WT	C1	ActD	mock	EM	1h	1	GAPDH	2024-08-07	rep1	21.5916163764823	0.32527517412004	FALSE
C1_1h_ActD_mock_EM_wt	WT	C1	ActD	mock	EM	1h	1	YTHDF2	2024-08-07	rep1	21.1778295925578	0.431398441154689	FALSE
C1_1h_ActD_mock_EM_wt	WT	C1	ActD	mock	EM	1h	1	MYC	2024-08-07	rep1	23.0227699772819	0.117348909574599	FALSE
C1_1h_ActD_mock_EM_wt	WT	C1	ActD	mock	EM	1h	1	TDH1	2024-08-07	rep2	22.0346517917913	0.232793078112059	FALSE
C1_1h_ActD_mock_EM_wt	WT	C1	ActD	mock	EM	1h	1	mCherry	2024-08-07	rep2	23.3809403288391	0.0931638710423042	FALSE
C1_1h_ActD_mock_EM_wt	WT	C1	ActD	mock	EM	1h	1	Neon2	2024-08-07	rep2	22.3754149522823	0.183797292052404	FALSE
C1_1h_ActD_mock_EM_wt	WT	C1	ActD	mock	EM	1h	1	GAPDH	2024-08-07	rep2	21.9028222076267	0.255059322908099	FALSE
C1_1h_ActD_mock_EM_wt	WT	C1	ActD	mock	EM	1h	1	YTHDF2	2024-08-07	rep2	21.2289505923441	0.41351280550264	FALSE
C1_1h_ActD_mock_EM_wt	WT	C1	ActD	mock	EM	1h	1	MYC	2024-08-07	rep2	23.1081105626147	0.110602741573757	FALSE
C1_1h_ActD_mock_EM_wt	WT	C1	ActD	mock	EM	1h	1	TDH1	2024-08-07	rep3	22.5165214212519	0.166668437037702	FALSE
C1_1h_ActD_mock_EM_wt	WT	C1	ActD	mock	EM	1h	1	mCherry	2024-08-07	rep3	23.6947967478379	0.0738007716288041	FALSE
C1_1h_ActD_mock_EM_wt	WT	C1	ActD	mock	EM	1h	1	Neon2	2024-08-07	rep3	22.532682040847	0.165218338042462	FALSE
C1_1h_ActD_mock_EM_wt	WT	C1	ActD	mock	EM	1h	1	GAPDH	2024-08-07	rep3	21.5369077722269	0.328743724296877	FALSE
C1_1h_ActD_mock_EM_wt	WT	C1	ActD	mock	EM	1h	1	YTHDF2	2024-08-07	rep3	21.5516135477424	0.327487017179923	FALSE
C1_1h_ActD_mock_EM_wt	WT	C1	ActD	mock	EM	1h	1	MYC	2024-08-07	rep3	23.4629864346609	0.0864864109372813	FALSE
C1_2h_ActD_mock_EM_wt	WT	C1	ActD	mock	EM	2h	2	TDH1	2024-08-07	rep1	22.4702971962844	0.172101837588925	FALSE
C1_2h_ActD_mock_EM_wt	WT	C1	ActD	mock	EM	2h	2	mCherry	2024-08-07	rep1	23.7926412142512	0.0688178939345929	FALSE
C1_2h_ActD_mock_EM_wt	WT	C1	ActD	mock	EM	2h	2	Neon2	2024-08-07	rep1	22.3542589820198	0.186617558434753	FALSE
C1_2h_ActD_mock_EM_wt	WT	C1	ActD	mock	EM	2h	2	GAPDH	2024-08-07	rep1	21.4473526224125	0.349723567544423	FALSE
C1_2h_ActD_mock_EM_wt	WT	C1	ActD	mock	EM	2h	2	YTHDF2	2024-08-07	rep1	22.5247393354432	0.168314326616491	FALSE
C1_2h_ActD_mock_EM_wt	WT	C1	ActD	mock	EM	2h	2	MYC	2024-08-07	rep1	23.5560817650153	0.0810805086049455	FALSE
C1_2h_ActD_mock_EM_wt	WT	C1	ActD	mock	EM	2h	2	TDH1	2024-08-07	rep2	22.3288831973607	0.189823337659237	FALSE
C1_2h_ActD_mock_EM_wt	WT	C1	ActD	mock	EM	2h	2	mCherry	2024-08-07	rep2	24.057680068138	0.0572704566688895	FALSE
C1_2h_ActD_mock_EM_wt	WT	C1	ActD	mock	EM	2h	2	Neon2	2024-08-07	rep2	22.6944187579982	0.147997841198598	FALSE
C1_2h_ActD_mock_EM_wt	WT	C1	ActD	mock	EM	2h	2	GAPDH	2024-08-07	rep2	22.5041856247086	0.175695488671974	FALSE
C1_2h_ActD_mock_EM_wt	WT	C1	ActD	mock	EM	2h	2	YTHDF2	2024-08-07	rep2	22.1935029407541	0.208493046736392	FALSE
C1_2h_ActD_mock_EM_wt	WT	C1	ActD	mock	EM	2h	2	MYC	2024-08-07	rep2	23.1644735095512	0.106380885225562	FALSE
C1_2h_ActD_mock_EM_wt	WT	C1	ActD	mock	EM	2h	2	TDH1	2024-08-07	rep3	22.9703298503334	0.121688214049211	FALSE
C1_2h_ActD_mock_EM_wt	WT	C1	ActD	mock	EM	2h	2	mCherry	2024-08-07	rep3	23.9350946994569	0.0633984418813084	FALSE
C1_2h_ActD_mock_EM_wt	WT	C1	ActD	mock	EM	2h	2	Neon2	2024-08-07	rep3	22.5070937052404	0.173507746151956	FALSE
C1_2h_ActD_mock_EM_wt	WT	C1	ActD	mock	EM	2h	2	GAPDH	2024-08-07	rep3	21.6919399799406	0.297777002772507	FALSE
C1_2h_ActD_mock_EM_wt	WT	C1	ActD	mock	EM	2h	2	YTHDF2	2024-08-07	rep3	23.3903413952401	0.0910069268867814	FALSE
C1_2h_ActD_mock_EM_wt	WT	C1	ActD	mock	EM	2h	2	MYC	2024-08-07	rep3	23.3340718066822	0.0945702072863511	FALSE
C1_4h_ActD_mock_EM_wt	WT	C1	ActD	mock	EM	4h	4	TDH1	2024-08-07	rep1	22.1386761762571	0.216572501458259	FALSE
C1_4h_ActD_mock_EM_wt	WT	C1	ActD	mock	EM	4h	4	mCherry	2024-08-07	rep1	23.6440174141926	0.0762868012077182	FALSE
C1_4h_ActD_mock_EM_wt	WT	C1	ActD	mock	EM	4h	4	Neon2	2024-08-07	rep1	22.7839202589759	0.163212675202686	FALSE
C1_4h_ActD_mock_EM_wt	WT	C1	ActD	mock	EM	4h	4	GAPDH	2024-08-07	rep1	22.1199772667819	0.219424227717669	FALSE
C1_4h_ActD_mock_EM_wt	WT	C1	ActD	mock	EM	4h	4	YTHDF2	2024-08-07	rep1	22.3095617999174	0.192428383274931	FALSE
C1_4h_ActD_mock_EM_wt	WT	C1	ActD	mock	EM	4h	4	MYC	2024-08-07	rep1	23.2716740280967	0.0987486318856108	FALSE
C1_4h_ActD_mock_EM_wt	WT	C1	ActD	mock	EM	4h	4	TDH1	2024-08-07	rep2	22.425311111912	0.177569724656573	FALSE
C1_4h_ActD_mock_EM_wt	WT	C1	ActD	mock	EM	4h	4	mCherry	2024-08-07	rep2	23.8647238426554	0.0655205646452076	FALSE
C1_4h_ActD_mock_EM_wt	WT	C1	ActD	mock	EM	4h	4	Neon2	2024-08-07	rep2	23.6233493124861	0.0774427147597686	FALSE
C1_4h_ActD_mock_EM_wt	WT	C1	ActD	mock	EM	4h	4	GAPDH	2024-08-07	rep2	22.63983142295	0.153014180286106	FALSE
C1_4h_ActD_mock_EM_wt	WT	C1	ActD	mock	EM	4h	4	YTHDF2	2024-08-07	rep2	22.9903805619234	0.120007290716656	FALSE
C1_4h_ActD_mock_EM_wt	WT	C1	ActD	mock	EM	4h	4	MYC	2024-08-07	rep2	23.5986614506048	0.0787222558880837	FALSE
C1_4h_ActD_mock_EM_wt	WT	C1	ActD	mock	EM	4h	4	TDH1	2024-08-07	rep3	22.2836660493714	0.195862528974744	FALSE
C1_4h_ActD_mock_EM_wt	WT	C1	ActD	mock	EM	4h	4	mCherry	2024-08-07	rep3	23.1238485189435	0.109533765505128	FALSE
C1_4h_ActD_mock_EM_wt	WT	C1	ActD	mock	EM	4h	4	Neon2	2024-08-07	rep3	22.7361530301908	0.143134946770652	FALSE
C1_4h_ActD_mock_EM_wt	WT	C1	ActD	mock	EM	4h	4	GAPDH	2024-08-07	rep3	22.2133504435114	0.205919640663887	FALSE
C1_4h_ActD_mock_EM_wt	WT	C1	ActD	mock	EM	4h	4	YTHDF2	2024-08-07	rep3	22.4637026348491	0.173361505361083	FALSE
C1_4h_ActD_mock_EM_wt	WT	C1	ActD	mock	EM	4h	4	MYC	2024-08-07	rep3	23.57113610894	0.0802766235021037	FALSE
C1_1h_ActD_STM_EM_wt	WT	C1	ActD	STM	EM	1h	1	TDH1	2024-08-07	rep1	22.537229503509	0.166556330592571	FALSE
C1_1h_ActD_STM_EM_wt	WT	C1	ActD	STM	EM	1h	1	mCherry	2024-08-07	rep1	23.2837061571852	0.0989203704679949	FALSE
C1_1h_ActD_STM_EM_wt	WT	C1	ActD	STM	EM	1h	1	Neon2	2024-08-07	rep1	22.5444560676997	0.164151938350279	FALSE
C1_1h_ActD_STM_EM_wt	WT	C1	ActD	STM	EM	1h	1	GAPDH	2024-08-07	rep1	22.0376662066547	0.232290464048615	FALSE
C1_1h_ActD_STM_EM_wt	WT	C1	ActD	STM	EM	1h	1	YTHDF2	2024-08-07	rep1	22.2896797848245	0.19505071415302	FALSE
C1_1h_ActD_STM_EM_wt	WT	C1	ActD	STM	EM	1h	1	MYC	2024-08-07	rep1	22.5217506680696	0.166309330986756	FALSE
C1_1h_ActD_STM_EM_wt	WT	C1	ActD	STM	EM	1h	1	TDH1	2024-08-07	rep2	22.0094552287014	0.252700361156901	FALSE
C1_1h_ActD_STM_EM_wt	WT	C1	ActD	STM	EM	1h	1	mCherry	2024-08-07	rep2	23.4852302677414	0.0854998588269875	FALSE
C1_1h_ActD_STM_EM_wt	WT	C1	ActD	STM	EM	1h	1	Neon2	2024-08-07	rep2	22.373577211742	0.237734094412834	FALSE
C1_1h_ActD_STM_EM_wt	WT	C1	ActD	STM	EM	1h	1	GAPDH	2024-08-07	rep2	22.0461996179853	0.23096176145569	FALSE
C1_1h_ActD_STM_EM_wt	WT	C1	ActD	STM	EM	1h	1	YTHDF2	2024-08-07	rep2	21.5977781762578	0.315080792186511	FALSE
C1_1h_ActD_STM_EM_wt	WT	C1	ActD	STM	EM	1h	1	MYC	2024-08-07	rep2	21.1403374720305	0.434634198287511	FALSE
C1_1h_ActD_STM_EM_wt	WT	C1	ActD	STM	EM	1h	1	TDH1	2024-08-07	rep3	21.8162954228969	0.288915147058209	FALSE
C1_1h_ActD_STM_EM_wt	WT	C1	ActD	STM	EM	1h	1	mCherry	2024-08-07	rep3	23.2223534643076	0.102520967650233	FALSE
C1_1h_ActD_STM_EM_wt	WT	C1	ActD	STM	EM	1h	1	Neon2	2024-08-07	rep3	22.4558517596599	0.214825091498222	FALSE
C1_1h_ActD_STM_EM_wt	WT	C1	ActD	STM	EM	1h	1	GAPDH	2024-08-07	rep3	22.0378292016134	0.232276808663658	FALSE
C1_1h_ActD_STM_EM_wt	WT	C1	ActD	STM	EM	1h	1	YTHDF2	2024-08-07	rep3	21.307421433526	0.390747080973713	FALSE
C1_1h_ActD_STM_EM_wt	WT	C1	ActD	STM	EM	1h	1	MYC	2024-08-07	rep3	21.0977538874015	0.447096796360325	FALSE
C1_2h_ActD_STM_EM_wt	WT	C1	ActD	STM	EM	2h	2	TDH1	2024-08-07	rep1	20.3489312137889	0.758420088213538	FALSE
C1_2h_ActD_STM_EM_wt	WT	C1	ActD	STM	EM	2h	2	mCherry	2024-08-07	rep1	20.5242246458362	0.668313530566144	FALSE
C1_2h_ActD_STM_EM_wt	WT	C1	ActD	STM	EM	2h	2	Neon2	2024-08-07	rep1	20.9613318125713	0.489794622483478	FALSE
C1_2h_ActD_STM_EM_wt	WT	C1	ActD	STM	EM	2h	2	GAPDH	2024-08-07	rep1	20.4958525207036	0.676459103502728	FALSE
C1_2h_ActD_STM_EM_wt	WT	C1	ActD	STM	EM	2h	2	YTHDF2	2024-08-07	rep1	20.0323354713173	0.932567016657107	FALSE
C1_2h_ActD_STM_EM_wt	WT	C1	ActD	STM	EM	2h	2	MYC	2024-08-07	rep1	19.9105175636829	1.0317080954987	FALSE
C1_2h_ActD_STM_EM_wt	WT	C1	ActD	STM	EM	2h	2	TDH1	2024-08-07	rep2	20.1107000686079	0.900748036067369	FALSE
C1_2h_ActD_STM_EM_wt	WT	C1	ActD	STM	EM	2h	2	mCherry	2024-08-07	rep2	19.9949527744745	0.965829368864459	FALSE
C1_2h_ActD_STM_EM_wt	WT	C1	ActD	STM	EM	2h	2	Neon2	2024-08-07	rep2	20.5578070205641	0.650400552258322	FALSE
C1_2h_ActD_STM_EM_wt	WT	C1	ActD	STM	EM	2h	2	GAPDH	2024-08-07	rep2	20.4349388726746	0.705715039540175	FALSE
C1_2h_ActD_STM_EM_wt	WT	C1	ActD	STM	EM	2h	2	YTHDF2	2024-08-07	rep2	20.2007012653043	0.829821135780806	FALSE
C1_2h_ActD_STM_EM_wt	WT	C1	ActD	STM	EM	2h	2	MYC	2024-08-07	rep2	19.8425396412153	1.06365483935492	FALSE
C1_2h_ActD_STM_EM_wt	WT	C1	ActD	STM	EM	2h	2	TDH1	2024-08-07	rep3	16.6117144410722	10.3328110839339	FALSE
C1_2h_ActD_STM_EM_wt	WT	C1	ActD	STM	EM	2h	2	mCherry	2024-08-07	rep3	16.7862243486632	9.05227365700289	FALSE
C1_2h_ActD_STM_EM_wt	WT	C1	ActD	STM	EM	2h	2	Neon2	2024-08-07	rep3	16.8454192777619	8.49450242574213	FALSE
C1_2h_ActD_STM_EM_wt	WT	C1	ActD	STM	EM	2h	2	GAPDH	2024-08-07	rep3	16.8531237396022	9.21216999207204	FALSE
C1_2h_ActD_STM_EM_wt	WT	C1	ActD	STM	EM	2h	2	YTHDF2	2024-08-07	rep3	17.0280919125188	7.48939417080453	FALSE
C1_2h_ActD_STM_EM_wt	WT	C1	ActD	STM	EM	2h	2	MYC	2024-08-07	rep3	16.4890067974384	10.9179798333205	FALSE
C1_4h_ActD_STM_EM_wt	WT	C1	ActD	STM	EM	4h	4	TDH1	2024-08-07	rep1	16.5596184692674	10.5103536478611	FALSE
C1_4h_ActD_STM_EM_wt	WT	C1	ActD	STM	EM	4h	4	mCherry	2024-08-07	rep1	16.7502275005993	9.10449268508594	FALSE
C1_4h_ActD_STM_EM_wt	WT	C1	ActD	STM	EM	4h	4	Neon2	2024-08-07	rep1	17.3612829175852	6.09274980549634	FALSE
C1_4h_ActD_STM_EM_wt	WT	C1	ActD	STM	EM	4h	4	GAPDH	2024-08-07	rep1	16.8794377561879	8.99855237453827	FALSE
C1_4h_ActD_STM_EM_wt	WT	C1	ActD	STM	EM	4h	4	YTHDF2	2024-08-07	rep1	16.9120260910093	8.1319604744057	FALSE
C1_4h_ActD_STM_EM_wt	WT	C1	ActD	STM	EM	4h	4	MYC	2024-08-07	rep1	16.3796695142779	11.7657581875016	FALSE
C1_4h_ActD_STM_EM_wt	WT	C1	ActD	STM	EM	4h	4	TDH1	2024-08-07	rep2	22.0118856943914	0.237012882316355	FALSE
C1_4h_ActD_STM_EM_wt	WT	C1	ActD	STM	EM	4h	4	mCherry	2024-08-07	rep2	22.3264561905396	0.19123694048328	FALSE
C1_4h_ActD_STM_EM_wt	WT	C1	ActD	STM	EM	4h	4	Neon2	2024-08-07	rep2	22.8770941675287	0.129810087646458	FALSE
C1_4h_ActD_STM_EM_wt	WT	C1	ActD	STM	EM	4h	4	GAPDH	2024-08-07	rep2	22.6455803588547	0.153833348852838	FALSE
C1_4h_ActD_STM_EM_wt	WT	C1	ActD	STM	EM	4h	4	YTHDF2	2024-08-07	rep2	22.1301318616477	0.278272158401419	FALSE
C1_4h_ActD_STM_EM_wt	WT	C1	ActD	STM	EM	4h	4	MYC	2024-08-07	rep2	22.0596494891392	0.228778192819908	FALSE
C1_4h_ActD_STM_EM_wt	WT	C1	ActD	STM	EM	4h	4	TDH1	2024-08-07	rep3	22.0312167853404	0.233323728027453	FALSE
C1_4h_ActD_STM_EM_wt	WT	C1	ActD	STM	EM	4h	4	mCherry	2024-08-07	rep3	22.3743088098037	0.185188658422951	FALSE
C1_4h_ActD_STM_EM_wt	WT	C1	ActD	STM	EM	4h	4	Neon2	2024-08-07	rep3	22.7755745374788	0.13935622419647	FALSE
C1_4h_ActD_STM_EM_wt	WT	C1	ActD	STM	EM	4h	4	GAPDH	2024-08-07	rep3	22.3806297249654	0.183504758484912	FALSE
C1_4h_ActD_STM_EM_wt	WT	C1	ActD	STM	EM	4h	4	YTHDF2	2024-08-07	rep3	22.1417514807504	0.282051709002612	FALSE
C1_4h_ActD_STM_EM_wt	WT	C1	ActD	STM	EM	4h	4	MYC	2024-08-07	rep3	22.0764509212257	0.226113430820791	FALSE
C2_0h_ActD_mock_none_wt	WT	C2	ActD	mock	CHX	0h	0	TDH1	2024-08-07	rep1	23.041879953394	0.115854990270186	FALSE
C2_0h_ActD_mock_none_wt	WT	C2	ActD	mock	CHX	0h	0	mCherry	2024-08-07	rep1	22.2739851391524	0.19733853721518	FALSE
C2_0h_ActD_mock_none_wt	WT	C2	ActD	mock	CHX	0h	0	Neon2	2024-08-07	rep1	20.301194419371	0.774329862225668	FALSE
C2_0h_ActD_mock_none_wt	WT	C2	ActD	mock	CHX	0h	0	GAPDH	2024-08-07	rep1	21.7262919101437	0.289828512385599	FALSE
C2_0h_ActD_mock_none_wt	WT	C2	ActD	mock	CHX	0h	0	YTHDF2	2024-08-07	rep1	22.4759519716945	0.172138680133846	FALSE
C2_0h_ActD_mock_none_wt	WT	C2	ActD	mock	CHX	0h	0	MYC	2024-08-07	rep1	22.9136396645	0.126563966198048	FALSE
C2_0h_ActD_mock_none_wt	WT	C2	ActD	mock	CHX	0h	0	TDH1	2024-08-07	rep2	22.477423009216	0.171258710308307	FALSE
C2_0h_ActD_mock_none_wt	WT	C2	ActD	mock	CHX	0h	0	mCherry	2024-08-07	rep2	21.5265252439569	0.331250785197029	FALSE
C2_0h_ActD_mock_none_wt	WT	C2	ActD	mock	CHX	0h	0	Neon2	2024-08-07	rep2	19.9896315925771	0.960774416352388	FALSE
C2_0h_ActD_mock_none_wt	WT	C2	ActD	mock	CHX	0h	0	GAPDH	2024-08-07	rep2	21.4861734926831	0.340423060782626	FALSE
C2_0h_ActD_mock_none_wt	WT	C2	ActD	mock	CHX	0h	0	YTHDF2	2024-08-07	rep2	22.2631217415173	0.198691648436905	FALSE
C2_0h_ActD_mock_none_wt	WT	C2	ActD	mock	CHX	0h	0	MYC	2024-08-07	rep2	22.2372344494398	0.202267356851265	FALSE
C2_0h_ActD_mock_none_wt	WT	C2	ActD	mock	CHX	0h	0	TDH1	2024-08-07	rep3	22.9218325991482	0.125851279509497	FALSE
C2_0h_ActD_mock_none_wt	WT	C2	ActD	mock	CHX	0h	0	mCherry	2024-08-07	rep3	22.0224181838415	0.234985128390023	FALSE
C2_0h_ActD_mock_none_wt	WT	C2	ActD	mock	CHX	0h	0	Neon2	2024-08-07	rep3	20.0538873271012	0.919151604214267	FALSE
C2_0h_ActD_mock_none_wt	WT	C2	ActD	mock	CHX	0h	0	GAPDH	2024-08-07	rep3	21.607059076008	0.314014116138681	FALSE
C2_0h_ActD_mock_none_wt	WT	C2	ActD	mock	CHX	0h	0	YTHDF2	2024-08-07	rep3	22.4230668093975	0.177873927809963	FALSE
C2_0h_ActD_mock_none_wt	WT	C2	ActD	mock	CHX	0h	0	MYC	2024-08-07	rep3	22.7556105428107	0.141659655727781	FALSE
C2_0h_ActD_STM_none_wt	WT	C2	ActD	STM	CHX	0h	0	TDH1	2024-08-07	rep1	23.0934046202599	0.111786499425974	FALSE
C2_0h_ActD_STM_none_wt	WT	C2	ActD	STM	CHX	0h	0	mCherry	2024-08-07	rep1	21.8771151470681	0.261483588839561	FALSE
C2_0h_ActD_STM_none_wt	WT	C2	ActD	STM	CHX	0h	0	Neon2	2024-08-07	rep1	20.6419454409982	0.621983803426546	FALSE
C2_0h_ActD_STM_none_wt	WT	C2	ActD	STM	CHX	0h	0	GAPDH	2024-08-07	rep1	22.2190168021668	0.204853126458749	FALSE
C2_0h_ActD_STM_none_wt	WT	C2	ActD	STM	CHX	0h	0	YTHDF2	2024-08-07	rep1	22.9238013368541	0.126055466675024	FALSE
C2_0h_ActD_STM_none_wt	WT	C2	ActD	STM	CHX	0h	0	MYC	2024-08-07	rep1	23.093143812312	0.112056621990081	FALSE
C2_0h_ActD_STM_none_wt	WT	C2	ActD	STM	CHX	0h	0	TDH1	2024-08-07	rep2	22.7995373954079	0.136979457846544	FALSE
C2_0h_ActD_STM_none_wt	WT	C2	ActD	STM	CHX	0h	0	mCherry	2024-08-07	rep2	21.8918644995053	0.257347651264638	FALSE
C2_0h_ActD_STM_none_wt	WT	C2	ActD	STM	CHX	0h	0	Neon2	2024-08-07	rep2	20.9936488182794	0.478945778606229	FALSE
C2_0h_ActD_STM_none_wt	WT	C2	ActD	STM	CHX	0h	0	GAPDH	2024-08-07	rep2	21.6920564837559	0.295558828619048	FALSE
C2_0h_ActD_STM_none_wt	WT	C2	ActD	STM	CHX	0h	0	YTHDF2	2024-08-07	rep2	22.764314220176	0.140378837115629	FALSE
C2_0h_ActD_STM_none_wt	WT	C2	ActD	STM	CHX	0h	0	MYC	2024-08-07	rep2	22.6890818775821	0.147878891334871	FALSE
C2_0h_ActD_STM_none_wt	WT	C2	ActD	STM	CHX	0h	0	TDH1	2024-08-07	rep3	22.6929720959926	0.147480686319593	FALSE
C2_0h_ActD_STM_none_wt	WT	C2	ActD	STM	CHX	0h	0	mCherry	2024-08-07	rep3	21.8806732485582	0.262988174650521	FALSE
C2_0h_ActD_STM_none_wt	WT	C2	ActD	STM	CHX	0h	0	Neon2	2024-08-07	rep3	20.9833224770943	0.482719304562635	FALSE
C2_0h_ActD_STM_none_wt	WT	C2	ActD	STM	CHX	0h	0	GAPDH	2024-08-07	rep3	21.849080976893	0.265423332219801	FALSE
C2_0h_ActD_STM_none_wt	WT	C2	ActD	STM	CHX	0h	0	YTHDF2	2024-08-07	rep3	22.9606771721377	0.122681425516105	FALSE
C2_0h_ActD_STM_none_wt	WT	C2	ActD	STM	CHX	0h	0	MYC	2024-08-07	rep3	22.5039514858381	0.168133998179985	FALSE
C2_1h_ActD_mock_CHX_wt	WT	C2	ActD	mock	CHX	1h	1	TDH1	2024-08-07	rep1	22.789562201795	0.137931564720441	FALSE
C2_1h_ActD_mock_CHX_wt	WT	C2	ActD	mock	CHX	1h	1	mCherry	2024-08-07	rep1	22.8653603180397	0.130896773577022	FALSE
C2_1h_ActD_mock_CHX_wt	WT	C2	ActD	mock	CHX	1h	1	Neon2	2024-08-07	rep1	20.9395052898372	0.497262185617856	FALSE
C2_1h_ActD_mock_CHX_wt	WT	C2	ActD	mock	CHX	1h	1	GAPDH	2024-08-07	rep1	22.2816914623764	0.196131679915799	FALSE
C2_1h_ActD_mock_CHX_wt	WT	C2	ActD	mock	CHX	1h	1	YTHDF2	2024-08-07	rep1	22.6728061343353	0.149558357000143	FALSE
C2_1h_ActD_mock_CHX_wt	WT	C2	ActD	mock	CHX	1h	1	MYC	2024-08-07	rep1	24.0232617928475	0.0586529665950163	FALSE
C2_1h_ActD_mock_CHX_wt	WT	C2	ActD	mock	CHX	1h	1	TDH1	2024-08-07	rep2	22.7193451921089	0.14481083421446	FALSE
C2_1h_ActD_mock_CHX_wt	WT	C2	ActD	mock	CHX	1h	1	mCherry	2024-08-07	rep2	22.6252387285872	0.154577214593487	FALSE
C2_1h_ActD_mock_CHX_wt	WT	C2	ActD	mock	CHX	1h	1	Neon2	2024-08-07	rep2	20.9287785327206	0.500973213709417	FALSE
C2_1h_ActD_mock_CHX_wt	WT	C2	ActD	mock	CHX	1h	1	GAPDH	2024-08-07	rep2	22.3279424016849	0.189946356520812	FALSE
C2_1h_ActD_mock_CHX_wt	WT	C2	ActD	mock	CHX	1h	1	YTHDF2	2024-08-07	rep2	22.4155221520077	0.178753874653766	FALSE
C2_1h_ActD_mock_CHX_wt	WT	C2	ActD	mock	CHX	1h	1	MYC	2024-08-07	rep2	23.9484203250431	0.0617742005932379	FALSE
C2_1h_ActD_mock_CHX_wt	WT	C2	ActD	mock	CHX	1h	1	TDH1	2024-08-07	rep3	21.2710982783426	0.395153784920059	FALSE
C2_1h_ActD_mock_CHX_wt	WT	C2	ActD	mock	CHX	1h	1	mCherry	2024-08-07	rep3	21.3058593124887	0.385800472423315	FALSE
C2_1h_ActD_mock_CHX_wt	WT	C2	ActD	mock	CHX	1h	1	Neon2	2024-08-07	rep3	19.3972646795508	1.44825642239084	FALSE
C2_1h_ActD_mock_CHX_wt	WT	C2	ActD	mock	CHX	1h	1	GAPDH	2024-08-07	rep3	21.4360465881768	0.352461618662251	FALSE
C2_1h_ActD_mock_CHX_wt	WT	C2	ActD	mock	CHX	1h	1	YTHDF2	2024-08-07	rep3	21.3616619018767	0.371110993391686	FALSE
C2_1h_ActD_mock_CHX_wt	WT	C2	ActD	mock	CHX	1h	1	MYC	2024-08-07	rep3	22.0854267851899	0.224713524444766	FALSE
C2_2h_ActD_mock_CHX_wt	WT	C2	ActD	mock	CHX	2h	2	TDH1	2024-08-07	rep1	21.0082561500151	0.474210597549513	FALSE
C2_2h_ActD_mock_CHX_wt	WT	C2	ActD	mock	CHX	2h	2	mCherry	2024-08-07	rep1	21.1088918131468	0.44224772767016	FALSE
C2_2h_ActD_mock_CHX_wt	WT	C2	ActD	mock	CHX	2h	2	Neon2	2024-08-07	rep1	19.3037890984832	1.54544479599637	FALSE
C2_2h_ActD_mock_CHX_wt	WT	C2	ActD	mock	CHX	2h	2	GAPDH	2024-08-07	rep1	20.5160894914859	0.666997454581501	FALSE
C2_2h_ActD_mock_CHX_wt	WT	C2	ActD	mock	CHX	2h	2	YTHDF2	2024-08-07	rep1	21.6717651513553	0.299392346507379	FALSE
C2_2h_ActD_mock_CHX_wt	WT	C2	ActD	mock	CHX	2h	2	MYC	2024-08-07	rep1	22.1965831807363	0.208093846319725	FALSE
C2_2h_ActD_mock_CHX_wt	WT	C2	ActD	mock	CHX	2h	2	TDH1	2024-08-07	rep2	20.2115069076484	0.823634383843179	FALSE
C2_2h_ActD_mock_CHX_wt	WT	C2	ActD	mock	CHX	2h	2	mCherry	2024-08-07	rep2	21.2368294735012	0.404703518884373	FALSE
C2_2h_ActD_mock_CHX_wt	WT	C2	ActD	mock	CHX	2h	2	Neon2	2024-08-07	rep2	19.6049435329914	1.25408791876844	FALSE
C2_2h_ActD_mock_CHX_wt	WT	C2	ActD	mock	CHX	2h	2	GAPDH	2024-08-07	rep2	19.6730898297939	1.19622791514456	FALSE
C2_2h_ActD_mock_CHX_wt	WT	C2	ActD	mock	CHX	2h	2	YTHDF2	2024-08-07	rep2	20.82455205364	0.538505019875111	FALSE
C2_2h_ActD_mock_CHX_wt	WT	C2	ActD	mock	CHX	2h	2	MYC	2024-08-07	rep2	21.5979495525962	0.315046207601234	FALSE
C2_2h_ActD_mock_CHX_wt	WT	C2	ActD	mock	CHX	2h	2	TDH1	2024-08-07	rep3	20.5368642023597	0.657343394718479	FALSE
C2_2h_ActD_mock_CHX_wt	WT	C2	ActD	mock	CHX	2h	2	mCherry	2024-08-07	rep3	20.7299313893955	0.57500172484586	FALSE
C2_2h_ActD_mock_CHX_wt	WT	C2	ActD	mock	CHX	2h	2	Neon2	2024-08-07	rep3	19.1813800643946	1.68202760896011	FALSE
C2_2h_ActD_mock_CHX_wt	WT	C2	ActD	mock	CHX	2h	2	GAPDH	2024-08-07	rep3	20.6368419733213	0.61333258546272	FALSE
C2_2h_ActD_mock_CHX_wt	WT	C2	ActD	mock	CHX	2h	2	YTHDF2	2024-08-07	rep3	21.0036852143441	0.475945449977649	FALSE
C2_2h_ActD_mock_CHX_wt	WT	C2	ActD	mock	CHX	2h	2	MYC	2024-08-07	rep3	21.8191145120467	0.270465553096795	FALSE
C2_4h_ActD_mock_CHX_wt	WT	C2	ActD	mock	CHX	4h	4	TDH1	2024-08-07	rep1	17.2107860470327	6.59235024227558	FALSE
C2_4h_ActD_mock_CHX_wt	WT	C2	ActD	mock	CHX	4h	4	mCherry	2024-08-07	rep1	17.5664190674998	5.15267840627154	FALSE
C2_4h_ActD_mock_CHX_wt	WT	C2	ActD	mock	CHX	4h	4	Neon2	2024-08-07	rep1	16.8441710210467	8.49967384207048	FALSE
C2_4h_ActD_mock_CHX_wt	WT	C2	ActD	mock	CHX	4h	4	GAPDH	2024-08-07	rep1	17.2791780707277	6.28712720021338	FALSE
C2_4h_ActD_mock_CHX_wt	WT	C2	ActD	mock	CHX	4h	4	YTHDF2	2024-08-07	rep1	18.4324535611775	2.8267159222623	FALSE
C2_4h_ActD_mock_CHX_wt	WT	C2	ActD	mock	CHX	4h	4	MYC	2024-08-07	rep1	18.6637390057345	2.40801062719779	FALSE
C2_4h_ActD_mock_CHX_wt	WT	C2	ActD	mock	CHX	4h	4	TDH1	2024-08-07	rep2	16.970184879164	7.79069778590722	FALSE
C2_4h_ActD_mock_CHX_wt	WT	C2	ActD	mock	CHX	4h	4	mCherry	2024-08-07	rep2	17.7029668193304	4.6873661730429	FALSE
C2_4h_ActD_mock_CHX_wt	WT	C2	ActD	mock	CHX	4h	4	Neon2	2024-08-07	rep2	16.7388564444424	9.14555675122126	FALSE
C2_4h_ActD_mock_CHX_wt	WT	C2	ActD	mock	CHX	4h	4	GAPDH	2024-08-07	rep2	17.2405753824488	6.45928239399856	FALSE
C2_4h_ActD_mock_CHX_wt	WT	C2	ActD	mock	CHX	4h	4	YTHDF2	2024-08-07	rep2	18.3808965134616	2.93041458285172	FALSE
C2_4h_ActD_mock_CHX_wt	WT	C2	ActD	mock	CHX	4h	4	MYC	2024-08-07	rep2	18.6952469367407	2.35670190859254	FALSE
C2_4h_ActD_mock_CHX_wt	WT	C2	ActD	mock	CHX	4h	4	TDH1	2024-08-07	rep3	21.0990673086562	0.445197330305467	FALSE
C2_4h_ActD_mock_CHX_wt	WT	C2	ActD	mock	CHX	4h	4	mCherry	2024-08-07	rep3	21.2961892720483	0.38833720739342	FALSE
C2_4h_ActD_mock_CHX_wt	WT	C2	ActD	mock	CHX	4h	4	Neon2	2024-08-07	rep3	20.7292620671699	0.575274148905173	FALSE
C2_4h_ActD_mock_CHX_wt	WT	C2	ActD	mock	CHX	4h	4	GAPDH	2024-08-07	rep3	21.6261385230906	0.308950244535793	FALSE
C2_4h_ActD_mock_CHX_wt	WT	C2	ActD	mock	CHX	4h	4	YTHDF2	2024-08-07	rep3	22.339051291032	0.188490829193816	FALSE
C2_4h_ActD_mock_CHX_wt	WT	C2	ActD	mock	CHX	4h	4	MYC	2024-08-07	rep3	22.8883493526659	0.128805902684807	FALSE
C2_1h_ActD_STM_CHX_wt	WT	C2	ActD	STM	CHX	1h	1	TDH1	2024-08-07	rep1	21.1156063412088	0.440122745883624	FALSE
C2_1h_ActD_STM_CHX_wt	WT	C2	ActD	STM	CHX	1h	1	mCherry	2024-08-07	rep1	21.2507263252531	0.400823973911003	FALSE
C2_1h_ActD_STM_CHX_wt	WT	C2	ActD	STM	CHX	1h	1	Neon2	2024-08-07	rep1	20.0866780049035	0.898073041015415	FALSE
C2_1h_ActD_STM_CHX_wt	WT	C2	ActD	STM	CHX	1h	1	GAPDH	2024-08-07	rep1	21.2617029640379	0.397737181896767	FALSE
C2_1h_ActD_STM_CHX_wt	WT	C2	ActD	STM	CHX	1h	1	YTHDF2	2024-08-07	rep1	21.2223950038999	0.408722967820388	FALSE
C2_1h_ActD_STM_CHX_wt	WT	C2	ActD	STM	CHX	1h	1	MYC	2024-08-07	rep1	21.0645304859799	0.455985362523151	FALSE
C2_1h_ActD_STM_CHX_wt	WT	C2	ActD	STM	CHX	1h	1	TDH1	2024-08-07	rep2	22.9287367146166	0.125247200394249	FALSE
C2_1h_ActD_STM_CHX_wt	WT	C2	ActD	STM	CHX	1h	1	mCherry	2024-08-07	rep2	22.0645865683169	0.22802359427705	FALSE
C2_1h_ActD_STM_CHX_wt	WT	C2	ActD	STM	CHX	1h	1	Neon2	2024-08-07	rep2	21.0692039822845	0.45450879877989	FALSE
C2_1h_ActD_STM_CHX_wt	WT	C2	ActD	STM	CHX	1h	1	GAPDH	2024-08-07	rep2	22.9214648799209	0.125880095543316	FALSE
C2_1h_ActD_STM_CHX_wt	WT	C2	ActD	STM	CHX	1h	1	YTHDF2	2024-08-07	rep2	22.409327741455	0.179525216759467	FALSE
C2_1h_ActD_STM_CHX_wt	WT	C2	ActD	STM	CHX	1h	1	MYC	2024-08-07	rep2	22.3669430764779	0.185042004345355	FALSE
C2_1h_ActD_STM_CHX_wt	WT	C2	ActD	STM	CHX	1h	1	TDH1	2024-08-07	rep3	22.4257173200658	0.17749728429092	FALSE
C2_1h_ActD_STM_CHX_wt	WT	C2	ActD	STM	CHX	1h	1	mCherry	2024-08-07	rep3	22.5106952514739	0.16768650059727	FALSE
C2_1h_ActD_STM_CHX_wt	WT	C2	ActD	STM	CHX	1h	1	Neon2	2024-08-07	rep3	21.2606502881137	0.398025869624911	FALSE
C2_1h_ActD_STM_CHX_wt	WT	C2	ActD	STM	CHX	1h	1	GAPDH	2024-08-07	rep3	22.4048114903682	0.180088086961849	FALSE
C2_1h_ActD_STM_CHX_wt	WT	C2	ActD	STM	CHX	1h	1	YTHDF2	2024-08-07	rep3	22.6813852580137	0.148671634475039	FALSE
C2_1h_ActD_STM_CHX_wt	WT	C2	ActD	STM	CHX	1h	1	MYC	2024-08-07	rep3	22.5054655784982	0.16795198172744	FALSE
C2_2h_ActD_STM_CHX_wt	WT	C2	ActD	STM	CHX	2h	2	TDH1	2024-08-07	rep1	23.1483282813362	0.107563391029678	FALSE
C2_2h_ActD_STM_CHX_wt	WT	C2	ActD	STM	CHX	2h	2	mCherry	2024-08-07	rep1	22.8741246720986	0.130104008130809	FALSE
C2_2h_ActD_STM_CHX_wt	WT	C2	ActD	STM	CHX	2h	2	Neon2	2024-08-07	rep1	22.0028935126367	0.237943674320648	FALSE
C2_2h_ActD_STM_CHX_wt	WT	C2	ActD	STM	CHX	2h	2	GAPDH	2024-08-07	rep1	23.1157267848607	0.110021737128725	FALSE
C2_2h_ActD_STM_CHX_wt	WT	C2	ActD	STM	CHX	2h	2	YTHDF2	2024-08-07	rep1	22.9880849606453	0.12020222065447	FALSE
C2_2h_ActD_STM_CHX_wt	WT	C2	ActD	STM	CHX	2h	2	MYC	2024-08-07	rep1	23.0399614084733	0.115956792749069	FALSE
C2_2h_ActD_STM_CHX_wt	WT	C2	ActD	STM	CHX	2h	2	TDH1	2024-08-07	rep2	23.5128199328392	0.08354909389546	FALSE
C2_2h_ActD_STM_CHX_wt	WT	C2	ActD	STM	CHX	2h	2	mCherry	2024-08-07	rep2	22.9842472401809	0.120542815886579	FALSE
C2_2h_ActD_STM_CHX_wt	WT	C2	ActD	STM	CHX	2h	2	Neon2	2024-08-07	rep2	22.1373253478734	0.216773510827923	FALSE
C2_2h_ActD_STM_CHX_wt	WT	C2	ActD	STM	CHX	2h	2	GAPDH	2024-08-07	rep2	23.5263566946676	0.0827688230343019	FALSE
C2_2h_ActD_STM_CHX_wt	WT	C2	ActD	STM	CHX	2h	2	YTHDF2	2024-08-07	rep2	23.6568559827349	0.0756105930378568	FALSE
C2_2h_ActD_STM_CHX_wt	WT	C2	ActD	STM	CHX	2h	2	MYC	2024-08-07	rep2	23.6731212576393	0.0747629306174159	FALSE
C2_2h_ActD_STM_CHX_wt	WT	C2	ActD	STM	CHX	2h	2	TDH1	2024-08-07	rep3	23.6827707128476	0.0742645487000359	FALSE
C2_2h_ActD_STM_CHX_wt	WT	C2	ActD	STM	CHX	2h	2	mCherry	2024-08-07	rep3	22.9744400679501	0.121365013719953	FALSE
C2_2h_ActD_STM_CHX_wt	WT	C2	ActD	STM	CHX	2h	2	Neon2	2024-08-07	rep3	22.3207764193925	0.190972600845219	FALSE
C2_2h_ActD_STM_CHX_wt	WT	C2	ActD	STM	CHX	2h	2	GAPDH	2024-08-07	rep3	23.7836161230747	0.0692849215858268	FALSE
C2_2h_ActD_STM_CHX_wt	WT	C2	ActD	STM	CHX	2h	2	YTHDF2	2024-08-07	rep3	23.6427801235273	0.0763892042240062	FALSE
C2_2h_ActD_STM_CHX_wt	WT	C2	ActD	STM	CHX	2h	2	MYC	2024-08-07	rep3	23.5330157908444	0.0824275370865236	FALSE
C2_4h_ActD_STM_CHX_wt	WT	C2	ActD	STM	CHX	4h	4	TDH1	2024-08-07	rep1	24.1152226922145	0.0550301563348177	FALSE
C2_4h_ActD_STM_CHX_wt	WT	C2	ActD	STM	CHX	4h	4	mCherry	2024-08-07	rep1	23.1794899814532	0.105285589292036	FALSE
C2_4h_ActD_STM_CHX_wt	WT	C2	ActD	STM	CHX	4h	4	Neon2	2024-08-07	rep1	23.0991472398479	0.111293405062254	FALSE
C2_4h_ActD_STM_CHX_wt	WT	C2	ActD	STM	CHX	4h	4	GAPDH	2024-08-07	rep1	24.3946656586726	0.0453398599688364	FALSE
C2_4h_ActD_STM_CHX_wt	WT	C2	ActD	STM	CHX	4h	4	YTHDF2	2024-08-07	rep1	24.1680243424283	0.0530525047513876	FALSE
C2_4h_ActD_STM_CHX_wt	WT	C2	ActD	STM	CHX	4h	4	MYC	2024-08-07	rep1	24.2488104064786	0.0501633931846375	FALSE
C2_4h_ActD_STM_CHX_wt	WT	C2	ActD	STM	CHX	4h	4	TDH1	2024-08-07	rep2	24.2557983940182	0.0499210044784701	FALSE
C2_4h_ActD_STM_CHX_wt	WT	C2	ActD	STM	CHX	4h	4	mCherry	2024-08-07	rep2	23.6144577460036	0.0778814491167138	FALSE
C2_4h_ActD_STM_CHX_wt	WT	C2	ActD	STM	CHX	4h	4	Neon2	2024-08-07	rep2	23.3332607890289	0.0946224837951274	FALSE
C2_4h_ActD_STM_CHX_wt	WT	C2	ActD	STM	CHX	4h	4	GAPDH	2024-08-07	rep2	24.3554968796904	0.0465876851474669	FALSE
C2_4h_ActD_STM_CHX_wt	WT	C2	ActD	STM	CHX	4h	4	YTHDF2	2024-08-07	rep2	24.0910196424202	0.0559611432511971	FALSE
C2_4h_ActD_STM_CHX_wt	WT	C2	ActD	STM	CHX	4h	4	MYC	2024-08-07	rep2	24.4280035472102	0.0443041579985675	FALSE
C2_4h_ActD_STM_CHX_wt	WT	C2	ActD	STM	CHX	4h	4	TDH1	2024-08-07	rep3	23.9157076965908	0.0631917880069912	FALSE
C2_4h_ActD_STM_CHX_wt	WT	C2	ActD	STM	CHX	4h	4	mCherry	2024-08-07	rep3	23.6128508751375	0.0779516686491106	FALSE
C2_4h_ActD_STM_CHX_wt	WT	C2	ActD	STM	CHX	4h	4	Neon2	2024-08-07	rep3	23.1288356163873	0.109026570832679	FALSE
C2_4h_ActD_STM_CHX_wt	WT	C2	ActD	STM	CHX	4h	4	GAPDH	2024-08-07	rep3	23.9222977340731	0.0629037951328658	FALSE
C2_4h_ActD_STM_CHX_wt	WT	C2	ActD	STM	CHX	4h	4	YTHDF2	2024-08-07	rep3	24.091340865977	0.0559486846195604	FALSE
C2_4h_ActD_STM_CHX_wt	WT	C2	ActD	STM	CHX	4h	4	MYC	2024-08-07	rep3	24.6020706401485	0.0392685767428685	FALSE
C4_0h_ActD_mock_none_wt	WT	C4	ActD	mock	mock	0h	0	TDH1	2024-08-07	rep1	23.6827707128476	0.0742645487000359	FALSE
C4_0h_ActD_mock_none_wt	WT	C4	ActD	mock	mock	0h	0	mCherry	2024-08-07	rep1	24.0758411379501	0.0565649617003358	FALSE
C4_0h_ActD_mock_none_wt	WT	C4	ActD	mock	mock	0h	0	Neon2	2024-08-07	rep1	23.768634243299	0.0699735795222141	FALSE
C4_0h_ActD_mock_none_wt	WT	C4	ActD	mock	mock	0h	0	GAPDH	2024-08-07	rep1	23.7300878620107	0.0718683523994717	FALSE
C4_0h_ActD_mock_none_wt	WT	C4	ActD	mock	mock	0h	0	YTHDF2	2024-08-07	rep1	22.5898865690245	0.15840610753702	FALSE
C4_0h_ActD_mock_none_wt	WT	C4	ActD	mock	mock	0h	0	MYC	2024-08-07	rep1	22.4803692758929	0.170899133431758	FALSE
C4_0h_ActD_mock_none_wt	WT	C4	ActD	mock	mock	0h	0	TDH1	2024-08-07	rep2	23.8706544435559	0.0651963078447973	FALSE
C4_0h_ActD_mock_none_wt	WT	C4	ActD	mock	mock	0h	0	mCherry	2024-08-07	rep2	24.2609531039654	0.0497536278566877	FALSE
C4_0h_ActD_mock_none_wt	WT	C4	ActD	mock	mock	0h	0	Neon2	2024-08-07	rep2	23.9916608480232	0.0599510101762758	FALSE
C4_0h_ActD_mock_none_wt	WT	C4	ActD	mock	mock	0h	0	GAPDH	2024-08-07	rep2	23.2050796287054	0.103414313940427	FALSE
C4_0h_ActD_mock_none_wt	WT	C4	ActD	mock	mock	0h	0	YTHDF2	2024-08-07	rep2	22.1182539931904	0.219658114986607	FALSE
C4_0h_ActD_mock_none_wt	WT	C4	ActD	mock	mock	0h	0	MYC	2024-08-07	rep2	22.8125280998694	0.135753254432574	FALSE
C4_0h_ActD_mock_none_wt	WT	C4	ActD	mock	mock	0h	0	TDH1	2024-08-07	rep3	23.9019938008449	0.0637953362640295	FALSE
C4_0h_ActD_mock_none_wt	WT	C4	ActD	mock	mock	0h	0	mCherry	2024-08-07	rep3	24.2100500801016	0.0515403868585447	FALSE
C4_0h_ActD_mock_none_wt	WT	C4	ActD	mock	mock	0h	0	Neon2	2024-08-07	rep3	23.858290065122	0.0657749430961132	FALSE
C4_0h_ActD_mock_none_wt	WT	C4	ActD	mock	mock	0h	0	GAPDH	2024-08-07	rep3	23.8607310917423	0.0656637503579934	FALSE
C4_0h_ActD_mock_none_wt	WT	C4	ActD	mock	mock	0h	0	YTHDF2	2024-08-07	rep3	22.3194859218839	0.191104770046423	FALSE
C4_0h_ActD_mock_none_wt	WT	C4	ActD	mock	mock	0h	0	MYC	2024-08-07	rep3	22.7419523915831	0.142593756027472	FALSE
C4_1h_ActD_mock_none_wt	WT	C4	ActD	mock	mock	1h	1	TDH1	2024-08-07	rep1	24.1152226922145	0.0550301563348177	FALSE
C4_1h_ActD_mock_none_wt	WT	C4	ActD	mock	mock	1h	1	mCherry	2024-08-07	rep1	24.1807636814532	0.0525973082779245	FALSE
C4_1h_ActD_mock_none_wt	WT	C4	ActD	mock	mock	1h	1	Neon2	2024-08-07	rep1	24.0988295038479	0.0556590231192221	FALSE
C4_1h_ActD_mock_none_wt	WT	C4	ActD	mock	mock	1h	1	GAPDH	2024-08-07	rep1	24.2325399210673	0.0507323291502713	FALSE
C4_1h_ActD_mock_none_wt	WT	C4	ActD	mock	mock	1h	1	YTHDF2	2024-08-07	rep1	23.178586852841	0.105329728841974	FALSE
C4_1h_ActD_mock_none_wt	WT	C4	ActD	mock	mock	1h	1	MYC	2024-08-07	rep1	23.2594086395597	0.0995912515427273	FALSE
C4_1h_ActD_mock_none_wt	WT	C4	ActD	mock	mock	1h	1	TDH1	2024-08-07	rep2	23.128633647387	0.109041834968642	FALSE
C4_1h_ActD_mock_none_wt	WT	C4	ActD	mock	mock	1h	1	mCherry	2024-08-07	rep2	23.2704914683575	0.0988497257115323	FALSE
C4_1h_ActD_mock_none_wt	WT	C4	ActD	mock	mock	1h	1	Neon2	2024-08-07	rep2	23.3968433104518	0.0905428434271273	FALSE
C4_1h_ActD_mock_none_wt	WT	C4	ActD	mock	mock	1h	1	GAPDH	2024-08-07	rep2	23.1215084076151	0.109581706326976	FALSE
C4_1h_ActD_mock_none_wt	WT	C4	ActD	mock	mock	1h	1	YTHDF2	2024-08-07	rep2	22.1819361342643	0.210173060035194	FALSE
C4_1h_ActD_mock_none_wt	WT	C4	ActD	mock	mock	1h	1	MYC	2024-08-07	rep2	22.8148190301289	0.135537856211372	FALSE
C4_1h_ActD_mock_none_wt	WT	C4	ActD	mock	mock	1h	1	TDH1	2024-08-07	rep3	18.9191393520955	2.01732251321341	FALSE
C4_1h_ActD_mock_none_wt	WT	C4	ActD	mock	mock	1h	1	mCherry	2024-08-07	rep3	19.3778495832284	1.46821895603875	FALSE
C4_1h_ActD_mock_none_wt	WT	C4	ActD	mock	mock	1h	1	Neon2	2024-08-07	rep3	19.3672089826127	1.47874441415046	FALSE
C4_1h_ActD_mock_none_wt	WT	C4	ActD	mock	mock	1h	1	GAPDH	2024-08-07	rep3	18.7176113050505	2.31975031540073	FALSE
C4_1h_ActD_mock_none_wt	WT	C4	ActD	mock	mock	1h	1	YTHDF2	2024-08-07	rep3	18.0457867710043	3.69556051874726	FALSE
C4_1h_ActD_mock_none_wt	WT	C4	ActD	mock	mock	1h	1	MYC	2024-08-07	rep3	18.0436817575647	3.70095658133365	FALSE
C4_2h_ActD_mock_none_wt	WT	C4	ActD	mock	mock	2h	2	TDH1	2024-08-07	rep1	23.1542994385373	0.107119118654259	FALSE
C4_2h_ActD_mock_none_wt	WT	C4	ActD	mock	mock	2h	2	mCherry	2024-08-07	rep1	22.9491378981554	0.123512247723278	FALSE
C4_2h_ActD_mock_none_wt	WT	C4	ActD	mock	mock	2h	2	Neon2	2024-08-07	rep1	23.2737909218586	0.098604453069538	FALSE
C4_2h_ActD_mock_none_wt	WT	C4	ActD	mock	mock	2h	2	GAPDH	2024-08-07	rep1	23.1125224325825	0.110266376246942	FALSE
C4_2h_ActD_mock_none_wt	WT	C4	ActD	mock	mock	2h	2	YTHDF2	2024-08-07	rep1	22.1797955935592	0.21048512682086	FALSE
C4_2h_ActD_mock_none_wt	WT	C4	ActD	mock	mock	2h	2	MYC	2024-08-07	rep1	22.4977741788229	0.16884976905812	FALSE
C4_2h_ActD_mock_none_wt	WT	C4	ActD	mock	mock	2h	2	TDH1	2024-08-07	rep2	19.1679804203304	1.697770383474	FALSE
C4_2h_ActD_mock_none_wt	WT	C4	ActD	mock	mock	2h	2	mCherry	2024-08-07	rep2	19.0941686432946	1.7868269646828	FALSE
C4_2h_ActD_mock_none_wt	WT	C4	ActD	mock	mock	2h	2	Neon2	2024-08-07	rep2	19.5273327153091	1.323438424322	FALSE
C4_2h_ActD_mock_none_wt	WT	C4	ActD	mock	mock	2h	2	GAPDH	2024-08-07	rep2	19.1921219079094	1.66959710029197	FALSE
C4_2h_ActD_mock_none_wt	WT	C4	ActD	mock	mock	2h	2	YTHDF2	2024-08-07	rep2	18.0010001658082	3.81217758535768	FALSE
C4_2h_ActD_mock_none_wt	WT	C4	ActD	mock	mock	2h	2	MYC	2024-08-07	rep2	19.0730685496717	1.81321839005286	FALSE
C4_2h_ActD_mock_none_wt	WT	C4	ActD	mock	mock	2h	2	TDH1	2024-08-07	rep3	19.1567482055886	1.71099223453522	FALSE
C4_2h_ActD_mock_none_wt	WT	C4	ActD	mock	mock	2h	2	mCherry	2024-08-07	rep3	19.1142325949244	1.76239934354003	FALSE
C4_2h_ActD_mock_none_wt	WT	C4	ActD	mock	mock	2h	2	Neon2	2024-08-07	rep3	19.4503956221285	1.39589090445099	FALSE
C4_2h_ActD_mock_none_wt	WT	C4	ActD	mock	mock	2h	2	GAPDH	2024-08-07	rep3	19.2038087352863	1.65627369257506	FALSE
C4_2h_ActD_mock_none_wt	WT	C4	ActD	mock	mock	2h	2	YTHDF2	2024-08-07	rep3	18.0656985239679	3.64528207637166	FALSE
C4_2h_ActD_mock_none_wt	WT	C4	ActD	mock	mock	2h	2	MYC	2024-08-07	rep3	19.0508587221726	1.84150872098487	FALSE
C4_4h_ActD_mock_none_wt	WT	C4	ActD	mock	mock	4h	4	TDH1	2024-08-07	rep1	18.8176015510858	2.16441840696979	FALSE
C4_4h_ActD_mock_none_wt	WT	C4	ActD	mock	mock	4h	4	mCherry	2024-08-07	rep1	18.8939668829692	2.05298864950597	FALSE
C4_4h_ActD_mock_none_wt	WT	C4	ActD	mock	mock	4h	4	Neon2	2024-08-07	rep1	19.1801826824413	1.6834091786759	FALSE
C4_4h_ActD_mock_none_wt	WT	C4	ActD	mock	mock	4h	4	GAPDH	2024-08-07	rep1	18.9341666216383	1.99640157818768	FALSE
C4_4h_ActD_mock_none_wt	WT	C4	ActD	mock	mock	4h	4	YTHDF2	2024-08-07	rep1	18.6439872160538	2.44118453319735	FALSE
C4_4h_ActD_mock_none_wt	WT	C4	ActD	mock	mock	4h	4	MYC	2024-08-07	rep1	19.0559513529944	1.83479288508087	FALSE
C4_4h_ActD_mock_none_wt	WT	C4	ActD	mock	mock	4h	4	TDH1	2024-08-07	rep2	23.2450963277433	0.100585284354223	FALSE
C4_4h_ActD_mock_none_wt	WT	C4	ActD	mock	mock	4h	4	mCherry	2024-08-07	rep2	22.878453462443	0.129714227567466	FALSE
C4_4h_ActD_mock_none_wt	WT	C4	ActD	mock	mock	4h	4	Neon2	2024-08-07	rep2	23.4860700190762	0.0851126783884668	FALSE
C4_4h_ActD_mock_none_wt	WT	C4	ActD	mock	mock	4h	4	GAPDH	2024-08-07	rep2	23.5782963176011	0.0798420025126397	FALSE
C4_4h_ActD_mock_none_wt	WT	C4	ActD	mock	mock	4h	4	YTHDF2	2024-08-07	rep2	23.2156242015231	0.10266122156003	FALSE
C4_4h_ActD_mock_none_wt	WT	C4	ActD	mock	mock	4h	4	MYC	2024-08-07	rep2	23.0869612769591	0.112237443110307	FALSE
C4_4h_ActD_mock_none_wt	WT	C4	ActD	mock	mock	4h	4	TDH1	2024-08-07	rep3	22.7978616843391	0.137138663404335	FALSE
C4_4h_ActD_mock_none_wt	WT	C4	ActD	mock	mock	4h	4	mCherry	2024-08-07	rep3	23.4914894394008	0.084810611533619	FALSE
C4_4h_ActD_mock_none_wt	WT	C4	ActD	mock	mock	4h	4	Neon2	2024-08-07	rep3	23.1810862604583	0.105147227028375	FALSE
C4_4h_ActD_mock_none_wt	WT	C4	ActD	mock	mock	4h	4	GAPDH	2024-08-07	rep3	22.8645669907979	0.130942194448737	FALSE
C4_4h_ActD_mock_none_wt	WT	C4	ActD	mock	mock	4h	4	YTHDF2	2024-08-07	rep3	23.0351348047042	0.116341213236568	FALSE
C4_4h_ActD_mock_none_wt	WT	C4	ActD	mock	mock	4h	4	MYC	2024-08-07	rep3	23.0997467611804	0.11124575609667	FALSE
C4_0h_ActD_STM_none_wt	WT	C4	ActD	STM	mock	0h	0	TDH1	2024-08-07	rep1	19.6282134288549	1.234022439724	FALSE
C4_0h_ActD_STM_none_wt	WT	C4	ActD	STM	mock	0h	0	mCherry	2024-08-07	rep1	18.9797262868196	1.93461206007168	FALSE
C4_0h_ActD_STM_none_wt	WT	C4	ActD	STM	mock	0h	0	Neon2	2024-08-07	rep1	18.9283581405513	2.00447298314696	FALSE
C4_0h_ActD_STM_none_wt	WT	C4	ActD	STM	mock	0h	0	GAPDH	2024-08-07	rep1	19.4046747143404	1.44083690360748	FALSE
C4_0h_ActD_STM_none_wt	WT	C4	ActD	STM	mock	0h	0	YTHDF2	2024-08-07	rep1	19.1871986988088	1.67525737662404	FALSE
C4_0h_ActD_STM_none_wt	WT	C4	ActD	STM	mock	0h	0	MYC	2024-08-07	rep1	19.0888798131817	1.79339517936947	FALSE
C4_0h_ActD_STM_none_wt	WT	C4	ActD	STM	mock	0h	0	TDH1	2024-08-07	rep2	21.1198535697089	0.43882895184584	FALSE
C4_0h_ActD_STM_none_wt	WT	C4	ActD	STM	mock	0h	0	mCherry	2024-08-07	rep2	21.3815037045034	0.36610293364699	FALSE
C4_0h_ActD_STM_none_wt	WT	C4	ActD	STM	mock	0h	0	Neon2	2024-08-07	rep2	21.0348736824599	0.465453960332172	FALSE
C4_0h_ActD_STM_none_wt	WT	C4	ActD	STM	mock	0h	0	GAPDH	2024-08-07	rep2	21.1855973328591	0.41928029968197	FALSE
C4_0h_ActD_STM_none_wt	WT	C4	ActD	STM	mock	0h	0	YTHDF2	2024-08-07	rep2	21.3550807238733	0.372807764300921	FALSE
C4_0h_ActD_STM_none_wt	WT	C4	ActD	STM	mock	0h	0	MYC	2024-08-07	rep2	20.092611809977	0.89438685738623	FALSE
C4_0h_ActD_STM_none_wt	WT	C4	ActD	STM	mock	0h	0	TDH1	2024-08-07	rep3	21.2710982783426	0.395153784920059	FALSE
C4_0h_ActD_STM_none_wt	WT	C4	ActD	STM	mock	0h	0	mCherry	2024-08-07	rep3	21.430691396334	0.353831581669489	FALSE
C4_0h_ActD_STM_none_wt	WT	C4	ActD	STM	mock	0h	0	Neon2	2024-08-07	rep3	21.0778149723676	0.4518040634882	FALSE
C4_0h_ActD_STM_none_wt	WT	C4	ActD	STM	mock	0h	0	GAPDH	2024-08-07	rep3	21.1810920075555	0.420591695283858	FALSE
C4_0h_ActD_STM_none_wt	WT	C4	ActD	STM	mock	0h	0	YTHDF2	2024-08-07	rep3	21.3924869616232	0.363265844476686	FALSE
C4_0h_ActD_STM_none_wt	WT	C4	ActD	STM	mock	0h	0	MYC	2024-08-07	rep3	21.005851962519	0.474911980132237	FALSE
C4_1h_ActD_STM_none_wt	WT	C4	ActD	STM	mock	1h	1	TDH1	2024-08-07	rep1	18.2149736932367	3.28662417113958	FALSE
C4_1h_ActD_STM_none_wt	WT	C4	ActD	STM	mock	1h	1	mCherry	2024-08-07	rep1	18.2481429737469	3.21231270048773	FALSE
C4_1h_ActD_STM_none_wt	WT	C4	ActD	STM	mock	1h	1	Neon2	2024-08-07	rep1	18.4795575970141	2.73591408852291	FALSE
C4_1h_ActD_STM_none_wt	WT	C4	ActD	STM	mock	1h	1	GAPDH	2024-08-07	rep1	18.6327534422798	2.46028812883093	FALSE
C4_1h_ActD_STM_none_wt	WT	C4	ActD	STM	mock	1h	1	YTHDF2	2024-08-07	rep1	18.6512980305374	2.42886569536519	FALSE
C4_1h_ActD_STM_none_wt	WT	C4	ActD	STM	mock	1h	1	MYC	2024-08-07	rep1	18.7408625045511	2.28266375581334	FALSE
C4_1h_ActD_STM_none_wt	WT	C4	ActD	STM	mock	1h	1	TDH1	2024-08-07	rep2	21.5751822283432	0.320057415016604	FALSE
C4_1h_ActD_STM_none_wt	WT	C4	ActD	STM	mock	1h	1	mCherry	2024-08-07	rep2	21.5153360096122	0.333669599331519	FALSE
C4_1h_ActD_STM_none_wt	WT	C4	ActD	STM	mock	1h	1	Neon2	2024-08-07	rep2	21.6546865024214	0.302896850940819	FALSE
C4_1h_ActD_STM_none_wt	WT	C4	ActD	STM	mock	1h	1	GAPDH	2024-08-07	rep2	21.1842259432844	0.419679045873685	FALSE
C4_1h_ActD_STM_none_wt	WT	C4	ActD	STM	mock	1h	1	YTHDF2	2024-08-07	rep2	21.4755914096215	0.342931731142771	FALSE
C4_1h_ActD_STM_none_wt	WT	C4	ActD	STM	mock	1h	1	MYC	2024-08-07	rep2	21.2808040692272	0.392504297606928	FALSE
C4_1h_ActD_STM_none_wt	WT	C4	ActD	STM	mock	1h	1	TDH1	2024-08-07	rep3	20.2477118843067	0.803385340871526	FALSE
C4_1h_ActD_STM_none_wt	WT	C4	ActD	STM	mock	1h	1	mCherry	2024-08-07	rep3	20.0366629424259	0.929889224502205	FALSE
C4_1h_ActD_STM_none_wt	WT	C4	ActD	STM	mock	1h	1	Neon2	2024-08-07	rep3	20.3416278123282	0.752754311839534	FALSE
C4_1h_ActD_STM_none_wt	WT	C4	ActD	STM	mock	1h	1	GAPDH	2024-08-07	rep3	20.1656450882327	0.85040875347771	FALSE
C4_1h_ActD_STM_none_wt	WT	C4	ActD	STM	mock	1h	1	YTHDF2	2024-08-07	rep3	20.4343351966515	0.705905233055181	FALSE
C4_1h_ActD_STM_none_wt	WT	C4	ActD	STM	mock	1h	1	MYC	2024-08-07	rep3	20.2187247509678	0.819689996413145	FALSE
C4_2h_ActD_STM_none_wt	WT	C4	ActD	STM	mock	2h	2	TDH1	2024-08-07	rep1	18.7467985908418	2.27329085810853	FALSE
C4_2h_ActD_STM_none_wt	WT	C4	ActD	STM	mock	2h	2	mCherry	2024-08-07	rep1	18.7724479645383	2.23351854232223	FALSE
C4_2h_ActD_STM_none_wt	WT	C4	ActD	STM	mock	2h	2	Neon2	2024-08-07	rep1	19.6077797906073	1.25162487746224	FALSE
C4_2h_ActD_STM_none_wt	WT	C4	ActD	STM	mock	2h	2	GAPDH	2024-08-07	rep1	18.5413655978863	2.62120825427641	FALSE
C4_2h_ActD_STM_none_wt	WT	C4	ActD	STM	mock	2h	2	YTHDF2	2024-08-07	rep1	18.4994010414671	2.6985724211527	FALSE
C4_2h_ActD_STM_none_wt	WT	C4	ActD	STM	mock	2h	2	MYC	2024-08-07	rep1	18.4011642685917	2.88872500605742	FALSE
C4_2h_ActD_STM_none_wt	WT	C4	ActD	STM	mock	2h	2	TDH1	2024-08-07	rep2	20.5368642023597	0.657343394718479	FALSE
C4_2h_ActD_STM_none_wt	WT	C4	ActD	STM	mock	2h	2	mCherry	2024-08-07	rep2	21.2144631054312	0.411042036568434	FALSE
C4_2h_ActD_STM_none_wt	WT	C4	ActD	STM	mock	2h	2	Neon2	2024-08-07	rep2	21.563114073202	0.32274592271749	FALSE
C4_2h_ActD_STM_none_wt	WT	C4	ActD	STM	mock	2h	2	GAPDH	2024-08-07	rep2	20.1552526465373	0.856384236539734	FALSE
C4_2h_ActD_STM_none_wt	WT	C4	ActD	STM	mock	2h	2	YTHDF2	2024-08-07	rep2	20.2747441298586	0.788312103885197	FALSE
C4_2h_ActD_STM_none_wt	WT	C4	ActD	STM	mock	2h	2	MYC	2024-08-07	rep2	19.5806217071592	1.27540928161413	FALSE
C4_2h_ActD_STM_none_wt	WT	C4	ActD	STM	mock	2h	2	TDH1	2024-08-07	rep3	17.0108495942327	7.5722870733516	FALSE
C4_2h_ActD_STM_none_wt	WT	C4	ActD	STM	mock	2h	2	mCherry	2024-08-07	rep3	17.8722596612716	4.16838356367781	FALSE
C4_2h_ActD_STM_none_wt	WT	C4	ActD	STM	mock	2h	2	Neon2	2024-08-07	rep3	18.4324535611775	2.8267159222623	FALSE
C4_2h_ActD_STM_none_wt	WT	C4	ActD	STM	mock	2h	2	GAPDH	2024-08-07	rep3	17.150139252868	6.87538076777973	FALSE
C4_2h_ActD_STM_none_wt	WT	C4	ActD	STM	mock	2h	2	YTHDF2	2024-08-07	rep3	16.9460849284487	7.91996302483433	FALSE
C4_2h_ActD_STM_none_wt	WT	C4	ActD	STM	mock	2h	2	MYC	2024-08-07	rep3	16.493694122455	10.836928225284	FALSE
C4_4h_ActD_STM_none_wt	WT	C4	ActD	STM	mock	4h	4	TDH1	2024-08-07	rep1	16.9321780790853	7.99667651091851	FALSE
C4_4h_ActD_STM_none_wt	WT	C4	ActD	STM	mock	4h	4	mCherry	2024-08-07	rep1	17.729229038323	4.60281291463275	FALSE
C4_4h_ActD_STM_none_wt	WT	C4	ActD	STM	mock	4h	4	Neon2	2024-08-07	rep1	18.3397302525146	3.01435658734783	FALSE
C4_4h_ActD_STM_none_wt	WT	C4	ActD	STM	mock	4h	4	GAPDH	2024-08-07	rep1	16.1577014135886	13.6788619016551	FALSE
C4_4h_ActD_STM_none_wt	WT	C4	ActD	STM	mock	4h	4	YTHDF2	2024-08-07	rep1	17.0511581885285	7.36364746853984	FALSE
C4_4h_ActD_STM_none_wt	WT	C4	ActD	STM	mock	4h	4	MYC	2024-08-07	rep1	17.4128869913519	5.73062381293488	FALSE
C4_4h_ActD_STM_none_wt	WT	C4	ActD	STM	mock	4h	4	TDH1	2024-08-07	rep2	22.773591217861	0.139466981174694	FALSE
C4_4h_ActD_STM_none_wt	WT	C4	ActD	STM	mock	4h	4	mCherry	2024-08-07	rep2	22.9216496463225	0.1258880773458	FALSE
C4_4h_ActD_STM_none_wt	WT	C4	ActD	STM	mock	4h	4	Neon2	2024-08-07	rep2	24.0455902355821	0.0577513538014768	FALSE
C4_4h_ActD_STM_none_wt	WT	C4	ActD	STM	mock	4h	4	GAPDH	2024-08-07	rep2	22.1947377986607	0.208313868711112	FALSE
C4_4h_ActD_STM_none_wt	WT	C4	ActD	STM	mock	4h	4	YTHDF2	2024-08-07	rep2	22.7460901632451	0.142149254043872	FALSE
C4_4h_ActD_STM_none_wt	WT	C4	ActD	STM	mock	4h	4	MYC	2024-08-07	rep2	23.126781330282	0.109180511575273	FALSE
C4_4h_ActD_STM_none_wt	WT	C4	ActD	STM	mock	4h	4	TDH1	2024-08-07	rep3	22.2909236526831	0.194880590241324	FALSE
C4_4h_ActD_STM_none_wt	WT	C4	ActD	STM	mock	4h	4	mCherry	2024-08-07	rep3	22.8054608392648	0.136445752240716	FALSE
C4_4h_ActD_STM_none_wt	WT	C4	ActD	STM	mock	4h	4	Neon2	2024-08-07	rep3	23.4814768010238	0.0853840894838877	FALSE
C4_4h_ActD_STM_none_wt	WT	C4	ActD	STM	mock	4h	4	GAPDH	2024-08-07	rep3	22.0714571060274	0.226900000736218	FALSE
C4_4h_ActD_STM_none_wt	WT	C4	ActD	STM	mock	4h	4	YTHDF2	2024-08-07	rep3	22.4057639427123	0.179969234092995	FALSE
C4_4h_ActD_STM_none_wt	WT	C4	ActD	STM	mock	4h	4	MYC	2024-08-07	rep3	22.6688218221007	0.149971964740764	FALSE
C4_1h_ActD_mock_EM_wt	WT	C4	ActD	mock	EM	1h	1	TDH1	2024-08-07	rep1	21.0990673086562	0.445197330305467	FALSE
C4_1h_ActD_mock_EM_wt	WT	C4	ActD	mock	EM	1h	1	mCherry	2024-08-07	rep1	21.7011907046295	0.293339236748131	FALSE
C4_1h_ActD_mock_EM_wt	WT	C4	ActD	mock	EM	1h	1	Neon2	2024-08-07	rep1	21.2441847415301	0.402594572678889	FALSE
C4_1h_ActD_mock_EM_wt	WT	C4	ActD	mock	EM	1h	1	GAPDH	2024-08-07	rep1	21.2457317997433	0.402163086834624	FALSE
C4_1h_ActD_mock_EM_wt	WT	C4	ActD	mock	EM	1h	1	YTHDF2	2024-08-07	rep1	21.2781723573907	0.393220942046811	FALSE
C4_1h_ActD_mock_EM_wt	WT	C4	ActD	mock	EM	1h	1	MYC	2024-08-07	rep1	21.9153347945522	0.252831932205241	FALSE
C4_1h_ActD_mock_EM_wt	WT	C4	ActD	mock	EM	1h	1	TDH1	2024-08-07	rep2	21.5168076456462	0.333351738285617	FALSE
C4_1h_ActD_mock_EM_wt	WT	C4	ActD	mock	EM	1h	1	mCherry	2024-08-07	rep2	22.5628662634728	0.161430802690234	FALSE
C4_1h_ActD_mock_EM_wt	WT	C4	ActD	mock	EM	1h	1	Neon2	2024-08-07	rep2	21.6461240149881	0.304772593522696	FALSE
C4_1h_ActD_mock_EM_wt	WT	C4	ActD	mock	EM	1h	1	GAPDH	2024-08-07	rep2	21.3884613387518	0.364365741564562	FALSE
C4_1h_ActD_mock_EM_wt	WT	C4	ActD	mock	EM	1h	1	YTHDF2	2024-08-07	rep2	21.3283356447393	0.379871384382531	FALSE
C4_1h_ActD_mock_EM_wt	WT	C4	ActD	mock	EM	1h	1	MYC	2024-08-07	rep2	22.4841026572908	0.170501328990322	FALSE
C4_1h_ActD_mock_EM_wt	WT	C4	ActD	mock	EM	1h	1	TDH1	2024-08-07	rep3	21.2846537942413	0.391458326646081	FALSE
C4_1h_ActD_mock_EM_wt	WT	C4	ActD	mock	EM	1h	1	mCherry	2024-08-07	rep3	22.3696279520725	0.184567601555389	FALSE
C4_1h_ActD_mock_EM_wt	WT	C4	ActD	mock	EM	1h	1	Neon2	2024-08-07	rep3	21.3330262670917	0.378550646080387	FALSE
C4_1h_ActD_mock_EM_wt	WT	C4	ActD	mock	EM	1h	1	GAPDH	2024-08-07	rep3	21.0981944501227	0.44546676444133	FALSE
C4_1h_ActD_mock_EM_wt	WT	C4	ActD	mock	EM	1h	1	YTHDF2	2024-08-07	rep3	21.4766609907733	0.342677583993231	FALSE
C4_1h_ActD_mock_EM_wt	WT	C4	ActD	mock	EM	1h	1	MYC	2024-08-07	rep3	22.421090199517	0.17806747999655	FALSE
C4_2h_ActD_mock_EM_wt	WT	C4	ActD	mock	EM	2h	2	TDH1	2024-08-07	rep1	21.1249347170917	0.43728210830981	FALSE
C4_2h_ActD_mock_EM_wt	WT	C4	ActD	mock	EM	2h	2	mCherry	2024-08-07	rep1	22.1212022275887	0.219248786180535	FALSE
C4_2h_ActD_mock_EM_wt	WT	C4	ActD	mock	EM	2h	2	Neon2	2024-08-07	rep1	21.2171185995597	0.41021506040568	FALSE
C4_2h_ActD_mock_EM_wt	WT	C4	ActD	mock	EM	2h	2	GAPDH	2024-08-07	rep1	21.1564461628635	0.427834517176969	FALSE
C4_2h_ActD_mock_EM_wt	WT	C4	ActD	mock	EM	2h	2	YTHDF2	2024-08-07	rep1	22.3000572278295	0.193648735592418	FALSE
C4_2h_ActD_mock_EM_wt	WT	C4	ActD	mock	EM	2h	2	MYC	2024-08-07	rep1	22.3799666587075	0.183214370919087	FALSE
C4_2h_ActD_mock_EM_wt	WT	C4	ActD	mock	EM	2h	2	TDH1	2024-08-07	rep2	20.1114339003615	0.882794061474091	FALSE
C4_2h_ActD_mock_EM_wt	WT	C4	ActD	mock	EM	2h	2	mCherry	2024-08-07	rep2	20.60624916196	0.626574311787459	FALSE
C4_2h_ActD_mock_EM_wt	WT	C4	ActD	mock	EM	2h	2	Neon2	2024-08-07	rep2	20.3373334462717	0.754843570086365	FALSE
C4_2h_ActD_mock_EM_wt	WT	C4	ActD	mock	EM	2h	2	GAPDH	2024-08-07	rep2	20.1640563059317	0.851174301152352	FALSE
C4_2h_ActD_mock_EM_wt	WT	C4	ActD	mock	EM	2h	2	YTHDF2	2024-08-07	rep2	20.9605743195316	0.49005297933217	FALSE
C4_2h_ActD_mock_EM_wt	WT	C4	ActD	mock	EM	2h	2	MYC	2024-08-07	rep2	21.3486418717614	0.374475348277627	FALSE
C4_2h_ActD_mock_EM_wt	WT	C4	ActD	mock	EM	2h	2	TDH1	2024-08-07	rep3	19.8175724329043	1.08223206078738	FALSE
C4_2h_ActD_mock_EM_wt	WT	C4	ActD	mock	EM	2h	2	mCherry	2024-08-07	rep3	20.4235092793944	0.711183228225962	FALSE
C4_2h_ActD_mock_EM_wt	WT	C4	ActD	mock	EM	2h	2	Neon2	2024-08-07	rep3	20.1841759694427	0.839386324254493	FALSE
C4_2h_ActD_mock_EM_wt	WT	C4	ActD	mock	EM	2h	2	GAPDH	2024-08-07	rep3	19.7930233468769	1.10080500790715	FALSE
C4_2h_ActD_mock_EM_wt	WT	C4	ActD	mock	EM	2h	2	YTHDF2	2024-08-07	rep3	20.6788725065387	0.595721954623898	FALSE
C4_2h_ActD_mock_EM_wt	WT	C4	ActD	mock	EM	2h	2	MYC	2024-08-07	rep3	21.4233598878464	0.355574741500414	FALSE
C4_4h_ActD_mock_EM_wt	WT	C4	ActD	mock	EM	4h	4	TDH1	2024-08-07	rep1	22.7939448829502	0.138178832927685	FALSE
C4_4h_ActD_mock_EM_wt	WT	C4	ActD	mock	EM	4h	4	mCherry	2024-08-07	rep1	22.7879936915952	0.138107740771127	FALSE
C4_4h_ActD_mock_EM_wt	WT	C4	ActD	mock	EM	4h	4	Neon2	2024-08-07	rep1	22.8343874125455	0.133711866589216	FALSE
C4_4h_ActD_mock_EM_wt	WT	C4	ActD	mock	EM	4h	4	GAPDH	2024-08-07	rep1	22.1452665342571	0.215583580123831	FALSE
C4_4h_ActD_mock_EM_wt	WT	C4	ActD	mock	EM	4h	4	YTHDF2	2024-08-07	rep1	23.9009721105807	0.0638405308808491	FALSE
C4_4h_ActD_mock_EM_wt	WT	C4	ActD	mock	EM	4h	4	MYC	2024-08-07	rep1	23.9639115101292	0.0611152896518976	FALSE
C4_4h_ActD_mock_EM_wt	WT	C4	ActD	mock	EM	4h	4	TDH1	2024-08-07	rep2	16.2530515233924	12.8052648588032	FALSE
C4_4h_ActD_mock_EM_wt	WT	C4	ActD	mock	EM	4h	4	mCherry	2024-08-07	rep2	17.0126940401191	7.56341008031987	FALSE
C4_4h_ActD_mock_EM_wt	WT	C4	ActD	mock	EM	4h	4	Neon2	2024-08-07	rep2	16.5002138121425	10.7894179897209	FALSE
C4_4h_ActD_mock_EM_wt	WT	C4	ActD	mock	EM	4h	4	GAPDH	2024-08-07	rep2	17.1199916934559	7.02151246887483	FALSE
C4_4h_ActD_mock_EM_wt	WT	C4	ActD	mock	EM	4h	4	YTHDF2	2024-08-07	rep2	17.8341183969203	4.28018328976319	FALSE
C4_4h_ActD_mock_EM_wt	WT	C4	ActD	mock	EM	4h	4	MYC	2024-08-07	rep2	17.8376365813401	4.26975852706338	FALSE
C4_4h_ActD_mock_EM_wt	WT	C4	ActD	mock	EM	4h	4	TDH1	2024-08-07	rep3	16.3184785055201	12.2365617817383	FALSE
C4_4h_ActD_mock_EM_wt	WT	C4	ActD	mock	EM	4h	4	mCherry	2024-08-07	rep3	16.8324018956902	8.57018035265786	FALSE
C4_4h_ActD_mock_EM_wt	WT	C4	ActD	mock	EM	4h	4	Neon2	2024-08-07	rep3	16.6219375007954	9.91519222168472	FALSE
C4_4h_ActD_mock_EM_wt	WT	C4	ActD	mock	EM	4h	4	GAPDH	2024-08-07	rep3	16.8678731998329	8.36117286599124	FALSE
C4_4h_ActD_mock_EM_wt	WT	C4	ActD	mock	EM	4h	4	YTHDF2	2024-08-07	rep3	17.028592013434	7.47973266912585	FALSE
C4_4h_ActD_mock_EM_wt	WT	C4	ActD	mock	EM	4h	4	MYC	2024-08-07	rep3	17.1334105189358	6.95556798163174	FALSE
C4_1h_ActD_STM_EM_wt	WT	C4	ActD	STM	EM	1h	1	TDH1	2024-08-07	rep1	22.4592568012859	0.173445404040878	FALSE
C4_1h_ActD_STM_EM_wt	WT	C4	ActD	STM	EM	1h	1	mCherry	2024-08-07	rep1	22.4467212003351	0.174963989016287	FALSE
C4_1h_ActD_STM_EM_wt	WT	C4	ActD	STM	EM	1h	1	Neon2	2024-08-07	rep1	22.2603325521137	0.199056979979683	FALSE
C4_1h_ActD_STM_EM_wt	WT	C4	ActD	STM	EM	1h	1	GAPDH	2024-08-07	rep1	22.1122975756823	0.220566885044758	FALSE
C4_1h_ActD_STM_EM_wt	WT	C4	ActD	STM	EM	1h	1	YTHDF2	2024-08-07	rep1	22.6813852580137	0.148671634475039	FALSE
C4_1h_ActD_STM_EM_wt	WT	C4	ActD	STM	EM	1h	1	MYC	2024-08-07	rep1	22.9639630679297	0.122226072023068	FALSE
C4_1h_ActD_STM_EM_wt	WT	C4	ActD	STM	EM	1h	1	TDH1	2024-08-07	rep2	21.9413765400583	0.248352642953427	FALSE
C4_1h_ActD_STM_EM_wt	WT	C4	ActD	STM	EM	1h	1	mCherry	2024-08-07	rep2	22.1384679263424	0.216640591836919	FALSE
C4_1h_ActD_STM_EM_wt	WT	C4	ActD	STM	EM	1h	1	Neon2	2024-08-07	rep2	22.1643153884703	0.212755801897749	FALSE
C4_1h_ActD_STM_EM_wt	WT	C4	ActD	STM	EM	1h	1	GAPDH	2024-08-07	rep2	22.4744091548406	0.171606618231706	FALSE
C4_1h_ActD_STM_EM_wt	WT	C4	ActD	STM	EM	1h	1	YTHDF2	2024-08-07	rep2	22.8697178373997	0.13047714669571	FALSE
C4_1h_ActD_STM_EM_wt	WT	C4	ActD	STM	EM	1h	1	MYC	2024-08-07	rep2	22.8775272255647	0.129771130960438	FALSE
C4_1h_ActD_STM_EM_wt	WT	C4	ActD	STM	EM	1h	1	TDH1	2024-08-07	rep3	22.0684521693542	0.227404140652979	FALSE
C4_1h_ActD_STM_EM_wt	WT	C4	ActD	STM	EM	1h	1	mCherry	2024-08-07	rep3	22.0468780828495	0.230839667725533	FALSE
C4_1h_ActD_STM_EM_wt	WT	C4	ActD	STM	EM	1h	1	Neon2	2024-08-07	rep3	22.1988376985819	0.207725196038766	FALSE
C4_1h_ActD_STM_EM_wt	WT	C4	ActD	STM	EM	1h	1	GAPDH	2024-08-07	rep3	22.5355616742576	0.164484628895007	FALSE
C4_1h_ActD_STM_EM_wt	WT	C4	ActD	STM	EM	1h	1	YTHDF2	2024-08-07	rep3	22.718670697894	0.144878552441626	FALSE
C4_1h_ActD_STM_EM_wt	WT	C4	ActD	STM	EM	1h	1	MYC	2024-08-07	rep3	22.8180051371612	0.135238859595667	FALSE
C4_2h_ActD_STM_EM_wt	WT	C4	ActD	STM	EM	2h	2	TDH1	2024-08-07	rep1	23.153779963349	0.107156395606461	FALSE
C4_2h_ActD_STM_EM_wt	WT	C4	ActD	STM	EM	2h	2	mCherry	2024-08-07	rep1	23.2140327972099	0.102794713178826	FALSE
C4_2h_ActD_STM_EM_wt	WT	C4	ActD	STM	EM	2h	2	Neon2	2024-08-07	rep1	23.2893712216063	0.097544039662454	FALSE
C4_2h_ActD_STM_EM_wt	WT	C4	ActD	STM	EM	2h	2	GAPDH	2024-08-07	rep1	22.1160445208607	0.219994776296229	FALSE
C4_2h_ActD_STM_EM_wt	WT	C4	ActD	STM	EM	2h	2	YTHDF2	2024-08-07	rep1	23.9926901570644	0.059908252695673	FALSE
C4_2h_ActD_STM_EM_wt	WT	C4	ActD	STM	EM	2h	2	MYC	2024-08-07	rep1	24.0445777143105	0.0577918993764393	FALSE
C4_2h_ActD_STM_EM_wt	WT	C4	ActD	STM	EM	2h	2	TDH1	2024-08-07	rep2	23.0261139969434	0.117095042334562	FALSE
C4_2h_ActD_STM_EM_wt	WT	C4	ActD	STM	EM	2h	2	mCherry	2024-08-07	rep2	23.1163427948379	0.109996188372267	FALSE
C4_2h_ActD_STM_EM_wt	WT	C4	ActD	STM	EM	2h	2	Neon2	2024-08-07	rep2	23.324780769488	0.0951801968903908	FALSE
C4_2h_ActD_STM_EM_wt	WT	C4	ActD	STM	EM	2h	2	GAPDH	2024-08-07	rep2	22.2090350149324	0.206262123316577	FALSE
C4_2h_ActD_STM_EM_wt	WT	C4	ActD	STM	EM	2h	2	YTHDF2	2024-08-07	rep2	24.3366373966908	0.0472006948635242	FALSE
C4_2h_ActD_STM_EM_wt	WT	C4	ActD	STM	EM	2h	2	MYC	2024-08-07	rep2	24.250308713431	0.0501113232627433	FALSE
C4_2h_ActD_STM_EM_wt	WT	C4	ActD	STM	EM	2h	2	TDH1	2024-08-07	rep3	22.5888588691777	0.158548468152079	FALSE
C4_2h_ActD_STM_EM_wt	WT	C4	ActD	STM	EM	2h	2	mCherry	2024-08-07	rep3	22.523373506628	0.165910781912209	FALSE
C4_2h_ActD_STM_EM_wt	WT	C4	ActD	STM	EM	2h	2	Neon2	2024-08-07	rep3	22.5820557396301	0.15926665619707	FALSE
C4_2h_ActD_STM_EM_wt	WT	C4	ActD	STM	EM	2h	2	GAPDH	2024-08-07	rep3	21.477182547965	0.342550672534268	FALSE
C4_2h_ActD_STM_EM_wt	WT	C4	ActD	STM	EM	2h	2	YTHDF2	2024-08-07	rep3	24.0240668229228	0.0586187444306194	FALSE
C4_2h_ActD_STM_EM_wt	WT	C4	ActD	STM	EM	2h	2	MYC	2024-08-07	rep3	23.9620921818328	0.0611917299743569	FALSE
C4_4h_ActD_STM_EM_wt	WT	C4	ActD	STM	EM	4h	4	TDH1	2024-08-07	rep1	23.5232889564539	0.082944074147997	FALSE
C4_4h_ActD_STM_EM_wt	WT	C4	ActD	STM	EM	4h	4	mCherry	2024-08-07	rep1	23.5800902018094	0.0797589469889388	FALSE
C4_4h_ActD_STM_EM_wt	WT	C4	ActD	STM	EM	4h	4	Neon2	2024-08-07	rep1	24.1370076118734	0.0542053739887254	FALSE
C4_4h_ActD_STM_EM_wt	WT	C4	ActD	STM	EM	4h	4	GAPDH	2024-08-07	rep1	23.0460585342668	0.115465089626783	FALSE
C4_4h_ActD_STM_EM_wt	WT	C4	ActD	STM	EM	4h	4	YTHDF2	2024-08-07	rep1	24.6565382467349	0.0378136679120832	FALSE
C4_4h_ActD_STM_EM_wt	WT	C4	ActD	STM	EM	4h	4	MYC	2024-08-07	rep1	24.6728035216393	0.0373897428805599	FALSE
C4_4h_ActD_STM_EM_wt	WT	C4	ActD	STM	EM	4h	4	TDH1	2024-08-07	rep2	22.9603793180738	0.122548177075903	FALSE
C4_4h_ActD_STM_EM_wt	WT	C4	ActD	STM	EM	4h	4	mCherry	2024-08-07	rep2	22.5378114677437	0.164258729952099	FALSE
C4_4h_ActD_STM_EM_wt	WT	C4	ActD	STM	EM	4h	4	Neon2	2024-08-07	rep2	23.9498404462414	0.0617141443664974	FALSE
C4_4h_ActD_STM_EM_wt	WT	C4	ActD	STM	EM	4h	4	GAPDH	2024-08-07	rep2	22.0810012913136	0.225403894614144	FALSE
C4_4h_ActD_STM_EM_wt	WT	C4	ActD	STM	EM	4h	4	YTHDF2	2024-08-07	rep2	24.0015223952833	0.0595426129025539	FALSE
C4_4h_ActD_STM_EM_wt	WT	C4	ActD	STM	EM	4h	4	MYC	2024-08-07	rep2	24.0909666870315	0.0559631973883498	FALSE
C4_4h_ActD_STM_EM_wt	WT	C4	ActD	STM	EM	4h	4	TDH1	2024-08-07	rep3	23.0793226374123	0.112855187134666	FALSE
C4_4h_ActD_STM_EM_wt	WT	C4	ActD	STM	EM	4h	4	mCherry	2024-08-07	rep3	23.1663147420372	0.106251475914619	FALSE
C4_4h_ActD_STM_EM_wt	WT	C4	ActD	STM	EM	4h	4	Neon2	2024-08-07	rep3	24.0503378043367	0.0575608136522494	FALSE
C4_4h_ActD_STM_EM_wt	WT	C4	ActD	STM	EM	4h	4	GAPDH	2024-08-07	rep3	21.7044831719085	0.292616986761459	FALSE
C4_4h_ActD_STM_EM_wt	WT	C4	ActD	STM	EM	4h	4	YTHDF2	2024-08-07	rep3	24.371159381725	0.046083983057415	FALSE
C4_4h_ActD_STM_EM_wt	WT	C4	ActD	STM	EM	4h	4	MYC	2024-08-07	rep3	24.9133968327982	0.031646105476223	FALSE
C4_1h_ActD_mock_CHX_wt	WT	C4	ActD	mock	CHX	1h	1	TDH1	2024-08-07	rep1	22.8945525420408	0.128521629254043	FALSE
C4_1h_ActD_mock_CHX_wt	WT	C4	ActD	mock	CHX	1h	1	mCherry	2024-08-07	rep1	22.8276667409634	0.134361718087184	FALSE
C4_1h_ActD_mock_CHX_wt	WT	C4	ActD	mock	CHX	1h	1	Neon2	2024-08-07	rep1	21.9624928165752	0.244701125171939	FALSE
C4_1h_ActD_mock_CHX_wt	WT	C4	ActD	mock	CHX	1h	1	GAPDH	2024-08-07	rep1	21.807324515518	0.272487263668349	FALSE
C4_1h_ActD_mock_CHX_wt	WT	C4	ActD	mock	CHX	1h	1	YTHDF2	2024-08-07	rep1	20.9805139794025	0.483326499470514	FALSE
C4_1h_ActD_mock_CHX_wt	WT	C4	ActD	mock	CHX	1h	1	MYC	2024-08-07	rep1	21.9931250451545	0.239560251780581	FALSE
C4_1h_ActD_mock_CHX_wt	WT	C4	ActD	mock	CHX	1h	1	TDH1	2024-08-07	rep2	22.7239362193507	0.144377909565006	FALSE
C4_1h_ActD_mock_CHX_wt	WT	C4	ActD	mock	CHX	1h	1	mCherry	2024-08-07	rep2	22.9383256975177	0.124441356965475	FALSE
C4_1h_ActD_mock_CHX_wt	WT	C4	ActD	mock	CHX	1h	1	Neon2	2024-08-07	rep2	22.1272357416664	0.218294845402725	FALSE
C4_1h_ActD_mock_CHX_wt	WT	C4	ActD	mock	CHX	1h	1	GAPDH	2024-08-07	rep2	21.6202062002594	0.310223253118873	FALSE
C4_1h_ActD_mock_CHX_wt	WT	C4	ActD	mock	CHX	1h	1	YTHDF2	2024-08-07	rep2	21.0306371828001	0.466822780952775	FALSE
C4_1h_ActD_mock_CHX_wt	WT	C4	ActD	mock	CHX	1h	1	MYC	2024-08-07	rep2	22.1858808521487	0.209599175951603	FALSE
C4_1h_ActD_mock_CHX_wt	WT	C4	ActD	mock	CHX	1h	1	TDH1	2024-08-07	rep3	22.3164807629069	0.191493468635167	FALSE
C4_1h_ActD_mock_CHX_wt	WT	C4	ActD	mock	CHX	1h	1	mCherry	2024-08-07	rep3	23.1680801130356	0.106121542917725	FALSE
C4_1h_ActD_mock_CHX_wt	WT	C4	ActD	mock	CHX	1h	1	Neon2	2024-08-07	rep3	22.349258437654	0.187157869892649	FALSE
C4_1h_ActD_mock_CHX_wt	WT	C4	ActD	mock	CHX	1h	1	GAPDH	2024-08-07	rep3	22.2876548876659	0.195364078216213	FALSE
C4_1h_ActD_mock_CHX_wt	WT	C4	ActD	mock	CHX	1h	1	YTHDF2	2024-08-07	rep3	20.6440986446675	0.610366390526484	FALSE
C4_1h_ActD_mock_CHX_wt	WT	C4	ActD	mock	CHX	1h	1	MYC	2024-08-07	rep3	21.5822307178904	0.318560908919763	FALSE
C4_2h_ActD_mock_CHX_wt	WT	C4	ActD	mock	CHX	2h	2	TDH1	2024-08-07	rep1	22.0826989320026	0.225178829488029	FALSE
C4_2h_ActD_mock_CHX_wt	WT	C4	ActD	mock	CHX	2h	2	mCherry	2024-08-07	rep1	23.0500459322017	0.115168699754801	FALSE
C4_2h_ActD_mock_CHX_wt	WT	C4	ActD	mock	CHX	2h	2	Neon2	2024-08-07	rep1	22.2729315552199	0.197326193787531	FALSE
C4_2h_ActD_mock_CHX_wt	WT	C4	ActD	mock	CHX	2h	2	GAPDH	2024-08-07	rep1	22.1229034083036	0.218951356965596	FALSE
C4_2h_ActD_mock_CHX_wt	WT	C4	ActD	mock	CHX	2h	2	YTHDF2	2024-08-07	rep1	20.5934934281222	0.632040971958122	FALSE
C4_2h_ActD_mock_CHX_wt	WT	C4	ActD	mock	CHX	2h	2	MYC	2024-08-07	rep1	21.4385696214178	0.351843860751106	FALSE
C4_2h_ActD_mock_CHX_wt	WT	C4	ActD	mock	CHX	2h	2	TDH1	2024-08-07	rep2	20.9407430404807	0.496915153568124	FALSE
C4_2h_ActD_mock_CHX_wt	WT	C4	ActD	mock	CHX	2h	2	mCherry	2024-08-07	rep2	22.1064156143967	0.221507431576369	FALSE
C4_2h_ActD_mock_CHX_wt	WT	C4	ActD	mock	CHX	2h	2	Neon2	2024-08-07	rep2	21.5878216180297	0.317265656973988	FALSE
C4_2h_ActD_mock_CHX_wt	WT	C4	ActD	mock	CHX	2h	2	GAPDH	2024-08-07	rep2	20.5943276871927	0.631675591393969	FALSE
C4_2h_ActD_mock_CHX_wt	WT	C4	ActD	mock	CHX	2h	2	YTHDF2	2024-08-07	rep2	19.2727602192268	1.57879226321601	FALSE
C4_2h_ActD_mock_CHX_wt	WT	C4	ActD	mock	CHX	2h	2	MYC	2024-08-07	rep2	19.9954338403002	0.956706779610107	FALSE
C4_2h_ActD_mock_CHX_wt	WT	C4	ActD	mock	CHX	2h	2	TDH1	2024-08-07	rep3	20.6414455443485	0.611473533280254	FALSE
C4_2h_ActD_mock_CHX_wt	WT	C4	ActD	mock	CHX	2h	2	mCherry	2024-08-07	rep3	22.0885688449864	0.224264525243555	FALSE
C4_2h_ActD_mock_CHX_wt	WT	C4	ActD	mock	CHX	2h	2	Neon2	2024-08-07	rep3	21.0589833560138	0.457740147935011	FALSE
C4_2h_ActD_mock_CHX_wt	WT	C4	ActD	mock	CHX	2h	2	GAPDH	2024-08-07	rep3	20.5426369773248	0.65471837137603	FALSE
C4_2h_ActD_mock_CHX_wt	WT	C4	ActD	mock	CHX	2h	2	YTHDF2	2024-08-07	rep3	19.2099433434766	1.64905343250687	FALSE
C4_2h_ActD_mock_CHX_wt	WT	C4	ActD	mock	CHX	2h	2	MYC	2024-08-07	rep3	19.973110607468	0.971625277698804	FALSE
C4_4h_ActD_mock_CHX_wt	WT	C4	ActD	mock	CHX	4h	4	TDH1	2024-08-07	rep1	20.4600738044028	0.693274829003424	FALSE
C4_4h_ActD_mock_CHX_wt	WT	C4	ActD	mock	CHX	4h	4	mCherry	2024-08-07	rep1	20.5541659347934	0.649607211540178	FALSE
C4_4h_ActD_mock_CHX_wt	WT	C4	ActD	mock	CHX	4h	4	Neon2	2024-08-07	rep1	20.4323339206157	0.706738919885046	FALSE
C4_4h_ActD_mock_CHX_wt	WT	C4	ActD	mock	CHX	4h	4	GAPDH	2024-08-07	rep1	20.0144268102863	0.944194368661771	FALSE
C4_4h_ActD_mock_CHX_wt	WT	C4	ActD	mock	CHX	4h	4	YTHDF2	2024-08-07	rep1	19.1682187804906	1.69744243860028	FALSE
C4_4h_ActD_mock_CHX_wt	WT	C4	ActD	mock	CHX	4h	4	MYC	2024-08-07	rep1	19.6404815064578	1.22357333175016	FALSE
C4_4h_ActD_mock_CHX_wt	WT	C4	ActD	mock	CHX	4h	4	TDH1	2024-08-07	rep2	20.500049484431	0.674436610827546	FALSE
C4_4h_ActD_mock_CHX_wt	WT	C4	ActD	mock	CHX	4h	4	mCherry	2024-08-07	rep2	20.4218842242025	0.711984739707393	FALSE
C4_4h_ActD_mock_CHX_wt	WT	C4	ActD	mock	CHX	4h	4	Neon2	2024-08-07	rep2	20.1980816085815	0.831334646818116	FALSE
C4_4h_ActD_mock_CHX_wt	WT	C4	ActD	mock	CHX	4h	4	GAPDH	2024-08-07	rep2	20.1904839419925	0.835724247573189	FALSE
C4_4h_ActD_mock_CHX_wt	WT	C4	ActD	mock	CHX	4h	4	YTHDF2	2024-08-07	rep2	19.278307797386	1.57273301743656	FALSE
C4_4h_ActD_mock_CHX_wt	WT	C4	ActD	mock	CHX	4h	4	MYC	2024-08-07	rep2	19.8202565766193	1.08031888523188	FALSE
C4_4h_ActD_mock_CHX_wt	WT	C4	ActD	mock	CHX	4h	4	TDH1	2024-08-07	rep3	16.2643020348377	12.7057962294381	FALSE
C4_4h_ActD_mock_CHX_wt	WT	C4	ActD	mock	CHX	4h	4	mCherry	2024-08-07	rep3	16.4836033917809	10.9140719331755	FALSE
C4_4h_ActD_mock_CHX_wt	WT	C4	ActD	mock	CHX	4h	4	Neon2	2024-08-07	rep3	16.1858844173177	13.4142391640802	FALSE
C4_4h_ActD_mock_CHX_wt	WT	C4	ActD	mock	CHX	4h	4	GAPDH	2024-08-07	rep3	16.959764494496	7.84522130796449	FALSE
C4_4h_ActD_mock_CHX_wt	WT	C4	ActD	mock	CHX	4h	4	YTHDF2	2024-08-07	rep3	15.2572972646674	25.5327929791822	FALSE
C4_4h_ActD_mock_CHX_wt	WT	C4	ActD	mock	CHX	4h	4	MYC	2024-08-07	rep3	15.9305914302074	16.0109390974024	FALSE
C4_1h_ActD_STM_CHX_wt	WT	C4	ActD	STM	CHX	1h	1	TDH1	2024-08-07	rep1	22.3174664701297	0.191362680561161	FALSE
C4_1h_ActD_STM_CHX_wt	WT	C4	ActD	STM	CHX	1h	1	mCherry	2024-08-07	rep1	22.4984184219862	0.168805522082011	FALSE
C4_1h_ActD_STM_CHX_wt	WT	C4	ActD	STM	CHX	1h	1	Neon2	2024-08-07	rep1	22.031191820795	0.233325793154579	FALSE
C4_1h_ActD_STM_CHX_wt	WT	C4	ActD	STM	CHX	1h	1	GAPDH	2024-08-07	rep1	22.8149888975965	0.135524312566142	FALSE
C4_1h_ActD_STM_CHX_wt	WT	C4	ActD	STM	CHX	1h	1	YTHDF2	2024-08-07	rep1	20.5053486142323	0.671870659682762	FALSE
C4_1h_ActD_STM_CHX_wt	WT	C4	ActD	STM	CHX	1h	1	MYC	2024-08-07	rep1	21.2746059768981	0.394200301285331	FALSE
C4_1h_ActD_STM_CHX_wt	WT	C4	ActD	STM	CHX	1h	1	TDH1	2024-08-07	rep2	22.4768531250901	0.171347703037887	FALSE
C4_1h_ActD_STM_CHX_wt	WT	C4	ActD	STM	CHX	1h	1	mCherry	2024-08-07	rep2	22.8719949440255	0.130296206518159	FALSE
C4_1h_ActD_STM_CHX_wt	WT	C4	ActD	STM	CHX	1h	1	Neon2	2024-08-07	rep2	22.1741401955185	0.211311851450114	FALSE
C4_1h_ActD_STM_CHX_wt	WT	C4	ActD	STM	CHX	1h	1	GAPDH	2024-08-07	rep2	21.0723781846226	0.453509894104569	FALSE
C4_1h_ActD_STM_CHX_wt	WT	C4	ActD	STM	CHX	1h	1	YTHDF2	2024-08-07	rep2	20.7617598714905	0.562460539242825	FALSE
C4_1h_ActD_STM_CHX_wt	WT	C4	ActD	STM	CHX	1h	1	MYC	2024-08-07	rep2	21.0357771575493	0.465162565560857	FALSE
C4_1h_ActD_STM_CHX_wt	WT	C4	ActD	STM	CHX	1h	1	TDH1	2024-08-07	rep3	22.3167185884876	0.191461904686518	FALSE
C4_1h_ActD_STM_CHX_wt	WT	C4	ActD	STM	CHX	1h	1	mCherry	2024-08-07	rep3	22.5015532776044	0.168439129266208	FALSE
C4_1h_ActD_STM_CHX_wt	WT	C4	ActD	STM	CHX	1h	1	Neon2	2024-08-07	rep3	22.2348861533119	0.202599107668329	FALSE
C4_1h_ActD_STM_CHX_wt	WT	C4	ActD	STM	CHX	1h	1	GAPDH	2024-08-07	rep3	21.0348640810919	0.465457058009012	FALSE
C4_1h_ActD_STM_CHX_wt	WT	C4	ActD	STM	CHX	1h	1	YTHDF2	2024-08-07	rep3	20.7413979079486	0.570455289938439	FALSE
C4_1h_ActD_STM_CHX_wt	WT	C4	ActD	STM	CHX	1h	1	MYC	2024-08-07	rep3	21.2713419940368	0.395087036994213	FALSE
C4_2h_ActD_STM_CHX_wt	WT	C4	ActD	STM	CHX	2h	2	TDH1	2024-08-07	rep1	17.5455711282508	5.22808597872801	FALSE
C4_2h_ActD_STM_CHX_wt	WT	C4	ActD	STM	CHX	2h	2	mCherry	2024-08-07	rep1	17.9010855176981	4.08592510174129	FALSE
C4_2h_ActD_STM_CHX_wt	WT	C4	ActD	STM	CHX	2h	2	Neon2	2024-08-07	rep1	18.3682842538106	2.95567741236542	FALSE
C4_2h_ActD_STM_CHX_wt	WT	C4	ActD	STM	CHX	2h	2	GAPDH	2024-08-07	rep1	18.6325532483753	2.46096774984268	FALSE
C4_2h_ActD_STM_CHX_wt	WT	C4	ActD	STM	CHX	2h	2	YTHDF2	2024-08-07	rep1	16.4608425425527	11.0877156917987	FALSE
C4_2h_ActD_STM_CHX_wt	WT	C4	ActD	STM	CHX	2h	2	MYC	2024-08-07	rep1	16.5657982463325	10.3097444095306	FALSE
C4_2h_ActD_STM_CHX_wt	WT	C4	ActD	STM	CHX	2h	2	TDH1	2024-08-07	rep2	17.5044210757799	5.37893041275381	FALSE
C4_2h_ActD_STM_CHX_wt	WT	C4	ActD	STM	CHX	2h	2	mCherry	2024-08-07	rep2	17.5124701879415	5.34900432722308	FALSE
C4_2h_ActD_STM_CHX_wt	WT	C4	ActD	STM	CHX	2h	2	Neon2	2024-08-07	rep2	18.2785496933173	3.14493581476943	FALSE
C4_2h_ActD_STM_CHX_wt	WT	C4	ActD	STM	CHX	2h	2	GAPDH	2024-08-07	rep2	18.2360880872178	3.23887350662966	FALSE
C4_2h_ActD_STM_CHX_wt	WT	C4	ActD	STM	CHX	2h	2	YTHDF2	2024-08-07	rep2	15.9972633779876	15.2878555949666	FALSE
C4_2h_ActD_STM_CHX_wt	WT	C4	ActD	STM	CHX	2h	2	MYC	2024-08-07	rep2	16.4854033020643	10.8993846547099	FALSE
C4_2h_ActD_STM_CHX_wt	WT	C4	ActD	STM	CHX	2h	2	TDH1	2024-08-07	rep3	17.4943176649915	5.41608698248007	FALSE
C4_2h_ActD_STM_CHX_wt	WT	C4	ActD	STM	CHX	2h	2	mCherry	2024-08-07	rep3	17.7422563382635	4.56143817555391	FALSE
C4_2h_ActD_STM_CHX_wt	WT	C4	ActD	STM	CHX	2h	2	Neon2	2024-08-07	rep3	18.4522306358818	2.78823054240892	FALSE
C4_2h_ActD_STM_CHX_wt	WT	C4	ActD	STM	CHX	2h	2	GAPDH	2024-08-07	rep3	18.3821956398016	2.92692293370362	FALSE
C4_2h_ActD_STM_CHX_wt	WT	C4	ActD	STM	CHX	2h	2	YTHDF2	2024-08-07	rep3	16.1852128606901	13.4204847722816	FALSE
C4_2h_ActD_STM_CHX_wt	WT	C4	ActD	STM	CHX	2h	2	MYC	2024-08-07	rep3	16.3930434981462	11.6199703285074	FALSE
C4_4h_ActD_STM_CHX_wt	WT	C4	ActD	STM	CHX	4h	4	TDH1	2024-08-07	rep1	18.2600648024436	3.18587740799079	FALSE
C4_4h_ActD_STM_CHX_wt	WT	C4	ActD	STM	CHX	4h	4	mCherry	2024-08-07	rep1	18.2243799252918	3.26566069256427	FALSE
C4_4h_ActD_STM_CHX_wt	WT	C4	ActD	STM	CHX	4h	4	Neon2	2024-08-07	rep1	19.0300145851522	1.86809349720259	FALSE
C4_4h_ActD_STM_CHX_wt	WT	C4	ActD	STM	CHX	4h	4	GAPDH	2024-08-07	rep1	20.8141019091533	0.54241498304995	FALSE
C4_4h_ActD_STM_CHX_wt	WT	C4	ActD	STM	CHX	4h	4	YTHDF2	2024-08-07	rep1	17.0511732380715	7.36352649392019	FALSE
C4_4h_ActD_STM_CHX_wt	WT	C4	ActD	STM	CHX	4h	4	MYC	2024-08-07	rep1	17.9864980786793	3.85057044290285	FALSE
C4_4h_ActD_STM_CHX_wt	WT	C4	ActD	STM	CHX	4h	4	TDH1	2024-08-07	rep2	17.5983597696156	5.03962486133283	FALSE
C4_4h_ActD_STM_CHX_wt	WT	C4	ActD	STM	CHX	4h	4	mCherry	2024-08-07	rep2	17.7907684985306	4.41060807790422	FALSE
C4_4h_ActD_STM_CHX_wt	WT	C4	ActD	STM	CHX	4h	4	Neon2	2024-08-07	rep2	18.7688218262773	2.23916410191328	FALSE
C4_4h_ActD_STM_CHX_wt	WT	C4	ActD	STM	CHX	4h	4	GAPDH	2024-08-07	rep2	20.8121524002868	0.54324643533812	FALSE
C4_4h_ActD_STM_CHX_wt	WT	C4	ActD	STM	CHX	4h	4	YTHDF2	2024-08-07	rep2	16.8513203188969	8.45860863492036	FALSE
C4_4h_ActD_STM_CHX_wt	WT	C4	ActD	STM	CHX	4h	4	MYC	2024-08-07	rep2	16.8015524009773	8.75445812916727	FALSE
C4_4h_ActD_STM_CHX_wt	WT	C4	ActD	STM	CHX	4h	4	TDH1	2024-08-07	rep3	17.9777988229837	3.87434115699309	FALSE
C4_4h_ActD_STM_CHX_wt	WT	C4	ActD	STM	CHX	4h	4	mCherry	2024-08-07	rep3	17.7658318796827	4.48750545091213	FALSE
C4_4h_ActD_STM_CHX_wt	WT	C4	ActD	STM	CHX	4h	4	Neon2	2024-08-07	rep3	18.8768661799703	2.07730760585594	FALSE
C4_4h_ActD_STM_CHX_wt	WT	C4	ActD	STM	CHX	4h	4	GAPDH	2024-08-07	rep3	20.0321214488612	0.932684579408097	FALSE
C4_4h_ActD_STM_CHX_wt	WT	C4	ActD	STM	CHX	4h	4	YTHDF2	2024-08-07	rep3	16.6414135796276	9.78223881298378	FALSE
C4_4h_ActD_STM_CHX_wt	WT	C4	ActD	STM	CHX	4h	4	MYC	2024-08-07	rep3	16.9865734386575	7.70078347650181	FALSE
C5_0h__mock_none_wt	WT	C5	ActD	mock	mock	0h	0	TDH1	2024-09-08	rep1	24.9991203461126	0.0298227251611471	FALSE
C5_0h__mock_none_wt	WT	C5	ActD	mock	mock	0h	0	mCherry	2024-09-08	rep1	19.0728238518146	1.81371015120308	FALSE
C5_0h__mock_none_wt	WT	C5	ActD	mock	mock	0h	0	Neon2	2024-09-08	rep1	20.7451496811885	0.569119056315929	FALSE
C5_0h__mock_none_wt	WT	C5	ActD	mock	mock	0h	0	GAPDH	2024-09-08	rep1	23.2491361173917	0.100327974153687	FALSE
C5_0h__mock_none_wt	WT	C5	ActD	mock	mock	0h	0	YTHDF2	2024-09-08	rep1	24.3270461038509	0.0475149964243426	FALSE
C5_0h__mock_none_wt	WT	C5	ActD	mock	mock	0h	0	MYC	2024-09-08	rep1	29.0243355726582	0.00183217724811373	FALSE
C5_0h__mock_none_wt	WT	C5	ActD	mock	mock	0h	0	TDH1	2024-09-08	rep2	24.9690508771174	0.0304490483949077	FALSE
C5_0h__mock_none_wt	WT	C5	ActD	mock	mock	0h	0	mCherry	2024-09-08	rep2	19.3545265678873	1.49178750720631	FALSE
C5_0h__mock_none_wt	WT	C5	ActD	mock	mock	0h	0	Neon2	2024-09-08	rep2	21.0060601802187	0.474840550087472	FALSE
C5_0h__mock_none_wt	WT	C5	ActD	mock	mock	0h	0	GAPDH	2024-09-08	rep2	23.0932175059274	0.111962530546332	FALSE
C5_0h__mock_none_wt	WT	C5	ActD	mock	mock	0h	0	YTHDF2	2024-09-08	rep2	24.1177449496152	0.0549369663825744	FALSE
C5_0h__mock_none_wt	WT	C5	ActD	mock	mock	0h	0	MYC	2024-09-08	rep2	29.1300040004268	0.00170216324507309	FALSE
C5_0h__mock_none_wt	WT	C5	ActD	mock	mock	0h	0	TDH1	2024-09-08	rep3	25.0654922962002	0.0284798147141355	FALSE
C5_0h__mock_none_wt	WT	C5	ActD	mock	mock	0h	0	mCherry	2024-09-08	rep3	19.1336671349924	1.73857641644017	FALSE
C5_0h__mock_none_wt	WT	C5	ActD	mock	mock	0h	0	Neon2	2024-09-08	rep3	20.6812108562141	0.594755287308738	FALSE
C5_1h__mock_none_wt	WT	C5	ActD	mock	mock	1h	1	TDH1	2024-09-08	rep1	24.6191571630042	0.0388062923709654	FALSE
C5_1h__mock_none_wt	WT	C5	ActD	mock	mock	1h	1	mCherry	2024-09-08	rep1	18.9645137606213	1.95486011051853	FALSE
C5_1h__mock_none_wt	WT	C5	ActD	mock	mock	1h	1	Neon2	2024-09-08	rep1	20.859080531384	0.525765902250394	FALSE
C5_1h__mock_none_wt	WT	C5	ActD	mock	mock	1h	1	GAPDH	2024-09-08	rep1	23.1236056956804	0.109421247069327	FALSE
C5_1h__mock_none_wt	WT	C5	ActD	mock	mock	1h	1	YTHDF2	2024-09-08	rep1	24.4418739856619	0.0438797143876725	FALSE
C5_1h__mock_none_wt	WT	C5	ActD	mock	mock	1h	1	MYC	2024-09-08	rep1	30.0715198316531	0.000886286880930629	FALSE
C5_1h__mock_none_wt	WT	C5	ActD	mock	mock	1h	1	TDH1	2024-09-08	rep2	24.5287380299075	0.0413219984104527	FALSE
C5_1h__mock_none_wt	WT	C5	ActD	mock	mock	1h	1	mCherry	2024-09-08	rep2	18.9901486183112	1.92043267434894	FALSE
C5_1h__mock_none_wt	WT	C5	ActD	mock	mock	1h	1	Neon2	2024-09-08	rep2	20.8374935395934	0.533695842968968	FALSE
C5_1h__mock_none_wt	WT	C5	ActD	mock	mock	1h	1	GAPDH	2024-09-08	rep2	23.1395080912501	0.10831684496631	FALSE
C5_1h__mock_none_wt	WT	C5	ActD	mock	mock	1h	1	YTHDF2	2024-09-08	rep2	24.3385087233595	0.0471389187051962	FALSE
C5_1h__mock_none_wt	WT	C5	ActD	mock	mock	1h	1	MYC	2024-09-08	rep2	30.139362991473	0.000845664964350384	FALSE
C5_1h__mock_none_wt	WT	C5	ActD	mock	mock	1h	1	TDH1	2024-09-08	rep3	24.7846463155781	0.0346212956853745	FALSE
C5_1h__mock_none_wt	WT	C5	ActD	mock	mock	1h	1	mCherry	2024-09-08	rep3	18.959516786931	1.96163224623517	FALSE
C5_1h__mock_none_wt	WT	C5	ActD	mock	mock	1h	1	Neon2	2024-09-08	rep3	21.0900263114257	0.447991587272314	FALSE
C5_2h__mock_none_wt	WT	C5	ActD	mock	mock	2h	2	TDH1	2024-09-08	rep1	24.4559183146489	0.0434564846453709	FALSE
C5_2h__mock_none_wt	WT	C5	ActD	mock	mock	2h	2	mCherry	2024-09-08	rep1	19.4787551978631	1.3688098941375	FALSE
C5_2h__mock_none_wt	WT	C5	ActD	mock	mock	2h	2	Neon2	2024-09-08	rep1	21.7017428823874	0.293173416967581	FALSE
C5_2h__mock_none_wt	WT	C5	ActD	mock	mock	2h	2	GAPDH	2024-09-08	rep1	23.7388051400415	0.0714593942039769	FALSE
C5_2h__mock_none_wt	WT	C5	ActD	mock	mock	2h	2	YTHDF2	2024-09-08	rep1	25.111563969542	0.0275847137555437	FALSE
C5_2h__mock_none_wt	WT	C5	ActD	mock	mock	2h	2	MYC	2024-09-08	rep1	31.2696936178458	0.00038627576773448	FALSE
C5_2h__mock_none_wt	WT	C5	ActD	mock	mock	2h	2	TDH1	2024-09-08	rep2	24.6251844304208	0.0386439264240253	FALSE
C5_2h__mock_none_wt	WT	C5	ActD	mock	mock	2h	2	mCherry	2024-09-08	rep2	20.0055983703572	0.950019112886458	FALSE
C5_2h__mock_none_wt	WT	C5	ActD	mock	mock	2h	2	Neon2	2024-09-08	rep2	22.0930401708995	0.223528146839301	FALSE
C5_2h__mock_none_wt	WT	C5	ActD	mock	mock	2h	2	GAPDH	2024-09-08	rep2	24.0519552988049	0.0574965259834741	FALSE
C5_2h__mock_none_wt	WT	C5	ActD	mock	mock	2h	2	YTHDF2	2024-09-08	rep2	25.3586012533325	0.0232452761955895	FALSE
C5_2h__mock_none_wt	WT	C5	ActD	mock	mock	2h	2	MYC	2024-09-08	rep2	31.2771540692652	0.000384307144041135	FALSE
C5_2h__mock_none_wt	WT	C5	ActD	mock	mock	2h	2	TDH1	2024-09-08	rep3	24.3077012885155	0.048283354251723	FALSE
C5_2h__mock_none_wt	WT	C5	ActD	mock	mock	2h	2	mCherry	2024-09-08	rep3	19.1042840827978	1.77441646538503	FALSE
C5_2h__mock_none_wt	WT	C5	ActD	mock	mock	2h	2	Neon2	2024-09-08	rep3	21.3369515620046	0.377522081100181	FALSE
C5_4h__mock_none_wt	WT	C5	ActD	mock	mock	4h	4	TDH1	2024-09-08	rep1	24.9394428002816	0.0310810622817978	FALSE
C5_4h__mock_none_wt	WT	C5	ActD	mock	mock	4h	4	mCherry	2024-09-08	rep1	20.1462613135406	0.861730713601555	FALSE
C5_4h__mock_none_wt	WT	C5	ActD	mock	mock	4h	4	Neon2	2024-09-08	rep1	23.1739742490186	0.10566823606406	FALSE
C5_4h__mock_none_wt	WT	C5	ActD	mock	mock	4h	4	GAPDH	2024-09-08	rep1	24.0130387290001	0.0590683823571398	FALSE
C5_4h__mock_none_wt	WT	C5	ActD	mock	mock	4h	4	YTHDF2	2024-09-08	rep1	26.175682115378	0.0131938921262744	FALSE
C5_4h__mock_none_wt	WT	C5	ActD	mock	mock	4h	4	MYC	2024-09-08	rep1	32.9852475599886	0.000117633111247387	FALSE
C5_4h__mock_none_wt	WT	C5	ActD	mock	mock	4h	4	TDH1	2024-09-08	rep2	25.0807459877649	0.0281801399053446	FALSE
C5_4h__mock_none_wt	WT	C5	ActD	mock	mock	4h	4	mCherry	2024-09-08	rep2	20.3928748980113	0.726355997341044	FALSE
C5_4h__mock_none_wt	WT	C5	ActD	mock	mock	4h	4	Neon2	2024-09-08	rep2	23.2055053915357	0.103384076238117	FALSE
C5_4h__mock_none_wt	WT	C5	ActD	mock	mock	4h	4	TDH1	2024-09-08	rep3	24.1134381032755	0.0550974969428643	FALSE
C5_4h__mock_none_wt	WT	C5	ActD	mock	mock	4h	4	mCherry	2024-09-08	rep3	19.1275976943819	1.74840864081633	FALSE
C5_4h__mock_none_wt	WT	C5	ActD	mock	mock	4h	4	Neon2	2024-09-08	rep3	22.0102432883147	0.237003141973225	FALSE
C5_0h__STM_none_wt	WT	C5	ActD	STM	mock	0h	0	TDH1	2024-09-08	rep1	26.4472949969407	0.0109291808964256	FALSE
C5_0h__STM_none_wt	WT	C5	ActD	STM	mock	0h	0	mCherry	2024-09-08	rep1	20.859688917809	0.525547784859337	FALSE
C5_0h__STM_none_wt	WT	C5	ActD	STM	mock	0h	0	Neon2	2024-09-08	rep1	22.003901428749	0.23777701755521	FALSE
C5_0h__STM_none_wt	WT	C5	ActD	STM	mock	0h	0	GAPDH	2024-09-08	rep1	24.8274089765001	0.0335896289806176	FALSE
C5_0h__STM_none_wt	WT	C5	ActD	STM	mock	0h	0	YTHDF2	2024-09-08	rep1	24.0315185667937	0.058317123636885	FALSE
C5_0h__STM_none_wt	WT	C5	ActD	STM	mock	0h	0	MYC	2024-09-08	rep1	31.5069631475321	0.00032768881850202	FALSE
C5_0h__STM_none_wt	WT	C5	ActD	STM	mock	0h	0	TDH1	2024-09-08	rep2	25.1023509747277	0.0277631056176966	FALSE
C5_0h__STM_none_wt	WT	C5	ActD	STM	mock	0h	0	mCherry	2024-09-08	rep2	19.9963823723918	0.956100680443132	FALSE
C5_0h__STM_none_wt	WT	C5	ActD	STM	mock	0h	0	Neon2	2024-09-08	rep2	20.9639046673939	0.489590338332092	FALSE
C5_0h__STM_none_wt	WT	C5	ActD	STM	mock	0h	0	GAPDH	2024-09-08	rep2	23.8379063100764	0.0667221932117313	FALSE
C5_0h__STM_none_wt	WT	C5	ActD	STM	mock	0h	0	YTHDF2	2024-09-08	rep2	23.0554909247831	0.114731070095841	FALSE
C5_0h__STM_none_wt	WT	C5	ActD	STM	mock	0h	0	MYC	2024-09-08	rep2	30.0762337768062	0.000883395795845662	FALSE
C5_0h__STM_none_wt	WT	C5	ActD	STM	mock	0h	0	TDH1	2024-09-08	rep3	25.4694101008298	0.0215321699687152	FALSE
C5_0h__STM_none_wt	WT	C5	ActD	STM	mock	0h	0	mCherry	2024-09-08	rep3	19.8600050002327	1.05085541806241	FALSE
C5_0h__STM_none_wt	WT	C5	ActD	STM	mock	0h	0	Neon2	2024-09-08	rep3	21.0267248777837	0.468085651746011	FALSE
C5_1h__STM_none_wt	WT	C5	ActD	STM	mock	1h	1	TDH1	2024-09-08	rep1	24.0419662292807	0.0578972256567678	FALSE
C5_1h__STM_none_wt	WT	C5	ActD	STM	mock	1h	1	mCherry	2024-09-08	rep1	19.2708040967068	1.58115078982698	FALSE
C5_1h__STM_none_wt	WT	C5	ActD	STM	mock	1h	1	Neon2	2024-09-08	rep1	20.3195822898533	0.764185264237089	FALSE
C5_1h__STM_none_wt	WT	C5	ActD	STM	mock	1h	1	GAPDH	2024-09-08	rep1	23.1966732930706	0.104017591151355	FALSE
C5_1h__STM_none_wt	WT	C5	ActD	STM	mock	1h	1	YTHDF2	2024-09-08	rep1	22.3264770655575	0.190153819258916	FALSE
C5_1h__STM_none_wt	WT	C5	ActD	STM	mock	1h	1	MYC	2024-09-08	rep1	28.8570095384844	0.00205719326888647	FALSE
C5_1h__STM_none_wt	WT	C5	ActD	STM	mock	1h	1	TDH1	2024-09-08	rep2	25.2932901987055	0.0243199031614501	FALSE
C5_1h__STM_none_wt	WT	C5	ActD	STM	mock	1h	1	mCherry	2024-09-08	rep2	20.4471692498158	0.699513094592434	FALSE
C5_1h__STM_none_wt	WT	C5	ActD	STM	mock	1h	1	Neon2	2024-09-08	rep2	21.5218369751911	0.332119082508958	FALSE
C5_1h__STM_none_wt	WT	C5	ActD	STM	mock	1h	1	GAPDH	2024-09-08	rep2	24.3004550712958	0.0484241891796803	FALSE
C5_1h__STM_none_wt	WT	C5	ActD	STM	mock	1h	1	YTHDF2	2024-09-08	rep2	23.5193631779315	0.0831735579247052	FALSE
C5_1h__STM_none_wt	WT	C5	ActD	STM	mock	1h	1	MYC	2024-09-08	rep2	30.405127024771	0.000724805799842539	FALSE
C5_1h__STM_none_wt	WT	C5	ActD	STM	mock	1h	1	TDH1	2024-09-08	rep3	25.051417267081	0.0287691622055558	FALSE
C5_1h__STM_none_wt	WT	C5	ActD	STM	mock	1h	1	mCherry	2024-09-08	rep3	19.8632740814354	1.04878829177916	FALSE
C5_1h__STM_none_wt	WT	C5	ActD	STM	mock	1h	1	Neon2	2024-09-08	rep3	21.1402347836934	0.4326711031346	FALSE
C5_2h__STM_none_wt	WT	C5	ActD	STM	mock	2h	2	TDH1	2024-09-08	rep1	24.7176541837028	0.0362449333388653	FALSE
C5_2h__STM_none_wt	WT	C5	ActD	STM	mock	2h	2	mCherry	2024-09-08	rep1	20.4776523829292	0.68578494007675	FALSE
C5_2h__STM_none_wt	WT	C5	ActD	STM	mock	2h	2	Neon2	2024-09-08	rep1	21.9214262183344	0.251770850565752	FALSE
C5_2h__STM_none_wt	WT	C5	ActD	STM	mock	2h	2	GAPDH	2024-09-08	rep1	23.9509914065437	0.0618018953765026	FALSE
C5_2h__STM_none_wt	WT	C5	ActD	STM	mock	2h	2	YTHDF2	2024-09-08	rep1	23.6038549744763	0.0784391755943562	FALSE
C5_2h__STM_none_wt	WT	C5	ActD	STM	mock	2h	2	MYC	2024-09-08	rep1	30.5299890019608	0.000645041429344514	FALSE
C5_2h__STM_none_wt	WT	C5	ActD	STM	mock	2h	2	TDH1	2024-09-08	rep2	24.6683295704027	0.0375100830488954	FALSE
C5_2h__STM_none_wt	WT	C5	ActD	STM	mock	2h	2	mCherry	2024-09-08	rep2	20.1604621539183	0.853348661832182	FALSE
C5_2h__STM_none_wt	WT	C5	ActD	STM	mock	2h	2	Neon2	2024-09-08	rep2	21.8506149589636	0.264431480171555	FALSE
C5_2h__STM_none_wt	WT	C5	ActD	STM	mock	2h	2	TDH1	2024-09-08	rep3	25.3251884865523	0.0238080568824566	FALSE
C5_2h__STM_none_wt	WT	C5	ActD	STM	mock	2h	2	mCherry	2024-09-08	rep3	20.9811346375822	0.483286715486919	FALSE
C5_2h__STM_none_wt	WT	C5	ActD	STM	mock	2h	2	Neon2	2024-09-08	rep3	22.5467928176863	0.163226405089945	FALSE
C5_4h__STM_none_wt	WT	C5	ActD	STM	mock	4h	4	TDH1	2024-09-08	rep1	24.7219290716135	0.0361606795059498	FALSE
C5_4h__STM_none_wt	WT	C5	ActD	STM	mock	4h	4	mCherry	2024-09-08	rep1	20.345373203481	0.750988807175824	FALSE
C5_4h__STM_none_wt	WT	C5	ActD	STM	mock	4h	4	Neon2	2024-09-08	rep1	22.1036490000696	0.221938899044591	FALSE
C5_4h__STM_none_wt	WT	C5	ActD	STM	mock	4h	4	GAPDH	2024-09-08	rep1	23.8978355539848	0.0640654870577733	FALSE
C5_4h__STM_none_wt	WT	C5	ActD	STM	mock	4h	4	YTHDF2	2024-09-08	rep1	23.638309456706	0.0765903073621376	FALSE
C5_4h__STM_none_wt	WT	C5	ActD	STM	mock	4h	4	MYC	2024-09-08	rep1	32.1330865013715	0.000212346031519241	FALSE
C5_4h__STM_none_wt	WT	C5	ActD	STM	mock	4h	4	TDH1	2024-09-08	rep2	24.1518441838645	0.0536501497103937	FALSE
C5_4h__STM_none_wt	WT	C5	ActD	STM	mock	4h	4	mCherry	2024-09-08	rep2	19.1053692303426	1.77665917740991	FALSE
C5_4h__STM_none_wt	WT	C5	ActD	STM	mock	4h	4	Neon2	2024-09-08	rep2	20.8860561681914	0.516272095421959	FALSE
C5_4h__STM_none_wt	WT	C5	ActD	STM	mock	4h	4	TDH1	2024-09-08	rep3	24.0192018390318	0.0588165819789004	FALSE
C5_4h__STM_none_wt	WT	C5	ActD	STM	mock	4h	4	mCherry	2024-09-08	rep3	19.1049693345792	1.77355505458468	FALSE
C5_4h__STM_none_wt	WT	C5	ActD	STM	mock	4h	4	Neon2	2024-09-08	rep3	20.9103307064532	0.507981418463445	FALSE
C7_0h__mock_none_wt	WT	C7	ActD	mock	mock	0h	0	TDH1	2024-09-08	rep1	23.364933477536	0.0925693900295806	FALSE
C7_0h__mock_none_wt	WT	C7	ActD	mock	mock	0h	0	mCherry	2024-09-08	rep1	18.104595462411	3.55559421116361	FALSE
C7_0h__mock_none_wt	WT	C7	ActD	mock	mock	0h	0	Neon2	2024-09-08	rep1	20.4000886116186	0.722706279691651	FALSE
C7_0h__mock_none_wt	WT	C7	ActD	mock	mock	0h	0	TDH1	2024-09-08	rep2	24.0387020206141	0.0580872326804321	FALSE
C7_0h__mock_none_wt	WT	C7	ActD	mock	mock	0h	0	mCherry	2024-09-08	rep2	19.3188245876887	1.52916511091623	FALSE
C7_0h__mock_none_wt	WT	C7	ActD	mock	mock	0h	0	Neon2	2024-09-08	rep2	21.8820277530495	0.258733996991631	FALSE
C7_0h__mock_none_wt	WT	C7	ActD	mock	mock	0h	0	TDH1	2024-09-08	rep3	23.5027512807678	0.0841335804350438	FALSE
C7_0h__mock_none_wt	WT	C7	ActD	mock	mock	0h	0	mCherry	2024-09-08	rep3	18.7686603809669	2.23919566615001	FALSE
C7_0h__mock_none_wt	WT	C7	ActD	mock	mock	0h	0	Neon2	2024-09-08	rep3	21.0563593125907	0.45856855099312	FALSE
C7_1h__mock_none_wt	WT	C7	ActD	mock	mock	1h	1	TDH1	2024-09-08	rep1	23.4412383826513	0.0878250369680972	FALSE
C7_1h__mock_none_wt	WT	C7	ActD	mock	mock	1h	1	mCherry	2024-09-08	rep1	19.3749196496804	1.47095136975167	FALSE
C7_1h__mock_none_wt	WT	C7	ActD	mock	mock	1h	1	Neon2	2024-09-08	rep1	22.023348718378	0.234591658286966	FALSE
C7_1h__mock_none_wt	WT	C7	ActD	mock	mock	1h	1	TDH1	2024-09-08	rep2	24.5370770939941	0.0410779037289187	FALSE
C7_1h__mock_none_wt	WT	C7	ActD	mock	mock	1h	1	mCherry	2024-09-08	rep2	19.4959492828253	1.35286330059374	FALSE
C7_1h__mock_none_wt	WT	C7	ActD	mock	mock	1h	1	Neon2	2024-09-08	rep2	22.4973857705945	0.168935945020105	FALSE
C7_1h__mock_none_wt	WT	C7	ActD	mock	mock	1h	1	TDH1	2024-09-08	rep3	23.6349693820797	0.0767689672913224	FALSE
C7_1h__mock_none_wt	WT	C7	ActD	mock	mock	1h	1	mCherry	2024-09-08	rep3	18.9709908288973	1.94613058936389	FALSE
C7_1h__mock_none_wt	WT	C7	ActD	mock	mock	1h	1	Neon2	2024-09-08	rep3	22.0187343876664	0.235367620361075	FALSE
C7_2h__mock_none_wt	WT	C7	ActD	mock	mock	2h	2	TDH1	2024-09-08	rep1	25.5632398581545	0.0201698635915232	FALSE
C7_2h__mock_none_wt	WT	C7	ActD	mock	mock	2h	2	mCherry	2024-09-08	rep1	20.8200386562805	0.540189561001105	FALSE
C7_2h__mock_none_wt	WT	C7	ActD	mock	mock	2h	2	Neon2	2024-09-08	rep1	24.044779307986	0.0577832969178054	FALSE
C7_2h__mock_none_wt	WT	C7	ActD	mock	mock	2h	2	TDH1	2024-09-08	rep2	23.9574915254244	0.061387119256304	FALSE
C7_2h__mock_none_wt	WT	C7	ActD	mock	mock	2h	2	mCherry	2024-09-08	rep2	19.3033623961859	1.54910252032641	FALSE
C7_2h__mock_none_wt	WT	C7	ActD	mock	mock	2h	2	Neon2	2024-09-08	rep2	22.0742781646746	0.226454443578213	FALSE
C7_2h__mock_none_wt	WT	C7	ActD	mock	mock	2h	2	TDH1	2024-09-08	rep3	23.6585353359439	0.0755221344204657	FALSE
C7_2h__mock_none_wt	WT	C7	ActD	mock	mock	2h	2	mCherry	2024-09-08	rep3	19.0454086821806	1.84886302046184	FALSE
C7_2h__mock_none_wt	WT	C7	ActD	mock	mock	2h	2	Neon2	2024-09-08	rep3	21.9427919408342	0.248082052904283	FALSE
C7_4h__mock_none_wt	WT	C7	ActD	mock	mock	4h	4	TDH1	2024-09-08	rep1	23.7017288942985	0.0732944683444922	FALSE
C7_4h__mock_none_wt	WT	C7	ActD	mock	mock	4h	4	mCherry	2024-09-08	rep1	19.6810219839182	1.19010424524833	FALSE
C7_4h__mock_none_wt	WT	C7	ActD	mock	mock	4h	4	Neon2	2024-09-08	rep1	22.7695132597055	0.139886275800532	FALSE
C7_4h__mock_none_wt	WT	C7	ActD	mock	mock	4h	4	TDH1	2024-09-08	rep2	23.9742496740768	0.0606843187981536	FALSE
C7_4h__mock_none_wt	WT	C7	ActD	mock	mock	4h	4	mCherry	2024-09-08	rep2	20.0638603809452	0.912409221326563	FALSE
C7_4h__mock_none_wt	WT	C7	ActD	mock	mock	4h	4	Neon2	2024-09-08	rep2	23.1409584466157	0.108119209349476	FALSE
C7_4h__mock_none_wt	WT	C7	ActD	mock	mock	4h	4	TDH1	2024-09-08	rep3	23.6451729994342	0.0762245776890123	FALSE
C7_4h__mock_none_wt	WT	C7	ActD	mock	mock	4h	4	mCherry	2024-09-08	rep3	19.3874438561077	1.45984459705275	FALSE
C7_4h__mock_none_wt	WT	C7	ActD	mock	mock	4h	4	Neon2	2024-09-08	rep3	22.6155761528514	0.155615087163108	FALSE
C7_0h__STM_none_wt	WT	C7	ActD	STM	mock	0h	0	TDH1	2024-09-08	rep1	24.0199516488698	0.05879689412784	FALSE
C7_0h__STM_none_wt	WT	C7	ActD	STM	mock	0h	0	mCherry	2024-09-08	rep1	20.6763304317901	0.596804325667592	FALSE
C7_0h__STM_none_wt	WT	C7	ActD	STM	mock	0h	0	Neon2	2024-09-08	rep1	23.0907438674703	0.111942142683656	FALSE
C7_0h__STM_none_wt	WT	C7	ActD	STM	mock	0h	0	TDH1	2024-09-08	rep2	25.6915528689698	0.0184532153918401	FALSE
C7_0h__STM_none_wt	WT	C7	ActD	STM	mock	0h	0	mCherry	2024-09-08	rep2	22.6491470131963	0.152062436616322	FALSE
C7_0h__STM_none_wt	WT	C7	ActD	STM	mock	0h	0	Neon2	2024-09-08	rep2	24.8458890840702	0.0331624705145016	FALSE
C7_0h__STM_none_wt	WT	C7	ActD	STM	mock	0h	0	TDH1	2024-09-08	rep3	23.4689492724254	0.0861440206701621	FALSE
C7_0h__STM_none_wt	WT	C7	ActD	STM	mock	0h	0	mCherry	2024-09-08	rep3	20.1852309817967	0.838864968578683	FALSE
C7_0h__STM_none_wt	WT	C7	ActD	STM	mock	0h	0	Neon2	2024-09-08	rep3	22.3998135773989	0.180743496217072	FALSE
C7_1h__STM_none_wt	WT	C7	ActD	STM	mock	1h	1	TDH1	2024-09-08	rep1	23.4261922363049	0.088729880152146	FALSE
C7_1h__STM_none_wt	WT	C7	ActD	STM	mock	1h	1	mCherry	2024-09-08	rep1	19.9028892082735	1.02007811358353	FALSE
C7_1h__STM_none_wt	WT	C7	ActD	STM	mock	1h	1	Neon2	2024-09-08	rep1	22.2547357773375	0.199838682939192	FALSE
C7_1h__STM_none_wt	WT	C7	ActD	STM	mock	1h	1	TDH1	2024-09-08	rep2	24.1772378650709	0.0527204930747753	FALSE
C7_1h__STM_none_wt	WT	C7	ActD	STM	mock	1h	1	mCherry	2024-09-08	rep2	20.0096904921991	0.947392760559555	FALSE
C7_1h__STM_none_wt	WT	C7	ActD	STM	mock	1h	1	Neon2	2024-09-08	rep2	22.6462942138481	0.15236090775109	FALSE
C7_1h__STM_none_wt	WT	C7	ActD	STM	mock	1h	1	TDH1	2024-09-08	rep3	24.0516921058208	0.0575168306457481	FALSE
C7_1h__STM_none_wt	WT	C7	ActD	STM	mock	1h	1	mCherry	2024-09-08	rep3	20.2686544661466	0.791756747031433	FALSE
C7_1h__STM_none_wt	WT	C7	ActD	STM	mock	1h	1	Neon2	2024-09-08	rep3	22.921449346034	0.125952383170226	FALSE
C7_2h__STM_none_wt	WT	C7	ActD	STM	mock	2h	2	TDH1	2024-09-08	rep1	23.4656309438975	0.0863274042101659	FALSE
C7_2h__STM_none_wt	WT	C7	ActD	STM	mock	2h	2	mCherry	2024-09-08	rep1	19.6272721383606	1.23537036232466	FALSE
C7_2h__STM_none_wt	WT	C7	ActD	STM	mock	2h	2	Neon2	2024-09-08	rep1	22.5054624682767	0.16803504450049	FALSE
C7_2h__STM_none_wt	WT	C7	ActD	STM	mock	2h	2	TDH1	2024-09-08	rep2	23.2487352991619	0.100330602902663	FALSE
C7_2h__STM_none_wt	WT	C7	ActD	STM	mock	2h	2	mCherry	2024-09-08	rep2	19.790904383061	1.10241648734799	FALSE
C7_2h__STM_none_wt	WT	C7	ActD	STM	mock	2h	2	Neon2	2024-09-08	rep2	22.3900572237727	0.181948044755086	FALSE
C7_2h__STM_none_wt	WT	C7	ActD	STM	mock	2h	2	TDH1	2024-09-08	rep3	23.6935104816338	0.0737143130199765	FALSE
C7_2h__STM_none_wt	WT	C7	ActD	STM	mock	2h	2	mCherry	2024-09-08	rep3	20.0980038657444	0.891041678818874	FALSE
C7_2h__STM_none_wt	WT	C7	ActD	STM	mock	2h	2	Neon2	2024-09-08	rep3	22.9033052331796	0.130286498676912	FALSE
C7_4h__STM_none_wt	WT	C7	ActD	STM	mock	4h	4	TDH1	2024-09-08	rep1	24.4875347288707	0.0425157127795002	FALSE
C7_4h__STM_none_wt	WT	C7	ActD	STM	mock	4h	4	mCherry	2024-09-08	rep1	21.5351574068598	0.32933125929954	FALSE
C7_4h__STM_none_wt	WT	C7	ActD	STM	mock	4h	4	Neon2	2024-09-08	rep1	24.2912601822287	0.0487094358972642	FALSE
C7_4h__STM_none_wt	WT	C7	ActD	STM	mock	4h	4	TDH1	2024-09-08	rep2	24.1233715402471	0.0547194795437058	FALSE
C7_4h__STM_none_wt	WT	C7	ActD	STM	mock	4h	4	mCherry	2024-09-08	rep2	20.8852111950902	0.516370513175362	FALSE
C7_4h__STM_none_wt	WT	C7	ActD	STM	mock	4h	4	Neon2	2024-09-08	rep2	23.5212141256191	0.0830655043240488	FALSE
C7_4h__STM_none_wt	WT	C7	ActD	STM	mock	4h	4	TDH1	2024-09-08	rep3	24.14632827241	0.0538594972245455	FALSE
C7_4h__STM_none_wt	WT	C7	ActD	STM	mock	4h	4	mCherry	2024-09-08	rep3	20.9972025140695	0.478517776134565	FALSE
C7_4h__STM_none_wt	WT	C7	ActD	STM	mock	4h	4	Neon2	2024-09-08	rep3	23.7286575124284	0.0719505911360547	FALSE
C5_0h__mock_none_ELP1KO	ELP1 KO	C5	ActD	mock	mock	0h	0	TDH1	2024-09-08	rep1	24.9003239625069	0.0319342945482717	FALSE
C5_0h__mock_none_ELP1KO	ELP1 KO	C5	ActD	mock	mock	0h	0	mCherry	2024-09-08	rep1	21.656088070403	0.307103512635213	FALSE
C5_0h__mock_none_ELP1KO	ELP1 KO	C5	ActD	mock	mock	0h	0	Neon2	2024-09-08	rep1	22.8305345302578	0.134091717773675	FALSE
C5_0h__mock_none_ELP1KO	ELP1 KO	C5	ActD	mock	mock	0h	0	GAPDH	2024-09-08	rep1	27.3223464870198	0.00597547209978797	FALSE
C5_0h__mock_none_ELP1KO	ELP1 KO	C5	ActD	mock	mock	0h	0	YTHDF2	2024-09-08	rep1	26.7877808113363	0.00863936081110642	FALSE
C5_0h__mock_none_ELP1KO	ELP1 KO	C5	ActD	mock	mock	0h	0	MYC	2024-09-08	rep1	33.5520672001463	7.9422962983472e-05	FALSE
C5_0h__mock_none_ELP1KO	ELP1 KO	C5	ActD	mock	mock	0h	0	TDH1	2024-09-08	rep2	25.2370398373091	0.0252894619900243	FALSE
C5_0h__mock_none_ELP1KO	ELP1 KO	C5	ActD	mock	mock	0h	0	mCherry	2024-09-08	rep2	21.4571820256013	0.347338639516471	FALSE
C5_0h__mock_none_ELP1KO	ELP1 KO	C5	ActD	mock	mock	0h	0	Neon2	2024-09-08	rep2	22.7404809592566	0.142744451150904	FALSE
C5_0h__mock_none_ELP1KO	ELP1 KO	C5	ActD	mock	mock	0h	0	GAPDH	2024-09-08	rep2	27.1511602466185	0.00673319894625962	FALSE
C5_0h__mock_none_ELP1KO	ELP1 KO	C5	ActD	mock	mock	0h	0	YTHDF2	2024-09-08	rep2	27.2059101538299	0.00646105902450209	FALSE
C5_0h__mock_none_ELP1KO	ELP1 KO	C5	ActD	mock	mock	0h	0	MYC	2024-09-08	rep2	33.2401772846827	9.8565542809252e-05	FALSE
C5_0h__mock_none_ELP1KO	ELP1 KO	C5	ActD	mock	mock	0h	0	TDH1	2024-09-08	rep3	24.2138909708047	0.0513917004347878	FALSE
C5_0h__mock_none_ELP1KO	ELP1 KO	C5	ActD	mock	mock	0h	0	mCherry	2024-09-08	rep3	20.2147723100192	0.821800872221794	FALSE
C5_0h__mock_none_ELP1KO	ELP1 KO	C5	ActD	mock	mock	0h	0	Neon2	2024-09-08	rep3	21.4698969419469	0.344313250219636	FALSE
C5_1h__mock_none_ELP1KO	ELP1 KO	C5	ActD	mock	mock	1h	1	TDH1	2024-09-08	rep1	25.1942776059915	0.026131303828143	FALSE
C5_1h__mock_none_ELP1KO	ELP1 KO	C5	ActD	mock	mock	1h	1	mCherry	2024-09-08	rep1	21.7306299946715	0.28801729472603	FALSE
C5_1h__mock_none_ELP1KO	ELP1 KO	C5	ActD	mock	mock	1h	1	Neon2	2024-09-08	rep1	23.1929007739113	0.104290698850764	FALSE
C5_1h__mock_none_ELP1KO	ELP1 KO	C5	ActD	mock	mock	1h	1	GAPDH	2024-09-08	rep1	27.2436753358972	0.00629273591224401	FALSE
C5_1h__mock_none_ELP1KO	ELP1 KO	C5	ActD	mock	mock	1h	1	YTHDF2	2024-09-08	rep1	27.3638666541913	0.00578976786198296	FALSE
C5_1h__mock_none_ELP1KO	ELP1 KO	C5	ActD	mock	mock	1h	1	MYC	2024-09-08	rep1	34.4167172011131	4.36622669993133e-05	FALSE
C5_1h__mock_none_ELP1KO	ELP1 KO	C5	ActD	mock	mock	1h	1	TDH1	2024-09-08	rep2	26.5545368775421	0.0101459899132055	FALSE
C5_1h__mock_none_ELP1KO	ELP1 KO	C5	ActD	mock	mock	1h	1	mCherry	2024-09-08	rep2	22.7576334345467	0.141049384598293	FALSE
C5_1h__mock_none_ELP1KO	ELP1 KO	C5	ActD	mock	mock	1h	1	Neon2	2024-09-08	rep2	24.3264821713169	0.0475428270716027	FALSE
C5_1h__mock_none_ELP1KO	ELP1 KO	C5	ActD	mock	mock	1h	1	GAPDH	2024-09-08	rep2	27.9194576704051	0.00394264422463025	FALSE
C5_1h__mock_none_ELP1KO	ELP1 KO	C5	ActD	mock	mock	1h	1	YTHDF2	2024-09-08	rep2	28.8365834858323	0.00208604408148895	FALSE
C5_1h__mock_none_ELP1KO	ELP1 KO	C5	ActD	mock	mock	1h	1	MYC	2024-09-08	rep2	35.3997098169431	2.21123715117198e-05	FALSE
C5_1h__mock_none_ELP1KO	ELP1 KO	C5	ActD	mock	mock	1h	1	TDH1	2024-09-08	rep3	26.2720312867753	0.0123404748028718	FALSE
C5_1h__mock_none_ELP1KO	ELP1 KO	C5	ActD	mock	mock	1h	1	mCherry	2024-09-08	rep3	22.4695220860444	0.172385935186602	FALSE
C5_1h__mock_none_ELP1KO	ELP1 KO	C5	ActD	mock	mock	1h	1	Neon2	2024-09-08	rep3	24.0765303016791	0.0565420536045138	FALSE
C5_2h__mock_none_ELP1KO	ELP1 KO	C5	ActD	mock	mock	2h	2	TDH1	2024-09-08	rep1	25.6289614522863	0.019272542140648	FALSE
C5_2h__mock_none_ELP1KO	ELP1 KO	C5	ActD	mock	mock	2h	2	mCherry	2024-09-08	rep1	22.3236334224494	0.19079959923661	FALSE
C5_2h__mock_none_ELP1KO	ELP1 KO	C5	ActD	mock	mock	2h	2	Neon2	2024-09-08	rep1	24.5597491480076	0.0405634971422221	FALSE
C5_2h__mock_none_ELP1KO	ELP1 KO	C5	ActD	mock	mock	2h	2	GAPDH	2024-09-08	rep1	27.2114506980909	0.00644149335968462	FALSE
C5_2h__mock_none_ELP1KO	ELP1 KO	C5	ActD	mock	mock	2h	2	YTHDF2	2024-09-08	rep1	28.179135766755	0.00329046427491049	FALSE
C5_2h__mock_none_ELP1KO	ELP1 KO	C5	ActD	mock	mock	2h	2	MYC	2024-09-08	rep1	35.5675321919987	1.96563839778431e-05	FALSE
C5_2h__mock_none_ELP1KO	ELP1 KO	C5	ActD	mock	mock	2h	2	TDH1	2024-09-08	rep2	25.0488478028273	0.0288254062907591	FALSE
C5_2h__mock_none_ELP1KO	ELP1 KO	C5	ActD	mock	mock	2h	2	mCherry	2024-09-08	rep2	21.0731872948173	0.45352855937701	FALSE
C5_2h__mock_none_ELP1KO	ELP1 KO	C5	ActD	mock	mock	2h	2	Neon2	2024-09-08	rep2	23.0580963105092	0.114504236525965	FALSE
C5_2h__mock_none_ELP1KO	ELP1 KO	C5	ActD	mock	mock	2h	2	GAPDH	2024-09-08	rep2	26.7109338048325	0.00910356182211357	FALSE
C5_2h__mock_none_ELP1KO	ELP1 KO	C5	ActD	mock	mock	2h	2	YTHDF2	2024-09-08	rep2	27.7254976417593	0.00450602493994997	FALSE
C5_2h__mock_none_ELP1KO	ELP1 KO	C5	ActD	mock	mock	2h	2	MYC	2024-09-08	rep2	34.0548245889226	5.604051505674e-05	FALSE
C5_2h__mock_none_ELP1KO	ELP1 KO	C5	ActD	mock	mock	2h	2	TDH1	2024-09-08	rep3	25.2695400653231	0.0247273895834872	FALSE
C5_2h__mock_none_ELP1KO	ELP1 KO	C5	ActD	mock	mock	2h	2	mCherry	2024-09-08	rep3	21.0790185329369	0.452188193528948	FALSE
C5_2h__mock_none_ELP1KO	ELP1 KO	C5	ActD	mock	mock	2h	2	Neon2	2024-09-08	rep3	23.6280574657265	0.0771340198311307	FALSE
C5_4h__mock_none_ELP1KO	ELP1 KO	C5	ActD	mock	mock	4h	4	TDH1	2024-09-08	rep1	25.0516004348989	0.0287760662266233	FALSE
C5_4h__mock_none_ELP1KO	ELP1 KO	C5	ActD	mock	mock	4h	4	mCherry	2024-09-08	rep1	21.6681713840255	0.300075461285417	FALSE
C5_4h__mock_none_ELP1KO	ELP1 KO	C5	ActD	mock	mock	4h	4	Neon2	2024-09-08	rep1	25.0455321466749	0.02887931138164	FALSE
C5_4h__mock_none_ELP1KO	ELP1 KO	C5	ActD	mock	mock	4h	4	GAPDH	2024-09-08	rep1	28.5123718403758	0.00261199525892062	FALSE
C5_4h__mock_none_ELP1KO	ELP1 KO	C5	ActD	mock	mock	4h	4	YTHDF2	2024-09-08	rep1	27.98255192501	0.00377061868890815	FALSE
C5_4h__mock_none_ELP1KO	ELP1 KO	C5	ActD	mock	mock	4h	4	MYC	2024-09-08	rep1	35.0493515794412	2.81250853601054e-05	FALSE
C5_4h__mock_none_ELP1KO	ELP1 KO	C5	ActD	mock	mock	4h	4	TDH1	2024-09-08	rep2	25.2902594515685	0.0243716743898658	FALSE
C5_4h__mock_none_ELP1KO	ELP1 KO	C5	ActD	mock	mock	4h	4	mCherry	2024-09-08	rep2	23.0134234904428	0.118546064605208	FALSE
C5_4h__mock_none_ELP1KO	ELP1 KO	C5	ActD	mock	mock	4h	4	Neon2	2024-09-08	rep2	25.5975296961768	0.019701644555959	FALSE
C5_4h__mock_none_ELP1KO	ELP1 KO	C5	ActD	mock	mock	4h	4	GAPDH	2024-09-08	rep2	28.1888654900907	0.00326906480607331	FALSE
C5_4h__mock_none_ELP1KO	ELP1 KO	C5	ActD	mock	mock	4h	4	YTHDF2	2024-09-08	rep2	28.3355713418774	0.00295345821376553	FALSE
C5_4h__mock_none_ELP1KO	ELP1 KO	C5	ActD	mock	mock	4h	4	MYC	2024-09-08	rep2	34.9919989137943	2.92657306370335e-05	FALSE
C5_4h__mock_none_ELP1KO	ELP1 KO	C5	ActD	mock	mock	4h	4	TDH1	2024-09-08	rep3	26.2086581115056	0.0128958307195478	FALSE
C5_4h__mock_none_ELP1KO	ELP1 KO	C5	ActD	mock	mock	4h	4	mCherry	2024-09-08	rep3	23.6672479716556	0.0751641204666706	FALSE
C5_4h__mock_none_ELP1KO	ELP1 KO	C5	ActD	mock	mock	4h	4	Neon2	2024-09-08	rep3	26.3138676084779	0.0119978385867965	FALSE
C5_0h__STM_none_ELP1KO	ELP1 KO	C5	ActD	STM	mock	0h	0	TDH1	2024-09-08	rep1	24.2186947512114	0.0512298976009118	FALSE
C5_0h__STM_none_ELP1KO	ELP1 KO	C5	ActD	STM	mock	0h	0	mCherry	2024-09-08	rep1	20.1504529237453	0.86143190083149	FALSE
C5_0h__STM_none_ELP1KO	ELP1 KO	C5	ActD	STM	mock	0h	0	Neon2	2024-09-08	rep1	21.3251558202196	0.380652374248232	FALSE
C5_0h__STM_none_ELP1KO	ELP1 KO	C5	ActD	STM	mock	0h	0	GAPDH	2024-09-08	rep1	23.7307243163862	0.0718360114330429	FALSE
C5_0h__STM_none_ELP1KO	ELP1 KO	C5	ActD	STM	mock	0h	0	YTHDF2	2024-09-08	rep1	23.1499450544356	0.10763846316171	FALSE
C5_0h__STM_none_ELP1KO	ELP1 KO	C5	ActD	STM	mock	0h	0	MYC	2024-09-08	rep1	28.3321001534185	0.00295938278181738	FALSE
C5_0h__STM_none_ELP1KO	ELP1 KO	C5	ActD	STM	mock	0h	0	TDH1	2024-09-08	rep2	24.1800550540609	0.0526203160434658	FALSE
C5_0h__STM_none_ELP1KO	ELP1 KO	C5	ActD	STM	mock	0h	0	mCherry	2024-09-08	rep2	19.6599012335515	1.20819023960309	FALSE
C5_0h__STM_none_ELP1KO	ELP1 KO	C5	ActD	STM	mock	0h	0	Neon2	2024-09-08	rep2	20.9851334780589	0.481799224801934	FALSE
C5_0h__STM_none_ELP1KO	ELP1 KO	C5	ActD	STM	mock	0h	0	GAPDH	2024-09-08	rep2	23.3598740025375	0.0928926511836791	FALSE
C5_0h__STM_none_ELP1KO	ELP1 KO	C5	ActD	STM	mock	0h	0	YTHDF2	2024-09-08	rep2	23.1365284494114	0.10844859717318	FALSE
C5_0h__STM_none_ELP1KO	ELP1 KO	C5	ActD	STM	mock	0h	0	MYC	2024-09-08	rep2	27.7622351421041	0.0043927543624184	FALSE
C5_0h__STM_none_ELP1KO	ELP1 KO	C5	ActD	STM	mock	0h	0	TDH1	2024-09-08	rep3	24.1934681986394	0.0521243944898846	FALSE
C5_0h__STM_none_ELP1KO	ELP1 KO	C5	ActD	STM	mock	0h	0	mCherry	2024-09-08	rep3	19.848691406697	1.05915762808578	FALSE
C5_0h__STM_none_ELP1KO	ELP1 KO	C5	ActD	STM	mock	0h	0	Neon2	2024-09-08	rep3	20.998083619705	0.477473149775666	FALSE
C5_1h__STM_none_ELP1KO	ELP1 KO	C5	ActD	STM	mock	1h	1	TDH1	2024-09-08	rep1	23.3559559800088	0.0931857381155091	FALSE
C5_1h__STM_none_ELP1KO	ELP1 KO	C5	ActD	STM	mock	1h	1	mCherry	2024-09-08	rep1	19.6314484537923	1.2314035062329	FALSE
C5_1h__STM_none_ELP1KO	ELP1 KO	C5	ActD	STM	mock	1h	1	Neon2	2024-09-08	rep1	21.0346288012328	0.465527996526903	FALSE
C5_1h__STM_none_ELP1KO	ELP1 KO	C5	ActD	STM	mock	1h	1	GAPDH	2024-09-08	rep1	22.6081344276036	0.156509788341633	FALSE
C5_1h__STM_none_ELP1KO	ELP1 KO	C5	ActD	STM	mock	1h	1	YTHDF2	2024-09-08	rep1	23.0206996220815	0.117511205856256	FALSE
C5_1h__STM_none_ELP1KO	ELP1 KO	C5	ActD	STM	mock	1h	1	MYC	2024-09-08	rep1	27.6770284660415	0.00466008126672018	FALSE
C5_1h__STM_none_ELP1KO	ELP1 KO	C5	ActD	STM	mock	1h	1	TDH1	2024-09-08	rep2	24.7857921454591	0.0345759704483774	FALSE
C5_1h__STM_none_ELP1KO	ELP1 KO	C5	ActD	STM	mock	1h	1	mCherry	2024-09-08	rep2	20.69150604376	0.590627384775387	FALSE
C5_1h__STM_none_ELP1KO	ELP1 KO	C5	ActD	STM	mock	1h	1	Neon2	2024-09-08	rep2	22.0403647489399	0.231918429261913	FALSE
C5_1h__STM_none_ELP1KO	ELP1 KO	C5	ActD	STM	mock	1h	1	GAPDH	2024-09-08	rep2	23.6963330489245	0.0735698044661924	FALSE
C5_1h__STM_none_ELP1KO	ELP1 KO	C5	ActD	STM	mock	1h	1	YTHDF2	2024-09-08	rep2	24.1420717468131	0.0540572276945243	FALSE
C5_1h__STM_none_ELP1KO	ELP1 KO	C5	ActD	STM	mock	1h	1	MYC	2024-09-08	rep2	29.0691601735099	0.00177546728663056	FALSE
C5_1h__STM_none_ELP1KO	ELP1 KO	C5	ActD	STM	mock	1h	1	TDH1	2024-09-08	rep3	24.5846267567685	0.0399462733705876	FALSE
C5_1h__STM_none_ELP1KO	ELP1 KO	C5	ActD	STM	mock	1h	1	mCherry	2024-09-08	rep3	21.0630231472308	0.456459962860554	FALSE
C5_1h__STM_none_ELP1KO	ELP1 KO	C5	ActD	STM	mock	1h	1	Neon2	2024-09-08	rep3	22.1158460527208	0.2200290694976	FALSE
C5_2h__STM_none_ELP1KO	ELP1 KO	C5	ActD	STM	mock	2h	2	TDH1	2024-09-08	rep1	23.8438939101211	0.0664162125511474	FALSE
C5_2h__STM_none_ELP1KO	ELP1 KO	C5	ActD	STM	mock	2h	2	mCherry	2024-09-08	rep1	20.0265769121969	0.936268787877564	FALSE
C5_2h__STM_none_ELP1KO	ELP1 KO	C5	ActD	STM	mock	2h	2	Neon2	2024-09-08	rep1	21.5826837845891	0.318397907736741	FALSE
C5_2h__STM_none_ELP1KO	ELP1 KO	C5	ActD	STM	mock	2h	2	GAPDH	2024-09-08	rep1	23.2660444655335	0.099200093165286	FALSE
C5_2h__STM_none_ELP1KO	ELP1 KO	C5	ActD	STM	mock	2h	2	YTHDF2	2024-09-08	rep1	22.9891522919662	0.120109516030212	FALSE
C5_2h__STM_none_ELP1KO	ELP1 KO	C5	ActD	STM	mock	2h	2	MYC	2024-09-08	rep1	29.4511574249996	0.0013626025146558	FALSE
C5_2h__STM_none_ELP1KO	ELP1 KO	C5	ActD	STM	mock	2h	2	TDH1	2024-09-08	rep2	24.1853329012558	0.0524200184031164	FALSE
C5_2h__STM_none_ELP1KO	ELP1 KO	C5	ActD	STM	mock	2h	2	mCherry	2024-09-08	rep2	20.0214124169475	0.940588211986445	FALSE
C5_2h__STM_none_ELP1KO	ELP1 KO	C5	ActD	STM	mock	2h	2	Neon2	2024-09-08	rep2	21.8811802542307	0.259021921019811	FALSE
C5_2h__STM_none_ELP1KO	ELP1 KO	C5	ActD	STM	mock	2h	2	GAPDH	2024-09-08	rep2	23.0501880442273	0.11519820561143	FALSE
C5_2h__STM_none_ELP1KO	ELP1 KO	C5	ActD	STM	mock	2h	2	YTHDF2	2024-09-08	rep2	23.8108823590847	0.0679532472137134	FALSE
C5_2h__STM_none_ELP1KO	ELP1 KO	C5	ActD	STM	mock	2h	2	MYC	2024-09-08	rep2	29.1569392192677	0.00167066342707598	FALSE
C5_2h__STM_none_ELP1KO	ELP1 KO	C5	ActD	STM	mock	2h	2	TDH1	2024-09-08	rep3	24.709740197794	0.036444157553554	FALSE
C5_2h__STM_none_ELP1KO	ELP1 KO	C5	ActD	STM	mock	2h	2	mCherry	2024-09-08	rep3	20.4888516543352	0.68628347192652	FALSE
C5_2h__STM_none_ELP1KO	ELP1 KO	C5	ActD	STM	mock	2h	2	Neon2	2024-09-08	rep3	22.3531867738663	0.186674897705095	FALSE
C5_4h__STM_none_ELP1KO	ELP1 KO	C5	ActD	STM	mock	4h	4	TDH1	2024-09-08	rep1	24.1421185798236	0.0541781359197791	FALSE
C5_4h__STM_none_ELP1KO	ELP1 KO	C5	ActD	STM	mock	4h	4	mCherry	2024-09-08	rep1	20.5196986483613	0.665232204162865	FALSE
C5_4h__STM_none_ELP1KO	ELP1 KO	C5	ActD	STM	mock	4h	4	Neon2	2024-09-08	rep1	22.7271863564757	0.144148749058063	FALSE
C5_4h__STM_none_ELP1KO	ELP1 KO	C5	ActD	STM	mock	4h	4	GAPDH	2024-09-08	rep1	23.190352261429	0.104474258273856	FALSE
C5_4h__STM_none_ELP1KO	ELP1 KO	C5	ActD	STM	mock	4h	4	YTHDF2	2024-09-08	rep1	24.1809544127567	0.0525998318455427	FALSE
C5_4h__STM_none_ELP1KO	ELP1 KO	C5	ActD	STM	mock	4h	4	MYC	2024-09-08	rep1	31.6628897826118	0.000294135275020572	FALSE
C5_4h__STM_none_ELP1KO	ELP1 KO	C5	ActD	STM	mock	4h	4	TDH1	2024-09-08	rep2	24.3015738496232	0.0483817599211757	FALSE
C5_4h__STM_none_ELP1KO	ELP1 KO	C5	ActD	STM	mock	4h	4	mCherry	2024-09-08	rep2	20.4048039191591	0.720404718815379	FALSE
C5_4h__STM_none_ELP1KO	ELP1 KO	C5	ActD	STM	mock	4h	4	Neon2	2024-09-08	rep2	22.8112503645578	0.135953852760527	FALSE
C5_4h__STM_none_ELP1KO	ELP1 KO	C5	ActD	STM	mock	4h	4	GAPDH	2024-09-08	rep2	23.3626556812524	0.0927370243038653	FALSE
C5_4h__STM_none_ELP1KO	ELP1 KO	C5	ActD	STM	mock	4h	4	YTHDF2	2024-09-08	rep2	24.0958954582942	0.0558077710039146	FALSE
C5_4h__STM_none_ELP1KO	ELP1 KO	C5	ActD	STM	mock	4h	4	MYC	2024-09-08	rep2	31.5817486116597	0.000311135439606313	FALSE
C5_4h__STM_none_ELP1KO	ELP1 KO	C5	ActD	STM	mock	4h	4	TDH1	2024-09-08	rep3	25.0892531711615	0.0280288418752484	FALSE
C5_4h__STM_none_ELP1KO	ELP1 KO	C5	ActD	STM	mock	4h	4	mCherry	2024-09-08	rep3	21.4572429548925	0.347324905791066	FALSE
C5_4h__STM_none_ELP1KO	ELP1 KO	C5	ActD	STM	mock	4h	4	Neon2	2024-09-08	rep3	23.5945260560442	0.0789528906809322	FALSE
C7_0h__mock_none_ELP1KO	ELP1 KO	C7	ActD	mock	mock	0h	0	TDH1	2024-09-08	rep1	24.260552047487	0.0497618359661828	FALSE
C7_0h__mock_none_ELP1KO	ELP1 KO	C7	ActD	mock	mock	0h	0	mCherry	2024-09-08	rep1	21.7700145034723	0.279662001782618	FALSE
C7_0h__mock_none_ELP1KO	ELP1 KO	C7	ActD	mock	mock	0h	0	Neon2	2024-09-08	rep1	24.4119279562866	0.0448111964255493	FALSE
C7_0h__mock_none_ELP1KO	ELP1 KO	C7	ActD	mock	mock	0h	0	TDH1	2024-09-08	rep2	23.8286940047125	0.067121935133927	FALSE
C7_0h__mock_none_ELP1KO	ELP1 KO	C7	ActD	mock	mock	0h	0	mCherry	2024-09-08	rep2	21.1031178661977	0.444010821911422	FALSE
C7_0h__mock_none_ELP1KO	ELP1 KO	C7	ActD	mock	mock	0h	0	Neon2	2024-09-08	rep2	23.6777851952396	0.0745876174467949	FALSE
C7_0h__mock_none_ELP1KO	ELP1 KO	C7	ActD	mock	mock	0h	0	TDH1	2024-09-08	rep3	24.2726395432071	0.0493993311507841	FALSE
C7_0h__mock_none_ELP1KO	ELP1 KO	C7	ActD	mock	mock	0h	0	mCherry	2024-09-08	rep3	21.1368998167774	0.433750501120152	FALSE
C7_0h__mock_none_ELP1KO	ELP1 KO	C7	ActD	mock	mock	0h	0	Neon2	2024-09-08	rep3	23.9222330536631	0.0629509128158173	FALSE
C7_1h__mock_none_ELP1KO	ELP1 KO	C7	ActD	mock	mock	1h	1	TDH1	2024-09-08	rep1	24.2996556703333	0.0484410354149862	FALSE
C7_1h__mock_none_ELP1KO	ELP1 KO	C7	ActD	mock	mock	1h	1	mCherry	2024-09-08	rep1	22.0934206159428	0.223469873776956	FALSE
C7_1h__mock_none_ELP1KO	ELP1 KO	C7	ActD	mock	mock	1h	1	Neon2	2024-09-08	rep1	24.9664623990824	0.0323657915716051	FALSE
C7_1h__mock_none_ELP1KO	ELP1 KO	C7	ActD	mock	mock	1h	1	TDH1	2024-09-08	rep2	23.2392611078521	0.100993042025287	FALSE
C7_1h__mock_none_ELP1KO	ELP1 KO	C7	ActD	mock	mock	1h	1	mCherry	2024-09-08	rep2	21.3608381873382	0.371347331075763	FALSE
C7_1h__mock_none_ELP1KO	ELP1 KO	C7	ActD	mock	mock	1h	1	Neon2	2024-09-08	rep2	24.3841006077425	0.0456725498411336	FALSE
C7_1h__mock_none_ELP1KO	ELP1 KO	C7	ActD	mock	mock	1h	1	TDH1	2024-09-08	rep3	24.5200122616155	0.0415692974001402	FALSE
C7_1h__mock_none_ELP1KO	ELP1 KO	C7	ActD	mock	mock	1h	1	mCherry	2024-09-08	rep3	23.0730251669022	0.113326994777876	FALSE
C7_1h__mock_none_ELP1KO	ELP1 KO	C7	ActD	mock	mock	1h	1	Neon2	2024-09-08	rep3	25.9839486441006	0.01506792081139	FALSE
C7_2h__mock_none_ELP1KO	ELP1 KO	C7	ActD	mock	mock	2h	2	TDH1	2024-09-08	rep1	23.9086049881216	0.0635045322293284	FALSE
C7_2h__mock_none_ELP1KO	ELP1 KO	C7	ActD	mock	mock	2h	2	mCherry	2024-09-08	rep1	22.4280187355953	0.177213002924404	FALSE
C7_2h__mock_none_ELP1KO	ELP1 KO	C7	ActD	mock	mock	2h	2	Neon2	2024-09-08	rep1	25.4306812772654	0.0221106813796228	FALSE
C7_2h__mock_none_ELP1KO	ELP1 KO	C7	ActD	mock	mock	2h	2	TDH1	2024-09-08	rep2	25.3962202629303	0.0226452779408967	FALSE
C7_2h__mock_none_ELP1KO	ELP1 KO	C7	ActD	mock	mock	2h	2	mCherry	2024-09-08	rep2	23.1653151129468	0.106303213340047	FALSE
C7_2h__mock_none_ELP1KO	ELP1 KO	C7	ActD	mock	mock	2h	2	Neon2	2024-09-08	rep2	26.6117658410298	0.00975258552521069	FALSE
C7_2h__mock_none_ELP1KO	ELP1 KO	C7	ActD	mock	mock	2h	2	TDH1	2024-09-08	rep3	23.6368839513948	0.0766635522911823	FALSE
C7_2h__mock_none_ELP1KO	ELP1 KO	C7	ActD	mock	mock	2h	2	mCherry	2024-09-08	rep3	21.7675763963929	0.280766335307838	FALSE
C7_2h__mock_none_ELP1KO	ELP1 KO	C7	ActD	mock	mock	2h	2	Neon2	2024-09-08	rep3	25.1899546011794	0.0261561318727138	FALSE
C7_4h__mock_none_ELP1KO	ELP1 KO	C7	ActD	mock	mock	4h	4	TDH1	2024-09-08	rep1	24.5305924808883	0.0412625345725648	FALSE
C7_4h__mock_none_ELP1KO	ELP1 KO	C7	ActD	mock	mock	4h	4	mCherry	2024-09-08	rep1	22.9578460808197	0.12274412967974	FALSE
C7_4h__mock_none_ELP1KO	ELP1 KO	C7	ActD	mock	mock	4h	4	Neon2	2024-09-08	rep1	26.1580383007042	0.0133563109038072	FALSE
C7_4h__mock_none_ELP1KO	ELP1 KO	C7	ActD	mock	mock	4h	4	TDH1	2024-09-08	rep2	24.6668977086344	0.0375426865094746	FALSE
C7_4h__mock_none_ELP1KO	ELP1 KO	C7	ActD	mock	mock	4h	4	mCherry	2024-09-08	rep2	23.3096805608755	0.0961823752676804	FALSE
C7_4h__mock_none_ELP1KO	ELP1 KO	C7	ActD	mock	mock	4h	4	Neon2	2024-09-08	rep2	26.6829722474562	0.0092892764846247	FALSE
C7_4h__mock_none_ELP1KO	ELP1 KO	C7	ActD	mock	mock	4h	4	TDH1	2024-09-08	rep3	24.0815467419324	0.0563292731791317	FALSE
C7_4h__mock_none_ELP1KO	ELP1 KO	C7	ActD	mock	mock	4h	4	mCherry	2024-09-08	rep3	22.5903173021661	0.158360364303506	FALSE
C7_4h__mock_none_ELP1KO	ELP1 KO	C7	ActD	mock	mock	4h	4	Neon2	2024-09-08	rep3	26.0361163906699	0.0145409657280861	FALSE
C7_0h__STM_none_ELP1KO	ELP1 KO	C7	ActD	STM	mock	0h	0	TDH1	2024-09-08	rep1	23.8092395399224	0.0680330746655457	FALSE
C7_0h__STM_none_ELP1KO	ELP1 KO	C7	ActD	STM	mock	0h	0	mCherry	2024-09-08	rep1	21.0433933461332	0.463049679505931	FALSE
C7_0h__STM_none_ELP1KO	ELP1 KO	C7	ActD	STM	mock	0h	0	Neon2	2024-09-08	rep1	23.7408061111515	0.0714393579388695	FALSE
C7_0h__STM_none_ELP1KO	ELP1 KO	C7	ActD	STM	mock	0h	0	TDH1	2024-09-08	rep2	23.6957192747024	0.0736011552674211	FALSE
C7_0h__STM_none_ELP1KO	ELP1 KO	C7	ActD	STM	mock	0h	0	mCherry	2024-09-08	rep2	21.1136078297696	0.444071178064968	FALSE
C7_0h__STM_none_ELP1KO	ELP1 KO	C7	ActD	STM	mock	0h	0	Neon2	2024-09-08	rep2	23.5346196480362	0.0822951383610878	FALSE
C7_0h__STM_none_ELP1KO	ELP1 KO	C7	ActD	STM	mock	0h	0	TDH1	2024-09-08	rep3	24.5437463962421	0.0408883482274225	FALSE
C7_0h__STM_none_ELP1KO	ELP1 KO	C7	ActD	STM	mock	0h	0	mCherry	2024-09-08	rep3	21.712799477868	0.290957862324583	FALSE
C7_0h__STM_none_ELP1KO	ELP1 KO	C7	ActD	STM	mock	0h	0	Neon2	2024-09-08	rep3	24.3461891786033	0.0469839764239943	FALSE
C7_1h__STM_none_ELP1KO	ELP1 KO	C7	ActD	STM	mock	1h	1	TDH1	2024-09-08	rep1	25.0460004222863	0.0288888391523499	FALSE
C7_1h__STM_none_ELP1KO	ELP1 KO	C7	ActD	STM	mock	1h	1	mCherry	2024-09-08	rep1	23.3836020318521	0.0913764910105025	FALSE
C7_1h__STM_none_ELP1KO	ELP1 KO	C7	ActD	STM	mock	1h	1	Neon2	2024-09-08	rep1	26.2521411636127	0.0125124063813815	FALSE
C7_1h__STM_none_ELP1KO	ELP1 KO	C7	ActD	STM	mock	1h	1	TDH1	2024-09-08	rep2	25.5480851294955	0.0203835334772256	FALSE
C7_1h__STM_none_ELP1KO	ELP1 KO	C7	ActD	STM	mock	1h	1	mCherry	2024-09-08	rep2	23.8559294477351	0.0658672984197823	FALSE
C7_1h__STM_none_ELP1KO	ELP1 KO	C7	ActD	STM	mock	1h	1	Neon2	2024-09-08	rep2	26.475819663502	0.0107151974062245	FALSE
C7_1h__STM_none_ELP1KO	ELP1 KO	C7	ActD	STM	mock	1h	1	TDH1	2024-09-08	rep3	23.8402196213376	0.0665863660039769	FALSE
C7_1h__STM_none_ELP1KO	ELP1 KO	C7	ActD	STM	mock	1h	1	mCherry	2024-09-08	rep3	22.5461064710664	0.163319326903004	FALSE
C7_1h__STM_none_ELP1KO	ELP1 KO	C7	ActD	STM	mock	1h	1	Neon2	2024-09-08	rep3	25.1818158016124	0.0262742533447919	FALSE
C7_2h__STM_none_ELP1KO	ELP1 KO	C7	ActD	STM	mock	2h	2	TDH1	2024-09-08	rep1	24.1554388852999	0.0535326935771666	FALSE
C7_2h__STM_none_ELP1KO	ELP1 KO	C7	ActD	STM	mock	2h	2	mCherry	2024-09-08	rep1	23.1638709254484	0.10641186885788	FALSE
C7_2h__STM_none_ELP1KO	ELP1 KO	C7	ActD	STM	mock	2h	2	Neon2	2024-09-08	rep1	25.7637147541351	0.0175529186869096	FALSE
C7_2h__STM_none_ELP1KO	ELP1 KO	C7	ActD	STM	mock	2h	2	TDH1	2024-09-08	rep2	25.0048617436517	0.0297023612972124	FALSE
C7_2h__STM_none_ELP1KO	ELP1 KO	C7	ActD	STM	mock	2h	2	mCherry	2024-09-08	rep2	23.7090264208545	0.0729243967247618	FALSE
C7_2h__STM_none_ELP1KO	ELP1 KO	C7	ActD	STM	mock	2h	2	Neon2	2024-09-08	rep2	26.5754549895733	0.00999998453494664	FALSE
C7_2h__STM_none_ELP1KO	ELP1 KO	C7	ActD	STM	mock	2h	2	TDH1	2024-09-08	rep3	24.5579815429393	0.0404947066858437	FALSE
C7_2h__STM_none_ELP1KO	ELP1 KO	C7	ActD	STM	mock	2h	2	mCherry	2024-09-08	rep3	23.9259937697242	0.062752726095489	FALSE
C7_2h__STM_none_ELP1KO	ELP1 KO	C7	ActD	STM	mock	2h	2	Neon2	2024-09-08	rep3	26.5516712709043	0.0101670524984563	FALSE
C7_4h__STM_none_ELP1KO	ELP1 KO	C7	ActD	STM	mock	4h	4	TDH1	2024-09-08	rep1	23.9532129507937	0.0615795144577467	FALSE
C7_4h__STM_none_ELP1KO	ELP1 KO	C7	ActD	STM	mock	4h	4	mCherry	2024-09-08	rep1	23.4671558818721	0.0862358909663368	FALSE
C7_4h__STM_none_ELP1KO	ELP1 KO	C7	ActD	STM	mock	4h	4	Neon2	2024-09-08	rep1	26.2381082257524	0.0126341356826807	FALSE
C7_4h__STM_none_ELP1KO	ELP1 KO	C7	ActD	STM	mock	4h	4	TDH1	2024-09-08	rep2	23.7792273607284	0.0694657014063182	FALSE
C7_4h__STM_none_ELP1KO	ELP1 KO	C7	ActD	STM	mock	4h	4	mCherry	2024-09-08	rep2	22.997446939766	0.11949635711391	FALSE
C7_4h__STM_none_ELP1KO	ELP1 KO	C7	ActD	STM	mock	4h	4	Neon2	2024-09-08	rep2	25.6472713689425	0.0190284010284828	FALSE
C7_4h__STM_none_ELP1KO	ELP1 KO	C7	ActD	STM	mock	4h	4	TDH1	2024-09-08	rep3	24.5990088384216	0.0393515535936113	FALSE
C7_4h__STM_none_ELP1KO	ELP1 KO	C7	ActD	STM	mock	4h	4	mCherry	2024-09-08	rep3	23.7853442430828	0.0691687355440899	FALSE
C7_4h__STM_none_ELP1KO	ELP1 KO	C7	ActD	STM	mock	4h	4	Neon2	2024-09-08	rep3	26.4333617651374	0.0110348451394806	FALSE
C5_0h__mock_none_CTU2KO	CTU2 KO	C5	ActD	mock	mock	0h	0	TDH1	2024-09-08	rep1	25.2453741827407	0.0251423022514704	FALSE
C5_0h__mock_none_CTU2KO	CTU2 KO	C5	ActD	mock	mock	0h	0	mCherry	2024-09-08	rep1	21.3872061876704	0.364614109420072	FALSE
C5_0h__mock_none_CTU2KO	CTU2 KO	C5	ActD	mock	mock	0h	0	Neon2	2024-09-08	rep1	22.6395390152576	0.153230173372126	FALSE
C5_0h__mock_none_CTU2KO	CTU2 KO	C5	ActD	mock	mock	0h	0	GAPDH	2024-09-08	rep1	24.1675555487803	0.0530823337452095	FALSE
C5_0h__mock_none_CTU2KO	CTU2 KO	C5	ActD	mock	mock	0h	0	YTHDF2	2024-09-08	rep1	27.01073577809	0.00742861353872313	FALSE
C5_0h__mock_none_CTU2KO	CTU2 KO	C5	ActD	mock	mock	0h	0	MYC	2024-09-08	rep1	31.4621768954907	0.000338023309181623	FALSE
C5_0h__mock_none_CTU2KO	CTU2 KO	C5	ActD	mock	mock	0h	0	TDH1	2024-09-08	rep2	23.0692430052871	0.113648486852609	FALSE
C5_0h__mock_none_CTU2KO	CTU2 KO	C5	ActD	mock	mock	0h	0	mCherry	2024-09-08	rep2	18.2398118954612	3.23054899976372	FALSE
C5_0h__mock_none_CTU2KO	CTU2 KO	C5	ActD	mock	mock	0h	0	Neon2	2024-09-08	rep2	19.7234846477113	1.15631338529114	FALSE
C5_0h__mock_none_CTU2KO	CTU2 KO	C5	ActD	mock	mock	0h	0	GAPDH	2024-09-08	rep2	22.1798844430443	0.210469985073874	FALSE
C5_0h__mock_none_CTU2KO	CTU2 KO	C5	ActD	mock	mock	0h	0	YTHDF2	2024-09-08	rep2	25.0105192540619	0.0295956297807845	FALSE
C5_0h__mock_none_CTU2KO	CTU2 KO	C5	ActD	mock	mock	0h	0	MYC	2024-09-08	rep2	29.5653656427074	0.00125897608922065	FALSE
C5_0h__mock_none_CTU2KO	CTU2 KO	C5	ActD	mock	mock	0h	0	TDH1	2024-09-08	rep3	23.6761662962045	0.0746288985659729	FALSE
C5_0h__mock_none_CTU2KO	CTU2 KO	C5	ActD	mock	mock	0h	0	mCherry	2024-09-08	rep3	19.6734276385434	1.20004987610292	FALSE
C5_0h__mock_none_CTU2KO	CTU2 KO	C5	ActD	mock	mock	0h	0	Neon2	2024-09-08	rep3	20.6686023505711	0.600603167271738	FALSE
C5_1h__mock_none_CTU2KO	CTU2 KO	C5	ActD	mock	mock	1h	1	TDH1	2024-09-08	rep1	24.6668480818176	0.0375455809628394	FALSE
C5_1h__mock_none_CTU2KO	CTU2 KO	C5	ActD	mock	mock	1h	1	mCherry	2024-09-08	rep1	20.3746319506214	0.736153561346823	FALSE
C5_1h__mock_none_CTU2KO	CTU2 KO	C5	ActD	mock	mock	1h	1	Neon2	2024-09-08	rep1	22.0941658038754	0.223452480322646	FALSE
C5_1h__mock_none_CTU2KO	CTU2 KO	C5	ActD	mock	mock	1h	1	GAPDH	2024-09-08	rep1	24.140586101671	0.0540792615325179	FALSE
C5_1h__mock_none_CTU2KO	CTU2 KO	C5	ActD	mock	mock	1h	1	YTHDF2	2024-09-08	rep1	26.6746454899947	0.0093590263350736	FALSE
C5_1h__mock_none_CTU2KO	CTU2 KO	C5	ActD	mock	mock	1h	1	MYC	2024-09-08	rep1	32.092208806517	0.000218416243134982	FALSE
C5_1h__mock_none_CTU2KO	CTU2 KO	C5	ActD	mock	mock	1h	1	TDH1	2024-09-08	rep2	23.8390403491302	0.0666398291212348	FALSE
C5_1h__mock_none_CTU2KO	CTU2 KO	C5	ActD	mock	mock	1h	1	mCherry	2024-09-08	rep2	19.1806223589869	1.68293073859779	FALSE
C5_1h__mock_none_CTU2KO	CTU2 KO	C5	ActD	mock	mock	1h	1	Neon2	2024-09-08	rep2	20.916206978366	0.505353212573014	FALSE
C5_1h__mock_none_CTU2KO	CTU2 KO	C5	ActD	mock	mock	1h	1	GAPDH	2024-09-08	rep2	23.1229477668663	0.109552048598377	FALSE
C5_1h__mock_none_CTU2KO	CTU2 KO	C5	ActD	mock	mock	1h	1	YTHDF2	2024-09-08	rep2	25.7484044399359	0.0177435609928208	FALSE
C5_1h__mock_none_CTU2KO	CTU2 KO	C5	ActD	mock	mock	1h	1	MYC	2024-09-08	rep2	31.0300562577236	0.000456068095218843	FALSE
C5_1h__mock_none_CTU2KO	CTU2 KO	C5	ActD	mock	mock	1h	1	TDH1	2024-09-08	rep3	23.4621628513849	0.086544889153607	FALSE
C5_1h__mock_none_CTU2KO	CTU2 KO	C5	ActD	mock	mock	1h	1	mCherry	2024-09-08	rep3	19.3028170520673	1.54636180009151	FALSE
C5_1h__mock_none_CTU2KO	CTU2 KO	C5	ActD	mock	mock	1h	1	Neon2	2024-09-08	rep3	20.8551417283894	0.527368211725251	FALSE
C5_2h__mock_none_CTU2KO	CTU2 KO	C5	ActD	mock	mock	2h	2	TDH1	2024-09-08	rep1	23.3167097369883	0.095720911106804	FALSE
C5_2h__mock_none_CTU2KO	CTU2 KO	C5	ActD	mock	mock	2h	2	mCherry	2024-09-08	rep1	19.2420454194058	1.61315780476303	FALSE
C5_2h__mock_none_CTU2KO	CTU2 KO	C5	ActD	mock	mock	2h	2	Neon2	2024-09-08	rep1	21.3950919325096	0.36260656114605	FALSE
C5_2h__mock_none_CTU2KO	CTU2 KO	C5	ActD	mock	mock	2h	2	GAPDH	2024-09-08	rep1	22.2370632546908	0.202291355175491	FALSE
C5_2h__mock_none_CTU2KO	CTU2 KO	C5	ActD	mock	mock	2h	2	YTHDF2	2024-09-08	rep1	25.9016941610115	0.0159520190921504	FALSE
C5_2h__mock_none_CTU2KO	CTU2 KO	C5	ActD	mock	mock	2h	2	MYC	2024-09-08	rep1	31.6427138603673	0.000298313196462974	FALSE
C5_2h__mock_none_CTU2KO	CTU2 KO	C5	ActD	mock	mock	2h	2	TDH1	2024-09-08	rep2	24.1262262386247	0.054611298143828	FALSE
C5_2h__mock_none_CTU2KO	CTU2 KO	C5	ActD	mock	mock	2h	2	mCherry	2024-09-08	rep2	20.2696983144464	0.791066339280606	FALSE
C5_2h__mock_none_CTU2KO	CTU2 KO	C5	ActD	mock	mock	2h	2	Neon2	2024-09-08	rep2	22.1714087019265	0.211717608634781	FALSE
C5_2h__mock_none_CTU2KO	CTU2 KO	C5	ActD	mock	mock	2h	2	GAPDH	2024-09-08	rep2	23.4091493565929	0.0898221712356336	FALSE
C5_2h__mock_none_CTU2KO	CTU2 KO	C5	ActD	mock	mock	2h	2	YTHDF2	2024-09-08	rep2	26.9615930861845	0.0076523664920089	FALSE
C5_2h__mock_none_CTU2KO	CTU2 KO	C5	ActD	mock	mock	2h	2	MYC	2024-09-08	rep2	32.0098990185648	0.00023155357347757	FALSE
C5_2h__mock_none_CTU2KO	CTU2 KO	C5	ActD	mock	mock	2h	2	TDH1	2024-09-08	rep3	23.6658254623818	0.0751414248417282	FALSE
C5_2h__mock_none_CTU2KO	CTU2 KO	C5	ActD	mock	mock	2h	2	mCherry	2024-09-08	rep3	19.9777393202917	0.969740895596746	FALSE
C5_2h__mock_none_CTU2KO	CTU2 KO	C5	ActD	mock	mock	2h	2	Neon2	2024-09-08	rep3	21.9575474085995	0.245623103478933	FALSE
C5_4h__mock_none_CTU2KO	CTU2 KO	C5	ActD	mock	mock	4h	4	TDH1	2024-09-08	rep1	23.3741783887185	0.0919832416965924	FALSE
C5_4h__mock_none_CTU2KO	CTU2 KO	C5	ActD	mock	mock	4h	4	mCherry	2024-09-08	rep1	20.7171579808857	0.580138553565171	FALSE
C5_4h__mock_none_CTU2KO	CTU2 KO	C5	ActD	mock	mock	4h	4	Neon2	2024-09-08	rep1	22.9142517598631	0.126546085745905	FALSE
C5_4h__mock_none_CTU2KO	CTU2 KO	C5	ActD	mock	mock	4h	4	GAPDH	2024-09-08	rep1	23.2708714460417	0.0988036490683507	FALSE
C5_4h__mock_none_CTU2KO	CTU2 KO	C5	ActD	mock	mock	4h	4	YTHDF2	2024-09-08	rep1	27.0942548609653	0.00697938418747102	FALSE
C5_4h__mock_none_CTU2KO	CTU2 KO	C5	ActD	mock	mock	4h	4	MYC	2024-09-08	rep1	33.7157281346582	7.09992075425829e-05	FALSE
C5_4h__mock_none_CTU2KO	CTU2 KO	C5	ActD	mock	mock	4h	4	TDH1	2024-09-08	rep2	23.2519128418134	0.100121576677704	FALSE
C5_4h__mock_none_CTU2KO	CTU2 KO	C5	ActD	mock	mock	4h	4	mCherry	2024-09-08	rep2	19.6395467410123	1.22498800320199	FALSE
C5_4h__mock_none_CTU2KO	CTU2 KO	C5	ActD	mock	mock	4h	4	Neon2	2024-09-08	rep2	21.9669695170865	0.243950237409544	FALSE
C5_4h__mock_none_CTU2KO	CTU2 KO	C5	ActD	mock	mock	4h	4	GAPDH	2024-09-08	rep2	22.879587475396	0.129594017498908	FALSE
C5_4h__mock_none_CTU2KO	CTU2 KO	C5	ActD	mock	mock	4h	4	YTHDF2	2024-09-08	rep2	26.7164007248065	0.00910540539940906	FALSE
C5_4h__mock_none_CTU2KO	CTU2 KO	C5	ActD	mock	mock	4h	4	MYC	2024-09-08	rep2	32.8227410843553	0.000131644621326595	FALSE
C5_4h__mock_none_CTU2KO	CTU2 KO	C5	ActD	mock	mock	4h	4	TDH1	2024-09-08	rep3	23.4684022587136	0.0861745773693986	FALSE
C5_4h__mock_none_CTU2KO	CTU2 KO	C5	ActD	mock	mock	4h	4	mCherry	2024-09-08	rep3	20.2467874784166	0.80437482693148	FALSE
C5_4h__mock_none_CTU2KO	CTU2 KO	C5	ActD	mock	mock	4h	4	Neon2	2024-09-08	rep3	22.4569195782755	0.173697560571662	FALSE
C5_0h__STM_none_CTU2KO	CTU2 KO	C5	ActD	STM	mock	0h	0	TDH1	2024-09-08	rep1	25.4939475345616	0.0211620523801039	FALSE
C5_0h__STM_none_CTU2KO	CTU2 KO	C5	ActD	STM	mock	0h	0	mCherry	2024-09-08	rep1	21.6750310781489	0.298673896311635	FALSE
C5_0h__STM_none_CTU2KO	CTU2 KO	C5	ActD	STM	mock	0h	0	Neon2	2024-09-08	rep1	22.597657936692	0.157553516289113	FALSE
C5_0h__STM_none_CTU2KO	CTU2 KO	C5	ActD	STM	mock	0h	0	GAPDH	2024-09-08	rep1	24.3543979342545	0.0466500281075629	FALSE
C5_0h__STM_none_CTU2KO	CTU2 KO	C5	ActD	STM	mock	0h	0	YTHDF2	2024-09-08	rep1	24.2012786087283	0.0518429740670322	FALSE
C5_0h__STM_none_CTU2KO	CTU2 KO	C5	ActD	STM	mock	0h	0	MYC	2024-09-08	rep1	28.743698596618	0.00222477605477124	FALSE
C5_0h__STM_none_CTU2KO	CTU2 KO	C5	ActD	STM	mock	0h	0	TDH1	2024-09-08	rep2	24.7217818476198	0.0361432649617312	FALSE
C5_0h__STM_none_CTU2KO	CTU2 KO	C5	ActD	STM	mock	0h	0	mCherry	2024-09-08	rep2	20.557919602584	0.647816888342195	FALSE
C5_0h__STM_none_CTU2KO	CTU2 KO	C5	ActD	STM	mock	0h	0	Neon2	2024-09-08	rep2	21.3710780516667	0.368692917525807	FALSE
C5_0h__STM_none_CTU2KO	CTU2 KO	C5	ActD	STM	mock	0h	0	GAPDH	2024-09-08	rep2	24.2471514467594	0.0503956038088783	FALSE
C5_0h__STM_none_CTU2KO	CTU2 KO	C5	ActD	STM	mock	0h	0	YTHDF2	2024-09-08	rep2	24.0664687294123	0.0569222178850964	FALSE
C5_0h__STM_none_CTU2KO	CTU2 KO	C5	ActD	STM	mock	0h	0	MYC	2024-09-08	rep2	28.1229261306398	0.00342214404780899	FALSE
C5_0h__STM_none_CTU2KO	CTU2 KO	C5	ActD	STM	mock	0h	0	TDH1	2024-09-08	rep3	23.1868428767479	0.104728551761995	FALSE
C5_0h__STM_none_CTU2KO	CTU2 KO	C5	ActD	STM	mock	0h	0	mCherry	2024-09-08	rep3	19.3699494314228	1.4804609294572	FALSE
C5_0h__STM_none_CTU2KO	CTU2 KO	C5	ActD	STM	mock	0h	0	Neon2	2024-09-08	rep3	20.3165394306801	0.765837002740361	FALSE
C5_1h__STM_none_CTU2KO	CTU2 KO	C5	ActD	STM	mock	1h	1	TDH1	2024-09-08	rep1	23.8439853229025	0.066432877097924	FALSE
C5_1h__STM_none_CTU2KO	CTU2 KO	C5	ActD	STM	mock	1h	1	mCherry	2024-09-08	rep1	20.5478083555373	0.654343826412495	FALSE
C5_1h__STM_none_CTU2KO	CTU2 KO	C5	ActD	STM	mock	1h	1	Neon2	2024-09-08	rep1	21.5785646727944	0.319419240279149	FALSE
C5_1h__STM_none_CTU2KO	CTU2 KO	C5	ActD	STM	mock	1h	1	GAPDH	2024-09-08	rep1	23.671442212167	0.075020395408658	FALSE
C5_1h__STM_none_CTU2KO	CTU2 KO	C5	ActD	STM	mock	1h	1	YTHDF2	2024-09-08	rep1	23.7367692130142	0.071547159994165	FALSE
C5_1h__STM_none_CTU2KO	CTU2 KO	C5	ActD	STM	mock	1h	1	MYC	2024-09-08	rep1	29.0637363358424	0.00178218812797123	FALSE
C5_1h__STM_none_CTU2KO	CTU2 KO	C5	ActD	STM	mock	1h	1	TDH1	2024-09-08	rep2	23.5114072902524	0.0836385982569491	FALSE
C5_1h__STM_none_CTU2KO	CTU2 KO	C5	ActD	STM	mock	1h	1	mCherry	2024-09-08	rep2	19.8342340087175	1.06979740705447	FALSE
C5_1h__STM_none_CTU2KO	CTU2 KO	C5	ActD	STM	mock	1h	1	Neon2	2024-09-08	rep2	21.0477626027877	0.461335603962073	FALSE
C5_1h__STM_none_CTU2KO	CTU2 KO	C5	ActD	STM	mock	1h	1	GAPDH	2024-09-08	rep2	23.1329260837497	0.108724465469186	FALSE
C5_1h__STM_none_CTU2KO	CTU2 KO	C5	ActD	STM	mock	1h	1	YTHDF2	2024-09-08	rep2	22.9701036636634	0.121710243706616	FALSE
C5_1h__STM_none_CTU2KO	CTU2 KO	C5	ActD	STM	mock	1h	1	MYC	2024-09-08	rep2	27.9670246360897	0.00381152947889209	FALSE
C5_1h__STM_none_CTU2KO	CTU2 KO	C5	ActD	STM	mock	1h	1	TDH1	2024-09-08	rep3	24.0199510417055	0.0588336739636652	FALSE
C5_1h__STM_none_CTU2KO	CTU2 KO	C5	ActD	STM	mock	1h	1	mCherry	2024-09-08	rep3	20.5955745868406	0.632305172187586	FALSE
C5_1h__STM_none_CTU2KO	CTU2 KO	C5	ActD	STM	mock	1h	1	Neon2	2024-09-08	rep3	21.6659550155067	0.301368950132576	FALSE
C5_2h__STM_none_CTU2KO	CTU2 KO	C5	ActD	STM	mock	2h	2	TDH1	2024-09-08	rep1	23.3886112310375	0.0910608646662154	FALSE
C5_2h__STM_none_CTU2KO	CTU2 KO	C5	ActD	STM	mock	2h	2	mCherry	2024-09-08	rep1	19.8546645688239	1.05475415741043	FALSE
C5_2h__STM_none_CTU2KO	CTU2 KO	C5	ActD	STM	mock	2h	2	Neon2	2024-09-08	rep1	21.3376477024712	0.377362953440254	FALSE
C5_2h__STM_none_CTU2KO	CTU2 KO	C5	ActD	STM	mock	2h	2	GAPDH	2024-09-08	rep1	22.875163203458	0.130062973498448	FALSE
C5_2h__STM_none_CTU2KO	CTU2 KO	C5	ActD	STM	mock	2h	2	YTHDF2	2024-09-08	rep1	23.888242246806	0.0644115219831006	FALSE
C5_2h__STM_none_CTU2KO	CTU2 KO	C5	ActD	STM	mock	2h	2	MYC	2024-09-08	rep1	28.7717643185971	0.00220348204230706	FALSE
C5_2h__STM_none_CTU2KO	CTU2 KO	C5	ActD	STM	mock	2h	2	TDH1	2024-09-08	rep2	23.0302770981026	0.116733909713742	FALSE
C5_2h__STM_none_CTU2KO	CTU2 KO	C5	ActD	STM	mock	2h	2	mCherry	2024-09-08	rep2	19.4265236443525	1.41922127241051	FALSE
C5_2h__STM_none_CTU2KO	CTU2 KO	C5	ActD	STM	mock	2h	2	Neon2	2024-09-08	rep2	21.0153445625474	0.473057935715955	FALSE
C5_2h__STM_none_CTU2KO	CTU2 KO	C5	ActD	STM	mock	2h	2	GAPDH	2024-09-08	rep2	22.8753905104608	0.129975426610649	FALSE
C5_2h__STM_none_CTU2KO	CTU2 KO	C5	ActD	STM	mock	2h	2	YTHDF2	2024-09-08	rep2	22.9483188142448	0.123822974872994	FALSE
C5_2h__STM_none_CTU2KO	CTU2 KO	C5	ActD	STM	mock	2h	2	MYC	2024-09-08	rep2	28.1564180767386	0.00334283288046565	FALSE
C5_2h__STM_none_CTU2KO	CTU2 KO	C5	ActD	STM	mock	2h	2	TDH1	2024-09-08	rep3	23.2662348075419	0.0991295824750336	FALSE
C5_2h__STM_none_CTU2KO	CTU2 KO	C5	ActD	STM	mock	2h	2	mCherry	2024-09-08	rep3	19.7661315571062	1.12369434977443	FALSE
C5_2h__STM_none_CTU2KO	CTU2 KO	C5	ActD	STM	mock	2h	2	Neon2	2024-09-08	rep3	21.3225239832594	0.381541272106588	FALSE
C5_4h__STM_none_CTU2KO	CTU2 KO	C5	ActD	STM	mock	4h	4	TDH1	2024-09-08	rep1	23.2746777230676	0.0985427664745628	FALSE
C5_4h__STM_none_CTU2KO	CTU2 KO	C5	ActD	STM	mock	4h	4	mCherry	2024-09-08	rep1	20.2862297355211	0.785480090245357	FALSE
C5_4h__STM_none_CTU2KO	CTU2 KO	C5	ActD	STM	mock	4h	4	Neon2	2024-09-08	rep1	21.9809513645378	0.241809164334773	FALSE
C5_4h__STM_none_CTU2KO	CTU2 KO	C5	ActD	STM	mock	4h	4	GAPDH	2024-09-08	rep1	21.3242383401361	0.380953598189942	FALSE
C5_4h__STM_none_CTU2KO	CTU2 KO	C5	ActD	STM	mock	4h	4	YTHDF2	2024-09-08	rep1	24.9152252720536	0.0316430040555082	FALSE
C5_4h__STM_none_CTU2KO	CTU2 KO	C5	ActD	STM	mock	4h	4	MYC	2024-09-08	rep1	30.8057798462981	0.000533360165210624	FALSE
C5_4h__STM_none_CTU2KO	CTU2 KO	C5	ActD	STM	mock	4h	4	TDH1	2024-09-08	rep2	22.8540170332579	0.131991823781386	FALSE
C5_4h__STM_none_CTU2KO	CTU2 KO	C5	ActD	STM	mock	4h	4	mCherry	2024-09-08	rep2	19.7104114618517	1.17713934599671	FALSE
C5_4h__STM_none_CTU2KO	CTU2 KO	C5	ActD	STM	mock	4h	4	Neon2	2024-09-08	rep2	21.6722997379933	0.299968394007602	FALSE
C5_4h__STM_none_CTU2KO	CTU2 KO	C5	ActD	STM	mock	4h	4	GAPDH	2024-09-08	rep2	21.1011458970927	0.446813674565482	FALSE
C5_4h__STM_none_CTU2KO	CTU2 KO	C5	ActD	STM	mock	4h	4	YTHDF2	2024-09-08	rep2	23.9061496576979	0.0636701048829109	FALSE
C5_4h__STM_none_CTU2KO	CTU2 KO	C5	ActD	STM	mock	4h	4	MYC	2024-09-08	rep2	30.0214057897352	0.000917607603139127	FALSE
C5_4h__STM_none_CTU2KO	CTU2 KO	C5	ActD	STM	mock	4h	4	TDH1	2024-09-08	rep3	23.7752364008178	0.0696601318430008	FALSE
C5_4h__STM_none_CTU2KO	CTU2 KO	C5	ActD	STM	mock	4h	4	mCherry	2024-09-08	rep3	20.8519479905535	0.528383518497364	FALSE
C5_4h__STM_none_CTU2KO	CTU2 KO	C5	ActD	STM	mock	4h	4	Neon2	2024-09-08	rep3	22.6472869871355	0.152234843936332	FALSE
C7_0h__mock_none_CTU2KO	CTU2 KO	C7	ActD	mock	mock	0h	0	TDH1	2024-09-08	rep1	24.0703079965094	0.0600966089448994	FALSE
C7_0h__mock_none_CTU2KO	CTU2 KO	C7	ActD	mock	mock	0h	0	mCherry	2024-09-08	rep1	22.2608462219543	0.198998896999954	FALSE
C7_0h__mock_none_CTU2KO	CTU2 KO	C7	ActD	mock	mock	0h	0	Neon2	2024-09-08	rep1	22.9780423243913	0.121127223226037	FALSE
C7_0h__mock_none_CTU2KO	CTU2 KO	C7	ActD	mock	mock	0h	0	TDH1	2024-09-08	rep2	27.5489786138746	0.00509250082820906	FALSE
C7_0h__mock_none_CTU2KO	CTU2 KO	C7	ActD	mock	mock	0h	0	mCherry	2024-09-08	rep2	25.1435523001538	0.0269800746316633	FALSE
C7_0h__mock_none_CTU2KO	CTU2 KO	C7	ActD	mock	mock	0h	0	Neon2	2024-09-08	rep2	26.234207260834	0.0128023363050564	FALSE
C7_0h__mock_none_CTU2KO	CTU2 KO	C7	ActD	mock	mock	0h	0	TDH1	2024-09-08	rep3	23.37237550615	0.0921067033986596	FALSE
C7_0h__mock_none_CTU2KO	CTU2 KO	C7	ActD	mock	mock	0h	0	mCherry	2024-09-08	rep3	20.8571580505118	0.52665254781295	FALSE
C7_0h__mock_none_CTU2KO	CTU2 KO	C7	ActD	mock	mock	0h	0	Neon2	2024-09-08	rep3	22.017273186115	0.235581321697872	FALSE
C7_1h__mock_none_CTU2KO	CTU2 KO	C7	ActD	mock	mock	1h	1	TDH1	2024-09-08	rep1	26.9552954041313	0.00768547098294238	FALSE
C7_1h__mock_none_CTU2KO	CTU2 KO	C7	ActD	mock	mock	1h	1	mCherry	2024-09-08	rep1	24.0338283954643	0.058226176536722	FALSE
C7_1h__mock_none_CTU2KO	CTU2 KO	C7	ActD	mock	mock	1h	1	Neon2	2024-09-08	rep1	25.845025459613	0.0165958377870927	FALSE
C7_1h__mock_none_CTU2KO	CTU2 KO	C7	ActD	mock	mock	1h	1	TDH1	2024-09-08	rep2	23.5988074502813	0.0793560760032443	FALSE
C7_1h__mock_none_CTU2KO	CTU2 KO	C7	ActD	mock	mock	1h	1	mCherry	2024-09-08	rep2	20.5247904048327	0.662861170295387	FALSE
C7_1h__mock_none_CTU2KO	CTU2 KO	C7	ActD	mock	mock	1h	1	Neon2	2024-09-08	rep2	22.0575264704125	0.229148498450619	FALSE
C7_1h__mock_none_CTU2KO	CTU2 KO	C7	ActD	mock	mock	1h	1	TDH1	2024-09-08	rep3	22.7642569837741	0.140677774444804	FALSE
C7_1h__mock_none_CTU2KO	CTU2 KO	C7	ActD	mock	mock	1h	1	mCherry	2024-09-08	rep3	19.2991242877053	1.55089547155804	FALSE
C7_1h__mock_none_CTU2KO	CTU2 KO	C7	ActD	mock	mock	1h	1	Neon2	2024-09-08	rep3	20.9780748924904	0.484817314552254	FALSE
C7_2h__mock_none_CTU2KO	CTU2 KO	C7	ActD	mock	mock	2h	2	TDH1	2024-09-08	rep1	27.0296193582528	0.00730036055072544	FALSE
C7_2h__mock_none_CTU2KO	CTU2 KO	C7	ActD	mock	mock	2h	2	mCherry	2024-09-08	rep1	25.1748196485188	0.0275720164646364	FALSE
C7_2h__mock_none_CTU2KO	CTU2 KO	C7	ActD	mock	mock	2h	2	Neon2	2024-09-08	rep1	27.0900436162279	0.00701835059984106	FALSE
C7_2h__mock_none_CTU2KO	CTU2 KO	C7	ActD	mock	mock	2h	2	TDH1	2024-09-08	rep2	26.2863199608649	0.012292533757186	FALSE
C7_2h__mock_none_CTU2KO	CTU2 KO	C7	ActD	mock	mock	2h	2	mCherry	2024-09-08	rep2	24.4367508151729	0.0448007709326552	FALSE
C7_2h__mock_none_CTU2KO	CTU2 KO	C7	ActD	mock	mock	2h	2	Neon2	2024-09-08	rep2	26.3289144832421	0.0120087648177135	FALSE
C7_2h__mock_none_CTU2KO	CTU2 KO	C7	ActD	mock	mock	2h	2	TDH1	2024-09-08	rep3	23.817435936583	0.067645312048038	FALSE
C7_2h__mock_none_CTU2KO	CTU2 KO	C7	ActD	mock	mock	2h	2	mCherry	2024-09-08	rep3	22.0407285481267	0.231788493723104	FALSE
C7_2h__mock_none_CTU2KO	CTU2 KO	C7	ActD	mock	mock	2h	2	Neon2	2024-09-08	rep3	23.778848905891	0.0694826207697699	FALSE
C7_4h__mock_none_CTU2KO	CTU2 KO	C7	ActD	mock	mock	4h	4	TDH1	2024-09-08	rep1	23.0259106179966	0.117652117984899	FALSE
C7_4h__mock_none_CTU2KO	CTU2 KO	C7	ActD	mock	mock	4h	4	mCherry	2024-09-08	rep1	20.7689710026609	0.559688762853105	FALSE
C7_4h__mock_none_CTU2KO	CTU2 KO	C7	ActD	mock	mock	4h	4	Neon2	2024-09-08	rep1	23.43081950082	0.0885530096262334	FALSE
C7_4h__mock_none_CTU2KO	CTU2 KO	C7	ActD	mock	mock	4h	4	TDH1	2024-09-08	rep2	23.8347484946238	0.0668383645220936	FALSE
C7_4h__mock_none_CTU2KO	CTU2 KO	C7	ActD	mock	mock	4h	4	mCherry	2024-09-08	rep2	21.038529538011	0.464378831886412	FALSE
C7_4h__mock_none_CTU2KO	CTU2 KO	C7	ActD	mock	mock	4h	4	Neon2	2024-09-08	rep2	24.0176227380102	0.0588816418559248	FALSE
C7_4h__mock_none_CTU2KO	CTU2 KO	C7	ActD	mock	mock	4h	4	TDH1	2024-09-08	rep3	24.490596112897	0.0424881459193867	FALSE
C7_4h__mock_none_CTU2KO	CTU2 KO	C7	ActD	mock	mock	4h	4	mCherry	2024-09-08	rep3	22.1188257340002	0.219655018761299	FALSE
C7_4h__mock_none_CTU2KO	CTU2 KO	C7	ActD	mock	mock	4h	4	Neon2	2024-09-08	rep3	24.7401787468357	0.0356834215085781	FALSE
C7_0h__STM_none_CTU2KO	CTU2 KO	C7	ActD	STM	mock	0h	0	TDH1	2024-09-08	rep1	23.4218446184429	0.0889862555205705	FALSE
C7_0h__STM_none_CTU2KO	CTU2 KO	C7	ActD	STM	mock	0h	0	mCherry	2024-09-08	rep1	20.6070655353706	0.627423558019014	FALSE
C7_0h__STM_none_CTU2KO	CTU2 KO	C7	ActD	STM	mock	0h	0	Neon2	2024-09-08	rep1	23.0731621884678	0.113385171111534	FALSE
C7_0h__STM_none_CTU2KO	CTU2 KO	C7	ActD	STM	mock	0h	0	TDH1	2024-09-08	rep2	23.5020727953856	0.0841740810159861	FALSE
C7_0h__STM_none_CTU2KO	CTU2 KO	C7	ActD	STM	mock	0h	0	mCherry	2024-09-08	rep2	20.6222893347694	0.620680005385365	FALSE
C7_0h__STM_none_CTU2KO	CTU2 KO	C7	ActD	STM	mock	0h	0	Neon2	2024-09-08	rep2	23.1147878853939	0.110092664071531	FALSE
C7_0h__STM_none_CTU2KO	CTU2 KO	C7	ActD	STM	mock	0h	0	TDH1	2024-09-08	rep3	23.963119449089	0.0611488511108562	FALSE
C7_0h__STM_none_CTU2KO	CTU2 KO	C7	ActD	STM	mock	0h	0	mCherry	2024-09-08	rep3	21.0185434867617	0.470758161711645	FALSE
C7_0h__STM_none_CTU2KO	CTU2 KO	C7	ActD	STM	mock	0h	0	Neon2	2024-09-08	rep3	23.4072971829847	0.0900081570019718	FALSE
C7_1h__STM_none_CTU2KO	CTU2 KO	C7	ActD	STM	mock	1h	1	TDH1	2024-09-08	rep1	23.1802585061848	0.105211231689135	FALSE
C7_1h__STM_none_CTU2KO	CTU2 KO	C7	ActD	STM	mock	1h	1	mCherry	2024-09-08	rep1	20.2806480367524	0.792983337073754	FALSE
C7_1h__STM_none_CTU2KO	CTU2 KO	C7	ActD	STM	mock	1h	1	Neon2	2024-09-08	rep1	22.9204838127404	0.125965394276327	FALSE
C7_1h__STM_none_CTU2KO	CTU2 KO	C7	ActD	STM	mock	1h	1	TDH1	2024-09-08	rep2	23.1842838772758	0.104914482094491	FALSE
C7_1h__STM_none_CTU2KO	CTU2 KO	C7	ActD	STM	mock	1h	1	mCherry	2024-09-08	rep2	20.1255484932689	0.874194729018726	FALSE
C7_1h__STM_none_CTU2KO	CTU2 KO	C7	ActD	STM	mock	1h	1	Neon2	2024-09-08	rep2	22.682455289954	0.148560339035977	FALSE
C7_1h__STM_none_CTU2KO	CTU2 KO	C7	ActD	STM	mock	1h	1	TDH1	2024-09-08	rep3	22.5396015046281	0.164022687615988	FALSE
C7_1h__STM_none_CTU2KO	CTU2 KO	C7	ActD	STM	mock	1h	1	mCherry	2024-09-08	rep3	19.8141071268668	1.08487569130576	FALSE
C7_1h__STM_none_CTU2KO	CTU2 KO	C7	ActD	STM	mock	1h	1	Neon2	2024-09-08	rep3	22.1845960882917	0.209855664373029	FALSE
C7_2h__STM_none_CTU2KO	CTU2 KO	C7	ActD	STM	mock	2h	2	TDH1	2024-09-08	rep1	22.9428030769931	0.124030442971867	FALSE
C7_2h__STM_none_CTU2KO	CTU2 KO	C7	ActD	STM	mock	2h	2	mCherry	2024-09-08	rep1	20.5758021460349	0.63983337685275	FALSE
C7_2h__STM_none_CTU2KO	CTU2 KO	C7	ActD	STM	mock	2h	2	Neon2	2024-09-08	rep1	23.1416998777636	0.108151356258552	FALSE
C7_2h__STM_none_CTU2KO	CTU2 KO	C7	ActD	STM	mock	2h	2	TDH1	2024-09-08	rep2	23.9984873050451	0.0596672335163851	FALSE
C7_2h__STM_none_CTU2KO	CTU2 KO	C7	ActD	STM	mock	2h	2	mCherry	2024-09-08	rep2	21.3355260718102	0.377910545591142	FALSE
C7_2h__STM_none_CTU2KO	CTU2 KO	C7	ActD	STM	mock	2h	2	Neon2	2024-09-08	rep2	23.880367158932	0.0648185467187645	FALSE
C7_2h__STM_none_CTU2KO	CTU2 KO	C7	ActD	STM	mock	2h	2	TDH1	2024-09-08	rep3	23.8860007071526	0.0645071674996931	FALSE
C7_2h__STM_none_CTU2KO	CTU2 KO	C7	ActD	STM	mock	2h	2	mCherry	2024-09-08	rep3	21.2129473434623	0.411409725488087	FALSE
C7_2h__STM_none_CTU2KO	CTU2 KO	C7	ActD	STM	mock	2h	2	Neon2	2024-09-08	rep3	23.6331332878215	0.0768827491614019	FALSE
C7_4h__STM_none_CTU2KO	CTU2 KO	C7	ActD	STM	mock	4h	4	TDH1	2024-09-08	rep1	23.2980077642334	0.0969618348274134	FALSE
C7_4h__STM_none_CTU2KO	CTU2 KO	C7	ActD	STM	mock	4h	4	mCherry	2024-09-08	rep1	21.6868996588855	0.296226693616517	FALSE
C7_4h__STM_none_CTU2KO	CTU2 KO	C7	ActD	STM	mock	4h	4	Neon2	2024-09-08	rep1	24.1686266814427	0.0530329900524547	FALSE
C7_4h__STM_none_CTU2KO	CTU2 KO	C7	ActD	STM	mock	4h	4	TDH1	2024-09-08	rep2	23.1096342815481	0.110493845622941	FALSE
C7_4h__STM_none_CTU2KO	CTU2 KO	C7	ActD	STM	mock	4h	4	mCherry	2024-09-08	rep2	21.5835224006991	0.318231769511554	FALSE
C7_4h__STM_none_CTU2KO	CTU2 KO	C7	ActD	STM	mock	4h	4	Neon2	2024-09-08	rep2	24.2465823887467	0.0502488397545531	FALSE
C7_4h__STM_none_CTU2KO	CTU2 KO	C7	ActD	STM	mock	4h	4	TDH1	2024-09-08	rep3	23.3560706503633	0.0931890078520661	FALSE
C7_4h__STM_none_CTU2KO	CTU2 KO	C7	ActD	STM	mock	4h	4	mCherry	2024-09-08	rep3	22.0641569368128	0.228085472464795	FALSE
C7_4h__STM_none_CTU2KO	CTU2 KO	C7	ActD	STM	mock	4h	4	Neon2	2024-09-08	rep3	24.6591030966365	0.0377617186671456	FALSE
C1_0h__STM_none_wt	WT	C1	ActD	STM	mock	0h	0	TDH1	2024-09-08	rep1	24.9011990064216	0.0319151638820013	FALSE
C1_0h__STM_none_wt	WT	C1	ActD	STM	mock	0h	0	mCherry	2024-09-08	rep1	22.7490706115371	0.141856001199811	FALSE
C1_0h__STM_none_wt	WT	C1	ActD	STM	mock	0h	0	Neon2	2024-09-08	rep1	21.8407286219823	0.266253641220736	FALSE
C1_0h__STM_none_wt	WT	C1	ActD	STM	mock	0h	0	TDH1	2024-09-08	rep2	24.9438504102288	0.03098533017308	FALSE
C1_0h__STM_none_wt	WT	C1	ActD	STM	mock	0h	0	mCherry	2024-09-08	rep2	22.3163158062557	0.191483685836758	FALSE
C1_0h__STM_none_wt	WT	C1	ActD	STM	mock	0h	0	Neon2	2024-09-08	rep2	21.6324181637812	0.30760778547814	FALSE
C1_0h__STM_none_wt	WT	C1	ActD	STM	mock	0h	0	TDH1	2024-09-08	rep3	24.0828032053258	0.0562800350698316	FALSE
C1_0h__STM_none_wt	WT	C1	ActD	STM	mock	0h	0	mCherry	2024-09-08	rep3	22.01985785764	0.235160268078446	FALSE
C1_0h__STM_none_wt	WT	C1	ActD	STM	mock	0h	0	Neon2	2024-09-08	rep3	21.0788394953177	0.451478529120064	FALSE
C2_0h__mock_none_wt	WT	C2	ActD	mock	mock	0h	0	TDH1	2024-09-28	rep1	21.6699752629332	0.299704945486018	FALSE
C2_0h__mock_none_wt	WT	C2	ActD	mock	mock	0h	0	mCherry	2024-09-28	rep1	14.5790105114503	40.8591191838368	FALSE
C2_0h__mock_none_wt	WT	C2	ActD	mock	mock	0h	0	Neon2	2024-09-28	rep1	16.3062071871473	12.3442512405335	FALSE
C2_0h__mock_none_wt	WT	C2	ActD	mock	mock	0h	0	TDH1	2024-09-28	rep2	21.4109525698328	0.35864196375053	FALSE
C2_0h__mock_none_wt	WT	C2	ActD	mock	mock	0h	0	mCherry	2024-09-28	rep2	14.2237396052343	52.2785845368426	FALSE
C2_0h__mock_none_wt	WT	C2	ActD	mock	mock	0h	0	Neon2	2024-09-28	rep2	16.1103624910746	14.1462083707654	FALSE
C2_0h__mock_none_wt	WT	C2	ActD	mock	mock	0h	0	TDH1	2024-09-28	rep3	21.2017014996195	0.414640781043866	FALSE
C2_0h__mock_none_wt	WT	C2	ActD	mock	mock	0h	0	mCherry	2024-09-28	rep3	14.310521387161	49.2195089684268	FALSE
C2_0h__mock_none_wt	WT	C2	ActD	mock	mock	0h	0	Neon2	2024-09-28	rep3	15.9856631162077	15.4709465708489	FALSE
C2_1h__mock_none_wt	WT	C2	ActD	mock	mock	1h	1	TDH1	2024-09-28	rep1	21.5989705769471	0.314828716197398	FALSE
C2_1h__mock_none_wt	WT	C2	ActD	mock	mock	1h	1	mCherry	2024-09-28	rep1	14.741840686186	36.510185082289	FALSE
C2_1h__mock_none_wt	WT	C2	ActD	mock	mock	1h	1	Neon2	2024-09-28	rep1	17.0543335986418	7.34761424486724	FALSE
C2_1h__mock_none_wt	WT	C2	ActD	mock	mock	1h	1	TDH1	2024-09-28	rep2	21.2614526039181	0.397807133571825	FALSE
C2_1h__mock_none_wt	WT	C2	ActD	mock	mock	1h	1	mCherry	2024-09-28	rep2	14.4778024915892	43.8588520337547	FALSE
C2_1h__mock_none_wt	WT	C2	ActD	mock	mock	1h	1	Neon2	2024-09-28	rep2	16.609166039136	10.0070662063317	FALSE
C2_1h__mock_none_wt	WT	C2	ActD	mock	mock	1h	1	TDH1	2024-09-28	rep3	21.2337898661251	0.405512524202297	FALSE
C2_1h__mock_none_wt	WT	C2	ActD	mock	mock	1h	1	mCherry	2024-09-28	rep3	14.2130684855359	52.6846199160268	FALSE
C2_1h__mock_none_wt	WT	C2	ActD	mock	mock	1h	1	Neon2	2024-09-28	rep3	16.393738064397	11.6180858556841	FALSE
C2_2h__mock_none_wt	WT	C2	ActD	mock	mock	2h	2	TDH1	2024-09-28	rep1	21.5283058200711	0.330637364497993	FALSE
C2_2h__mock_none_wt	WT	C2	ActD	mock	mock	2h	2	mCherry	2024-09-28	rep1	14.7902130283844	35.3071222764937	FALSE
C2_2h__mock_none_wt	WT	C2	ActD	mock	mock	2h	2	Neon2	2024-09-28	rep1	17.3744694995802	5.88571126307663	FALSE
C2_2h__mock_none_wt	WT	C2	ActD	mock	mock	2h	2	TDH1	2024-09-28	rep2	21.4550911139482	0.347840304136726	FALSE
C2_2h__mock_none_wt	WT	C2	ActD	mock	mock	2h	2	mCherry	2024-09-28	rep2	14.698963660265	37.5985574535943	FALSE
C2_2h__mock_none_wt	WT	C2	ActD	mock	mock	2h	2	Neon2	2024-09-28	rep2	17.2192814313396	6.55513118402138	FALSE
C2_2h__mock_none_wt	WT	C2	ActD	mock	mock	2h	2	TDH1	2024-09-28	rep3	21.3423938788458	0.376106924154918	FALSE
C2_2h__mock_none_wt	WT	C2	ActD	mock	mock	2h	2	mCherry	2024-09-28	rep3	14.5030931144106	43.1015172409271	FALSE
C2_2h__mock_none_wt	WT	C2	ActD	mock	mock	2h	2	Neon2	2024-09-28	rep3	17.0142082232175	7.55490614321452	FALSE
C2_4h__mock_none_wt	WT	C2	ActD	mock	mock	4h	4	TDH1	2024-09-28	rep1	22.6121744790722	0.155975989040536	FALSE
C2_4h__mock_none_wt	WT	C2	ActD	mock	mock	4h	4	mCherry	2024-09-28	rep1	15.4576255115388	22.222520908005	FALSE
C2_4h__mock_none_wt	WT	C2	ActD	mock	mock	4h	4	Neon2	2024-09-28	rep1	18.8591277325845	2.10624117113217	FALSE
C2_4h__mock_none_wt	WT	C2	ActD	mock	mock	4h	4	TDH1	2024-09-28	rep2	21.9098041790368	0.253807504343426	FALSE
C2_4h__mock_none_wt	WT	C2	ActD	mock	mock	4h	4	mCherry	2024-09-28	rep2	14.7276819085209	36.8778152855608	FALSE
C2_4h__mock_none_wt	WT	C2	ActD	mock	mock	4h	4	Neon2	2024-09-28	rep2	18.0878993045458	3.58972727677689	FALSE
C2_4h__mock_none_wt	WT	C2	ActD	mock	mock	4h	4	TDH1	2024-09-28	rep3	21.6676380174503	0.300192232242875	FALSE
C2_4h__mock_none_wt	WT	C2	ActD	mock	mock	4h	4	mCherry	2024-09-28	rep3	14.8093678323376	34.8302614783534	FALSE
C2_4h__mock_none_wt	WT	C2	ActD	mock	mock	4h	4	Neon2	2024-09-28	rep3	18.1251935995792	3.50297306143612	FALSE
C2_0h__STM_none_wt	WT	C2	ActD	STM	mock	0h	0	TDH1	2024-09-28	rep1	22.8162097431139	0.13540995440249	FALSE
C2_0h__STM_none_wt	WT	C2	ActD	STM	mock	0h	0	mCherry	2024-09-28	rep1	14.6260783779688	39.5503338304554	FALSE
C2_0h__STM_none_wt	WT	C2	ActD	STM	mock	0h	0	Neon2	2024-09-28	rep1	16.0738215795175	14.4994547767747	FALSE
C2_0h__STM_none_wt	WT	C2	ActD	STM	mock	0h	0	TDH1	2024-09-28	rep2	21.9545474176641	0.246056846553298	FALSE
C2_0h__STM_none_wt	WT	C2	ActD	STM	mock	0h	0	mCherry	2024-09-28	rep2	13.7846411279012	70.8647897832504	FALSE
C2_0h__STM_none_wt	WT	C2	ActD	STM	mock	0h	0	Neon2	2024-09-28	rep2	15.3666596173134	23.669334275589	FALSE
C2_0h__STM_none_wt	WT	C2	ActD	STM	mock	0h	0	TDH1	2024-09-28	rep3	22.6518200892893	0.151750372226702	FALSE
C2_0h__STM_none_wt	WT	C2	ActD	STM	mock	0h	0	mCherry	2024-09-28	rep3	14.4446235771412	45.0818854802398	FALSE
C2_0h__STM_none_wt	WT	C2	ActD	STM	mock	0h	0	Neon2	2024-09-28	rep3	16.0284089130489	14.9630046549912	FALSE
C2_1h__STM_none_wt	WT	C2	ActD	STM	mock	1h	1	TDH1	2024-09-28	rep1	23.0826303715173	0.11257722438322	FALSE
C2_1h__STM_none_wt	WT	C2	ActD	STM	mock	1h	1	mCherry	2024-09-28	rep1	14.8726980346841	33.3333865611851	FALSE
C2_1h__STM_none_wt	WT	C2	ActD	STM	mock	1h	1	Neon2	2024-09-28	rep1	16.5508463034022	10.4179547082107	FALSE
C2_1h__STM_none_wt	WT	C2	ActD	STM	mock	1h	1	TDH1	2024-09-28	rep2	23.2964812495224	0.0973170514891797	FALSE
C2_1h__STM_none_wt	WT	C2	ActD	STM	mock	1h	1	mCherry	2024-09-28	rep2	14.997524970604	30.570288478806	FALSE
C2_1h__STM_none_wt	WT	C2	ActD	STM	mock	1h	1	Neon2	2024-09-28	rep2	16.5278280630749	10.5836824850935	FALSE
C2_1h__STM_none_wt	WT	C2	ActD	STM	mock	1h	1	TDH1	2024-09-28	rep3	23.4244803424614	0.0888267805825428	FALSE
C2_1h__STM_none_wt	WT	C2	ActD	STM	mock	1h	1	mCherry	2024-09-28	rep3	15.3818856248644	23.4778312800521	FALSE
C2_1h__STM_none_wt	WT	C2	ActD	STM	mock	1h	1	Neon2	2024-09-28	rep3	16.788956352346	8.83155242481189	FALSE
C2_2h__STM_none_wt	WT	C2	ActD	STM	mock	2h	2	TDH1	2024-09-28	rep1	22.9929950053129	0.119793379607965	FALSE
C2_2h__STM_none_wt	WT	C2	ActD	STM	mock	2h	2	mCherry	2024-09-28	rep1	14.7032513675807	37.5454988439051	FALSE
C2_2h__STM_none_wt	WT	C2	ActD	STM	mock	2h	2	Neon2	2024-09-28	rep1	16.4173612742882	11.4257619885636	FALSE
C2_2h__STM_none_wt	WT	C2	ActD	STM	mock	2h	2	TDH1	2024-09-28	rep2	23.3636301361583	0.092653274550006	FALSE
C2_2h__STM_none_wt	WT	C2	ActD	STM	mock	2h	2	mCherry	2024-09-28	rep2	15.1138759064333	28.2065372955688	FALSE
C2_2h__STM_none_wt	WT	C2	ActD	STM	mock	2h	2	Neon2	2024-09-28	rep2	16.8108242449586	8.6983738916213	FALSE
C2_2h__STM_none_wt	WT	C2	ActD	STM	mock	2h	2	TDH1	2024-09-28	rep3	23.0022800491289	0.119024879920767	FALSE
C2_2h__STM_none_wt	WT	C2	ActD	STM	mock	2h	2	mCherry	2024-09-28	rep3	14.8187497583879	34.6037764977839	FALSE
C2_2h__STM_none_wt	WT	C2	ActD	STM	mock	2h	2	Neon2	2024-09-28	rep3	16.396610943845	11.5994689776361	FALSE
C2_4h__STM_none_wt	WT	C2	ActD	STM	mock	4h	4	TDH1	2024-09-28	rep1	23.2430620224478	0.100725913446788	FALSE
C2_4h__STM_none_wt	WT	C2	ActD	STM	mock	4h	4	mCherry	2024-09-28	rep1	15.0334135226536	29.8189075026247	FALSE
C2_4h__STM_none_wt	WT	C2	ActD	STM	mock	4h	4	Neon2	2024-09-28	rep1	16.9633369228543	7.82749833317636	FALSE
C2_4h__STM_none_wt	WT	C2	ActD	STM	mock	4h	4	TDH1	2024-09-28	rep2	23.489446516983	0.0849159154480557	FALSE
C2_4h__STM_none_wt	WT	C2	ActD	STM	mock	4h	4	mCherry	2024-09-28	rep2	15.5317050688695	21.1161890907799	FALSE
C2_4h__STM_none_wt	WT	C2	ActD	STM	mock	4h	4	Neon2	2024-09-28	rep2	17.3439283854806	6.01734034641102	FALSE
C2_4h__STM_none_wt	WT	C2	ActD	STM	mock	4h	4	TDH1	2024-09-28	rep3	23.3841504263744	0.0913447903181497	FALSE
C2_4h__STM_none_wt	WT	C2	ActD	STM	mock	4h	4	mCherry	2024-09-28	rep3	15.364455920468	23.710955149593	FALSE
C2_4h__STM_none_wt	WT	C2	ActD	STM	mock	4h	4	Neon2	2024-09-28	rep3	17.2780003393897	6.2922346595238	FALSE
C2_0h__mock_none_ELP1KO	ELP1 KO	C2	ActD	mock	mock	0h	0	TDH1	2024-09-28	rep1	23.9794920745361	0.0604579871474098	FALSE
C2_0h__mock_none_ELP1KO	ELP1 KO	C2	ActD	mock	mock	0h	0	mCherry	2024-09-28	rep1	17.010195574818	7.5756846624743	FALSE
C2_0h__mock_none_ELP1KO	ELP1 KO	C2	ActD	mock	mock	0h	0	Neon2	2024-09-28	rep1	19.2183233617684	1.63952797634963	FALSE
C2_0h__mock_none_ELP1KO	ELP1 KO	C2	ActD	mock	mock	0h	0	TDH1	2024-09-28	rep2	22.6463732522782	0.152326466976107	FALSE
C2_0h__mock_none_ELP1KO	ELP1 KO	C2	ActD	mock	mock	0h	0	mCherry	2024-09-28	rep2	15.3858335128519	23.3562225843917	FALSE
C2_0h__mock_none_ELP1KO	ELP1 KO	C2	ActD	mock	mock	0h	0	Neon2	2024-09-28	rep2	17.6617578061041	4.82263858054718	FALSE
C2_0h__mock_none_ELP1KO	ELP1 KO	C2	ActD	mock	mock	0h	0	TDH1	2024-09-28	rep3	22.7929140158187	0.137614035031043	FALSE
C2_0h__mock_none_ELP1KO	ELP1 KO	C2	ActD	mock	mock	0h	0	mCherry	2024-09-28	rep3	15.626438275639	19.7771406812184	FALSE
C2_0h__mock_none_ELP1KO	ELP1 KO	C2	ActD	mock	mock	0h	0	Neon2	2024-09-28	rep3	17.7782744735049	4.45025185626488	FALSE
C2_1h__mock_none_ELP1KO	ELP1 KO	C2	ActD	mock	mock	1h	1	TDH1	2024-09-28	rep1	23.7054919102823	0.0731056326003424	FALSE
C2_1h__mock_none_ELP1KO	ELP1 KO	C2	ActD	mock	mock	1h	1	mCherry	2024-09-28	rep1	16.8620106739245	8.39516554165774	FALSE
C2_1h__mock_none_ELP1KO	ELP1 KO	C2	ActD	mock	mock	1h	1	Neon2	2024-09-28	rep1	19.4935774581876	1.35477699575151	FALSE
C2_1h__mock_none_ELP1KO	ELP1 KO	C2	ActD	mock	mock	1h	1	TDH1	2024-09-28	rep2	23.9362417356833	0.062300055103002	FALSE
C2_1h__mock_none_ELP1KO	ELP1 KO	C2	ActD	mock	mock	1h	1	mCherry	2024-09-28	rep2	16.9756176512866	7.76176113556579	FALSE
C2_1h__mock_none_ELP1KO	ELP1 KO	C2	ActD	mock	mock	1h	1	Neon2	2024-09-28	rep2	19.6716683453436	1.1974036910227	FALSE
C2_1h__mock_none_ELP1KO	ELP1 KO	C2	ActD	mock	mock	1h	1	TDH1	2024-09-28	rep3	23.7227425947841	0.0722343766184799	FALSE
C2_1h__mock_none_ELP1KO	ELP1 KO	C2	ActD	mock	mock	1h	1	mCherry	2024-09-28	rep3	16.6011413514679	10.0591219476015	FALSE
C2_1h__mock_none_ELP1KO	ELP1 KO	C2	ActD	mock	mock	1h	1	Neon2	2024-09-28	rep3	19.3248773697928	1.52276565310727	FALSE
C2_2h__mock_none_ELP1KO	ELP1 KO	C2	ActD	mock	mock	2h	2	TDH1	2024-09-28	rep1	23.9116260755102	0.0633721514825762	FALSE
C2_2h__mock_none_ELP1KO	ELP1 KO	C2	ActD	mock	mock	2h	2	mCherry	2024-09-28	rep1	17.0779301024702	7.22821046864403	FALSE
C2_2h__mock_none_ELP1KO	ELP1 KO	C2	ActD	mock	mock	2h	2	Neon2	2024-09-28	rep1	20.3747263434067	0.735522940236724	FALSE
C2_2h__mock_none_ELP1KO	ELP1 KO	C2	ActD	mock	mock	2h	2	TDH1	2024-09-28	rep2	23.9264025611654	0.062726270513057	FALSE
C2_2h__mock_none_ELP1KO	ELP1 KO	C2	ActD	mock	mock	2h	2	mCherry	2024-09-28	rep2	17.0187123252937	7.53119830010358	FALSE
C2_2h__mock_none_ELP1KO	ELP1 KO	C2	ActD	mock	mock	2h	2	Neon2	2024-09-28	rep2	20.5446557505985	0.685494375199209	FALSE
C2_2h__mock_none_ELP1KO	ELP1 KO	C2	ActD	mock	mock	2h	2	TDH1	2024-09-28	rep3	23.2436646872829	0.100684350697366	FALSE
C2_2h__mock_none_ELP1KO	ELP1 KO	C2	ActD	mock	mock	2h	2	mCherry	2024-09-28	rep3	15.8661620938058	16.7421407243926	FALSE
C2_2h__mock_none_ELP1KO	ELP1 KO	C2	ActD	mock	mock	2h	2	Neon2	2024-09-28	rep3	19.4210566108804	1.42455795854559	FALSE
C2_4h__mock_none_ELP1KO	ELP1 KO	C2	ActD	mock	mock	4h	4	TDH1	2024-09-28	rep1	22.6668714090557	0.150177456534605	FALSE
C2_4h__mock_none_ELP1KO	ELP1 KO	C2	ActD	mock	mock	4h	4	mCherry	2024-09-28	rep1	17.2488803917025	6.42064444028541	FALSE
C2_4h__mock_none_ELP1KO	ELP1 KO	C2	ActD	mock	mock	4h	4	Neon2	2024-09-28	rep1	21.6260711490113	0.308979859933356	FALSE
C2_4h__mock_none_ELP1KO	ELP1 KO	C2	ActD	mock	mock	4h	4	TDH1	2024-09-28	rep2	22.9152067921241	0.126425923985662	FALSE
C2_4h__mock_none_ELP1KO	ELP1 KO	C2	ActD	mock	mock	4h	4	mCherry	2024-09-28	rep2	16.7619920154087	8.99788666674622	FALSE
C2_4h__mock_none_ELP1KO	ELP1 KO	C2	ActD	mock	mock	4h	4	Neon2	2024-09-28	rep2	21.2235445008046	0.408491875638071	FALSE
C2_4h__mock_none_ELP1KO	ELP1 KO	C2	ActD	mock	mock	4h	4	TDH1	2024-09-28	rep3	22.6931015663533	0.14747193376932	FALSE
C2_4h__mock_none_ELP1KO	ELP1 KO	C2	ActD	mock	mock	4h	4	mCherry	2024-09-28	rep3	17.0667141045699	7.29377854017436	FALSE
C2_4h__mock_none_ELP1KO	ELP1 KO	C2	ActD	mock	mock	4h	4	Neon2	2024-09-28	rep3	21.3122855328374	0.384100193011387	FALSE
C2_0h__STM_none_ELP1KO	ELP1 KO	C2	ActD	STM	mock	0h	0	TDH1	2024-09-28	rep1	22.9539438448956	0.123078343359625	FALSE
C2_0h__STM_none_ELP1KO	ELP1 KO	C2	ActD	STM	mock	0h	0	mCherry	2024-09-28	rep1	15.5430843700835	20.9445060134211	FALSE
C2_0h__STM_none_ELP1KO	ELP1 KO	C2	ActD	STM	mock	0h	0	Neon2	2024-09-28	rep1	17.4938912670178	5.41884057096957	FALSE
C2_0h__STM_none_ELP1KO	ELP1 KO	C2	ActD	STM	mock	0h	0	TDH1	2024-09-28	rep2	23.4902482062672	0.0848682604923014	FALSE
C2_0h__STM_none_ELP1KO	ELP1 KO	C2	ActD	STM	mock	0h	0	mCherry	2024-09-28	rep2	16.0178025107845	15.0716714248849	FALSE
C2_0h__STM_none_ELP1KO	ELP1 KO	C2	ActD	STM	mock	0h	0	Neon2	2024-09-28	rep2	17.815527396061	4.36853683418745	FALSE
C2_0h__STM_none_ELP1KO	ELP1 KO	C2	ActD	STM	mock	0h	0	TDH1	2024-09-28	rep3	23.0292495513805	0.116816785483808	FALSE
C2_0h__STM_none_ELP1KO	ELP1 KO	C2	ActD	STM	mock	0h	0	mCherry	2024-09-28	rep3	15.2980356871928	24.8217494414905	FALSE
C2_0h__STM_none_ELP1KO	ELP1 KO	C2	ActD	STM	mock	0h	0	Neon2	2024-09-28	rep3	17.3715017909529	5.89837977091484	FALSE
C2_1h__STM_none_ELP1KO	ELP1 KO	C2	ActD	STM	mock	1h	1	TDH1	2024-09-28	rep1	24.1746814500426	0.0528091354218286	FALSE
C2_1h__STM_none_ELP1KO	ELP1 KO	C2	ActD	STM	mock	1h	1	mCherry	2024-09-28	rep1	17.0147792178923	7.55285409212071	FALSE
C2_1h__STM_none_ELP1KO	ELP1 KO	C2	ActD	STM	mock	1h	1	Neon2	2024-09-28	rep1	19.2044006986088	1.6554589190483	FALSE
C2_1h__STM_none_ELP1KO	ELP1 KO	C2	ActD	STM	mock	1h	1	TDH1	2024-09-28	rep2	24.6802150881767	0.0371989853225861	FALSE
C2_1h__STM_none_ELP1KO	ELP1 KO	C2	ActD	STM	mock	1h	1	mCherry	2024-09-28	rep2	17.3148612341864	6.13512157398194	FALSE
C2_1h__STM_none_ELP1KO	ELP1 KO	C2	ActD	STM	mock	1h	1	Neon2	2024-09-28	rep2	19.529501028916	1.32143123648878	FALSE
C2_1h__STM_none_ELP1KO	ELP1 KO	C2	ActD	STM	mock	1h	1	TDH1	2024-09-28	rep3	24.3526473549652	0.0466799994127512	FALSE
C2_1h__STM_none_ELP1KO	ELP1 KO	C2	ActD	STM	mock	1h	1	mCherry	2024-09-28	rep3	16.8580684442412	8.42008783768576	FALSE
C2_1h__STM_none_ELP1KO	ELP1 KO	C2	ActD	STM	mock	1h	1	Neon2	2024-09-28	rep3	19.1385136916109	1.73274365918749	FALSE
C2_2h__STM_none_ELP1KO	ELP1 KO	C2	ActD	STM	mock	2h	2	TDH1	2024-09-28	rep1	24.2550147113292	0.049949208440548	FALSE
C2_2h__STM_none_ELP1KO	ELP1 KO	C2	ActD	STM	mock	2h	2	mCherry	2024-09-28	rep1	17.2391892281211	6.46485725560212	FALSE
C2_2h__STM_none_ELP1KO	ELP1 KO	C2	ActD	STM	mock	2h	2	Neon2	2024-09-28	rep1	19.6408542332087	1.22327932860403	FALSE
C2_2h__STM_none_ELP1KO	ELP1 KO	C2	ActD	STM	mock	2h	2	TDH1	2024-09-28	rep2	23.8276799647478	0.0671678465442109	FALSE
C2_2h__STM_none_ELP1KO	ELP1 KO	C2	ActD	STM	mock	2h	2	mCherry	2024-09-28	rep2	16.7481244471015	9.0861674935074	FALSE
C2_2h__STM_none_ELP1KO	ELP1 KO	C2	ActD	STM	mock	2h	2	Neon2	2024-09-28	rep2	19.3225545083248	1.52521834711133	FALSE
C2_2h__STM_none_ELP1KO	ELP1 KO	C2	ActD	STM	mock	2h	2	TDH1	2024-09-28	rep3	23.944249335585	0.061954538486452	FALSE
C2_2h__STM_none_ELP1KO	ELP1 KO	C2	ActD	STM	mock	2h	2	mCherry	2024-09-28	rep3	16.5605253878685	10.34639221516	FALSE
C2_2h__STM_none_ELP1KO	ELP1 KO	C2	ActD	STM	mock	2h	2	Neon2	2024-09-28	rep3	19.0379530985605	1.8587461274812	FALSE
C2_4h__STM_none_ELP1KO	ELP1 KO	C2	ActD	STM	mock	4h	4	TDH1	2024-09-28	rep1	24.9862361503493	0.0300880181404937	FALSE
C2_4h__STM_none_ELP1KO	ELP1 KO	C2	ActD	STM	mock	4h	4	mCherry	2024-09-28	rep1	18.1415244647732	3.45834440754242	FALSE
C2_4h__STM_none_ELP1KO	ELP1 KO	C2	ActD	STM	mock	4h	4	Neon2	2024-09-28	rep1	20.974925582888	0.485198207865727	FALSE
C2_4h__STM_none_ELP1KO	ELP1 KO	C2	ActD	STM	mock	4h	4	TDH1	2024-09-28	rep2	24.8132052664533	0.0339232330032546	FALSE
C2_4h__STM_none_ELP1KO	ELP1 KO	C2	ActD	STM	mock	4h	4	mCherry	2024-09-28	rep2	17.62948036882	4.93177644834289	FALSE
C2_4h__STM_none_ELP1KO	ELP1 KO	C2	ActD	STM	mock	4h	4	Neon2	2024-09-28	rep2	20.9539088503148	0.492331193774349	FALSE
C2_4h__STM_none_ELP1KO	ELP1 KO	C2	ActD	STM	mock	4h	4	TDH1	2024-09-28	rep3	24.8304701844424	0.0335190855060481	FALSE
C2_4h__STM_none_ELP1KO	ELP1 KO	C2	ActD	STM	mock	4h	4	mCherry	2024-09-28	rep3	18.003013124576	3.80716203695879	FALSE
C2_4h__STM_none_ELP1KO	ELP1 KO	C2	ActD	STM	mock	4h	4	Neon2	2024-09-28	rep3	21.0846328353355	0.450055697225053	FALSE
C2_0h__mock_none_CTU2KO	CTU2 KO	C2	ActD	mock	mock	0h	0	TDH1	2024-09-28	rep1	21.308340329407	0.385090167787145	FALSE
C2_0h__mock_none_CTU2KO	CTU2 KO	C2	ActD	mock	mock	0h	0	mCherry	2024-09-28	rep1	17.0586502415417	7.32690730004992	FALSE
C2_0h__mock_none_CTU2KO	CTU2 KO	C2	ActD	mock	mock	0h	0	Neon2	2024-09-28	rep1	17.4156820451461	5.71957259874439	FALSE
C2_0h__mock_none_CTU2KO	CTU2 KO	C2	ActD	mock	mock	0h	0	TDH1	2024-09-28	rep2	22.5367348003901	0.164353546722586	FALSE
C2_0h__mock_none_CTU2KO	CTU2 KO	C2	ActD	mock	mock	0h	0	mCherry	2024-09-28	rep2	17.7231602968895	4.62182127559084	FALSE
C2_0h__mock_none_CTU2KO	CTU2 KO	C2	ActD	mock	mock	0h	0	Neon2	2024-09-28	rep2	18.4941198419486	2.70851760815644	FALSE
C2_0h__mock_none_CTU2KO	CTU2 KO	C2	ActD	mock	mock	0h	0	TDH1	2024-09-28	rep3	23.1877888882714	0.104663259067122	FALSE
C2_0h__mock_none_CTU2KO	CTU2 KO	C2	ActD	mock	mock	0h	0	mCherry	2024-09-28	rep3	18.327653960076	3.0396698057555	FALSE
C2_0h__mock_none_CTU2KO	CTU2 KO	C2	ActD	mock	mock	0h	0	Neon2	2024-09-28	rep3	19.1487367097085	1.72052776378545	FALSE
C2_1h__mock_none_CTU2KO	CTU2 KO	C2	ActD	mock	mock	1h	1	TDH1	2024-09-28	rep1	22.3881326193255	0.182179960544403	FALSE
C2_1h__mock_none_CTU2KO	CTU2 KO	C2	ActD	mock	mock	1h	1	mCherry	2024-09-28	rep1	17.9265028541066	4.01408530297884	FALSE
C2_1h__mock_none_CTU2KO	CTU2 KO	C2	ActD	mock	mock	1h	1	Neon2	2024-09-28	rep1	20.0272256913537	0.935921542178736	FALSE
C2_1h__mock_none_CTU2KO	CTU2 KO	C2	ActD	mock	mock	1h	1	TDH1	2024-09-28	rep2	23.2491664716218	0.100303903756965	FALSE
C2_1h__mock_none_CTU2KO	CTU2 KO	C2	ActD	mock	mock	1h	1	mCherry	2024-09-28	rep2	18.4294727121932	2.83257296575874	FALSE
C2_1h__mock_none_CTU2KO	CTU2 KO	C2	ActD	mock	mock	1h	1	Neon2	2024-09-28	rep2	20.4350567464909	0.705489400096814	FALSE
C2_1h__mock_none_CTU2KO	CTU2 KO	C2	ActD	mock	mock	1h	1	TDH1	2024-09-28	rep3	23.4293258445468	0.0885289329227921	FALSE
C2_1h__mock_none_CTU2KO	CTU2 KO	C2	ActD	mock	mock	1h	1	mCherry	2024-09-28	rep3	18.626351145039	2.47121185827478	FALSE
C2_1h__mock_none_CTU2KO	CTU2 KO	C2	ActD	mock	mock	1h	1	Neon2	2024-09-28	rep3	20.6418644316215	0.611221127346862	FALSE
C2_2h__mock_none_CTU2KO	CTU2 KO	C2	ActD	mock	mock	2h	2	TDH1	2024-09-28	rep1	24.1631894232172	0.0532317395387349	FALSE
C2_2h__mock_none_CTU2KO	CTU2 KO	C2	ActD	mock	mock	2h	2	mCherry	2024-09-28	rep1	19.103956246109	1.77480474974774	FALSE
C2_2h__mock_none_CTU2KO	CTU2 KO	C2	ActD	mock	mock	2h	2	Neon2	2024-09-28	rep1	21.8220255874685	0.269721645710716	FALSE
C2_2h__mock_none_CTU2KO	CTU2 KO	C2	ActD	mock	mock	2h	2	TDH1	2024-09-28	rep2	22.9604802668026	0.12252014432727	FALSE
C2_2h__mock_none_CTU2KO	CTU2 KO	C2	ActD	mock	mock	2h	2	mCherry	2024-09-28	rep2	18.4216602905784	2.84814886360431	FALSE
C2_2h__mock_none_CTU2KO	CTU2 KO	C2	ActD	mock	mock	2h	2	Neon2	2024-09-28	rep2	20.7281937243811	0.575752171535287	FALSE
C2_2h__mock_none_CTU2KO	CTU2 KO	C2	ActD	mock	mock	2h	2	TDH1	2024-09-28	rep3	23.4430915344167	0.0876880947721343	FALSE
C2_2h__mock_none_CTU2KO	CTU2 KO	C2	ActD	mock	mock	2h	2	mCherry	2024-09-28	rep3	18.7526015323676	2.26453821319216	FALSE
C2_2h__mock_none_CTU2KO	CTU2 KO	C2	ActD	mock	mock	2h	2	Neon2	2024-09-28	rep3	21.1274267441759	0.436545641877447	FALSE
C2_4h__mock_none_CTU2KO	CTU2 KO	C2	ActD	mock	mock	4h	4	TDH1	2024-09-28	rep1	22.7406279277634	0.142692968195395	FALSE
C2_4h__mock_none_CTU2KO	CTU2 KO	C2	ActD	mock	mock	4h	4	mCherry	2024-09-28	rep1	18.4867758807795	2.72227918965888	FALSE
C2_4h__mock_none_CTU2KO	CTU2 KO	C2	ActD	mock	mock	4h	4	Neon2	2024-09-28	rep1	22.2454009597464	0.201126745212366	FALSE
C2_4h__mock_none_CTU2KO	CTU2 KO	C2	ActD	mock	mock	4h	4	TDH1	2024-09-28	rep2	22.1259924808874	0.218486972763281	FALSE
C2_4h__mock_none_CTU2KO	CTU2 KO	C2	ActD	mock	mock	4h	4	mCherry	2024-09-28	rep2	17.881563584141	4.14109965611183	FALSE
C2_4h__mock_none_CTU2KO	CTU2 KO	C2	ActD	mock	mock	4h	4	Neon2	2024-09-28	rep2	20.9356424526535	0.498607722948298	FALSE
C2_4h__mock_none_CTU2KO	CTU2 KO	C2	ActD	mock	mock	4h	4	TDH1	2024-09-28	rep3	21.2071634362112	0.413066139745915	FALSE
C2_4h__mock_none_CTU2KO	CTU2 KO	C2	ActD	mock	mock	4h	4	mCherry	2024-09-28	rep3	17.2331732187722	6.49079744252955	FALSE
C2_4h__mock_none_CTU2KO	CTU2 KO	C2	ActD	mock	mock	4h	4	Neon2	2024-09-28	rep3	20.1213546803889	0.876753686102838	FALSE
C2_0h__STM_none_CTU2KO	CTU2 KO	C2	ActD	STM	mock	0h	0	TDH1	2024-09-28	rep1	21.6173831655353	0.310836219325089	FALSE
C2_0h__STM_none_CTU2KO	CTU2 KO	C2	ActD	STM	mock	0h	0	mCherry	2024-09-28	rep1	18.0960778348517	3.56971237329212	FALSE
C2_0h__STM_none_CTU2KO	CTU2 KO	C2	ActD	STM	mock	0h	0	Neon2	2024-09-28	rep1	19.950815361383	0.987843445491822	FALSE
C2_0h__STM_none_CTU2KO	CTU2 KO	C2	ActD	STM	mock	0h	0	TDH1	2024-09-28	rep2	26.8338238391982	0.00836050060251628	FALSE
C2_0h__STM_none_CTU2KO	CTU2 KO	C2	ActD	STM	mock	0h	0	mCherry	2024-09-28	rep2	23.2714947891687	0.0987672446788439	FALSE
C2_0h__STM_none_CTU2KO	CTU2 KO	C2	ActD	STM	mock	0h	0	Neon2	2024-09-28	rep2	24.9280927556476	0.0313261847445504	FALSE
C2_0h__STM_none_CTU2KO	CTU2 KO	C2	ActD	STM	mock	0h	0	TDH1	2024-09-28	rep3	21.7320805512965	0.287080845282875	FALSE
C2_0h__STM_none_CTU2KO	CTU2 KO	C2	ActD	STM	mock	0h	0	mCherry	2024-09-28	rep3	18.1032771103842	3.55175049265239	FALSE
C2_0h__STM_none_CTU2KO	CTU2 KO	C2	ActD	STM	mock	0h	0	Neon2	2024-09-28	rep3	19.7592177728601	1.12706539037672	FALSE
C2_1h__STM_none_CTU2KO	CTU2 KO	C2	ActD	STM	mock	1h	1	TDH1	2024-09-28	rep1	23.9502321932789	0.0616966787374228	FALSE
C2_1h__STM_none_CTU2KO	CTU2 KO	C2	ActD	STM	mock	1h	1	mCherry	2024-09-28	rep1	20.6395489305461	0.612301699496227	FALSE
C2_1h__STM_none_CTU2KO	CTU2 KO	C2	ActD	STM	mock	1h	1	Neon2	2024-09-28	rep1	22.7906644165081	0.137830539655764	FALSE
C2_1h__STM_none_CTU2KO	CTU2 KO	C2	ActD	STM	mock	1h	1	TDH1	2024-09-28	rep2	24.2788391924074	0.0491311305134576	FALSE
C2_1h__STM_none_CTU2KO	CTU2 KO	C2	ActD	STM	mock	1h	1	mCherry	2024-09-28	rep2	21.0498383079707	0.460712114031682	FALSE
C2_1h__STM_none_CTU2KO	CTU2 KO	C2	ActD	STM	mock	1h	1	Neon2	2024-09-28	rep2	23.1701072205995	0.105959330122924	FALSE
C2_1h__STM_none_CTU2KO	CTU2 KO	C2	ActD	STM	mock	1h	1	TDH1	2024-09-28	rep3	21.0627494645846	0.456554230724494	FALSE
C2_1h__STM_none_CTU2KO	CTU2 KO	C2	ActD	STM	mock	1h	1	mCherry	2024-09-28	rep3	17.5116050078224	5.38302223230687	FALSE
C2_1h__STM_none_CTU2KO	CTU2 KO	C2	ActD	STM	mock	1h	1	Neon2	2024-09-28	rep3	19.617314341675	1.2434042067742	FALSE
C2_2h__STM_none_CTU2KO	CTU2 KO	C2	ActD	STM	mock	2h	2	TDH1	2024-09-28	rep1	20.4723193999798	0.687426006049406	FALSE
C2_2h__STM_none_CTU2KO	CTU2 KO	C2	ActD	STM	mock	2h	2	mCherry	2024-09-28	rep1	17.2274954276397	6.51655831836508	FALSE
C2_2h__STM_none_CTU2KO	CTU2 KO	C2	ActD	STM	mock	2h	2	Neon2	2024-09-28	rep1	19.3741442683607	1.47182757693769	FALSE
C2_2h__STM_none_CTU2KO	CTU2 KO	C2	ActD	STM	mock	2h	2	TDH1	2024-09-28	rep2	21.9055780811291	0.254552071788691	FALSE
C2_2h__STM_none_CTU2KO	CTU2 KO	C2	ActD	STM	mock	2h	2	mCherry	2024-09-28	rep2	18.4412459658732	2.83332040880235	FALSE
C2_2h__STM_none_CTU2KO	CTU2 KO	C2	ActD	STM	mock	2h	2	Neon2	2024-09-28	rep2	20.7838901521497	0.554011504110772	FALSE
C2_2h__STM_none_CTU2KO	CTU2 KO	C2	ActD	STM	mock	2h	2	TDH1	2024-09-28	rep3	22.0829846498922	0.225098263237298	FALSE
C2_2h__STM_none_CTU2KO	CTU2 KO	C2	ActD	STM	mock	2h	2	mCherry	2024-09-28	rep3	18.7868603603565	2.21102435210069	FALSE
C2_2h__STM_none_CTU2KO	CTU2 KO	C2	ActD	STM	mock	2h	2	Neon2	2024-09-28	rep3	21.0235734676609	0.469123094716265	FALSE
C2_4h__STM_none_CTU2KO	CTU2 KO	C2	ActD	STM	mock	4h	4	TDH1	2024-09-28	rep1	22.5503289559276	0.162826377649545	FALSE
C2_4h__STM_none_CTU2KO	CTU2 KO	C2	ActD	STM	mock	4h	4	mCherry	2024-09-28	rep1	19.1354765379003	1.73804946503036	FALSE
C2_4h__STM_none_CTU2KO	CTU2 KO	C2	ActD	STM	mock	4h	4	Neon2	2024-09-28	rep1	21.7091609584323	0.291729470692199	FALSE
C2_4h__STM_none_CTU2KO	CTU2 KO	C2	ActD	STM	mock	4h	4	TDH1	2024-09-28	rep2	22.1976805963	0.207895629031289	FALSE
C2_4h__STM_none_CTU2KO	CTU2 KO	C2	ActD	STM	mock	4h	4	mCherry	2024-09-28	rep2	18.7834642878181	2.24372417720279	FALSE
C2_4h__STM_none_CTU2KO	CTU2 KO	C2	ActD	STM	mock	4h	4	Neon2	2024-09-28	rep2	21.3013671575968	0.387121243875659	FALSE
C2_4h__STM_none_CTU2KO	CTU2 KO	C2	ActD	STM	mock	4h	4	TDH1	2024-09-28	rep3	21.8607437518796	0.262586903598226	FALSE
C2_4h__STM_none_CTU2KO	CTU2 KO	C2	ActD	STM	mock	4h	4	mCherry	2024-09-28	rep3	18.6397176119174	2.44861827011488	FALSE
C2_4h__STM_none_CTU2KO	CTU2 KO	C2	ActD	STM	mock	4h	4	Neon2	2024-09-28	rep3	21.1557558838066	0.428492426316507	FALSE
none_0h__mock_none_wt	WT	none	ActD	mock	mock	0h	0	TDH1	2024-09-28	rep1	21.0031010804788	0.475826097444349	FALSE
none_0h__mock_none_wt	WT	none	ActD	mock	mock	0h	0	GAPDH	2024-09-28	rep1	18.5543137294763	2.59967712494857	FALSE
none_0h__mock_none_wt	WT	none	ActD	mock	mock	0h	0	YTHDF2	2024-09-28	rep1	22.0377442061485	0.2323142724477	FALSE
none_0h__mock_none_wt	WT	none	ActD	mock	mock	0h	0	MYC	2024-09-28	rep1	25.7504574045083	0.0177149495223323	FALSE
none_0h__mock_none_wt	WT	none	ActD	mock	mock	0h	0	TDH1	2024-09-28	rep2	21.5708686345603	0.321012418258232	FALSE
none_0h__mock_none_wt	WT	none	ActD	mock	mock	0h	0	GAPDH	2024-09-28	rep2	18.8054304553118	2.18276079677421	FALSE
none_0h__mock_none_wt	WT	none	ActD	mock	mock	0h	0	YTHDF2	2024-09-28	rep2	22.3532386292609	0.186775962054804	FALSE
none_0h__mock_none_wt	WT	none	ActD	mock	mock	0h	0	MYC	2024-09-28	rep2	26.3339993751056	0.0118216005983777	FALSE
none_0h__mock_none_wt	WT	none	ActD	mock	mock	0h	0	TDH1	2024-09-28	rep3	20.0486429606261	0.922078177229753	FALSE
none_0h__mock_none_wt	WT	none	ActD	mock	mock	0h	0	GAPDH	2024-09-28	rep3	17.4850077558815	5.58909773056768	FALSE
none_0h__mock_none_wt	WT	none	ActD	mock	mock	0h	0	YTHDF2	2024-09-28	rep3	21.0958716234314	0.446182381010127	FALSE
none_0h__mock_none_wt	WT	none	ActD	mock	mock	0h	0	MYC	2024-09-28	rep3	24.7713523051963	0.0349204573492255	FALSE
none_1h__mock_none_wt	WT	none	ActD	mock	mock	1h	1	TDH1	2024-09-28	rep1	21.5524803099334	0.325139138110683	FALSE
none_1h__mock_none_wt	WT	none	ActD	mock	mock	1h	1	GAPDH	2024-09-28	rep1	18.7127605782529	2.327543386324	FALSE
none_1h__mock_none_wt	WT	none	ActD	mock	mock	1h	1	YTHDF2	2024-09-28	rep1	23.0599174123167	0.114412064364354	FALSE
none_1h__mock_none_wt	WT	none	ActD	mock	mock	1h	1	MYC	2024-09-28	rep1	29.3905748736381	0.00142087336489131	FALSE
none_1h__mock_none_wt	WT	none	ActD	mock	mock	1h	1	TDH1	2024-09-28	rep2	21.8867647745611	0.257885759371794	FALSE
none_1h__mock_none_wt	WT	none	ActD	mock	mock	1h	1	GAPDH	2024-09-28	rep2	19.3488391265972	1.49787330314827	FALSE
none_1h__mock_none_wt	WT	none	ActD	mock	mock	1h	1	YTHDF2	2024-09-28	rep2	23.4901011296169	0.0848741017843114	FALSE
none_1h__mock_none_wt	WT	none	ActD	mock	mock	1h	1	MYC	2024-09-28	rep2	29.1074158652682	0.00172899894504887	FALSE
none_1h__mock_none_wt	WT	none	ActD	mock	mock	1h	1	TDH1	2024-09-28	rep3	21.6230805109985	0.309611121609011	FALSE
none_1h__mock_none_wt	WT	none	ActD	mock	mock	1h	1	GAPDH	2024-09-28	rep3	18.9096942873208	2.0308680752227	FALSE
none_1h__mock_none_wt	WT	none	ActD	mock	mock	1h	1	YTHDF2	2024-09-28	rep3	23.2777675930926	0.0983421831771201	FALSE
none_1h__mock_none_wt	WT	none	ActD	mock	mock	1h	1	MYC	2024-09-28	rep3	29.3278128479095	0.00148405031540255	FALSE
none_2h__mock_none_wt	WT	none	ActD	mock	mock	2h	2	TDH1	2024-09-28	rep1	21.3200064852084	0.381978179231598	FALSE
none_2h__mock_none_wt	WT	none	ActD	mock	mock	2h	2	GAPDH	2024-09-28	rep1	18.3762810428874	2.93911327320474	FALSE
none_2h__mock_none_wt	WT	none	ActD	mock	mock	2h	2	YTHDF2	2024-09-28	rep1	23.735666444492	0.0715913411619403	FALSE
none_2h__mock_none_wt	WT	none	ActD	mock	mock	2h	2	MYC	2024-09-28	rep1	29.7440359732238	0.0011121234030452	FALSE
none_2h__mock_none_wt	WT	none	ActD	mock	mock	2h	2	TDH1	2024-09-28	rep2	21.1488758128546	0.430096445764262	FALSE
none_2h__mock_none_wt	WT	none	ActD	mock	mock	2h	2	GAPDH	2024-09-28	rep2	18.6709775803761	2.39626593085766	FALSE
none_2h__mock_none_wt	WT	none	ActD	mock	mock	2h	2	YTHDF2	2024-09-28	rep2	23.5570767010053	0.0810473283839427	FALSE
none_2h__mock_none_wt	WT	none	ActD	mock	mock	2h	2	MYC	2024-09-28	rep2	30.4963834417555	0.000660197422968221	FALSE
none_2h__mock_none_wt	WT	none	ActD	mock	mock	2h	2	TDH1	2024-09-28	rep3	20.984443047918	0.482017705003475	FALSE
none_2h__mock_none_wt	WT	none	ActD	mock	mock	2h	2	GAPDH	2024-09-28	rep3	18.1175978628741	3.51623682743576	FALSE
none_2h__mock_none_wt	WT	none	ActD	mock	mock	2h	2	YTHDF2	2024-09-28	rep3	23.6392238596817	0.0765435424026067	FALSE
none_2h__mock_none_wt	WT	none	ActD	mock	mock	2h	2	MYC	2024-09-28	rep3	31.0331281304789	0.00045509029432641	FALSE
none_4h__mock_none_wt	WT	none	ActD	mock	mock	4h	4	TDH1	2024-09-28	rep1	20.6697194003102	0.599522898817436	FALSE
none_4h__mock_none_wt	WT	none	ActD	mock	mock	4h	4	GAPDH	2024-09-28	rep1	17.9957530482564	3.82636602841798	FALSE
none_4h__mock_none_wt	WT	none	ActD	mock	mock	4h	4	YTHDF2	2024-09-28	rep1	25.0072871317594	0.029683342245788	FALSE
none_4h__mock_none_wt	WT	none	ActD	mock	mock	4h	4	MYC	2024-09-28	rep1	32.1609612543828	0.000208250461755011	FALSE
none_4h__mock_none_wt	WT	none	ActD	mock	mock	4h	4	TDH1	2024-09-28	rep2	20.8299731929976	0.536489374443164	FALSE
none_4h__mock_none_wt	WT	none	ActD	mock	mock	4h	4	GAPDH	2024-09-28	rep2	18.0264322412698	3.74544772461352	FALSE
none_4h__mock_none_wt	WT	none	ActD	mock	mock	4h	4	YTHDF2	2024-09-28	rep2	26.1742759318014	0.0132062184728763	FALSE
none_4h__mock_none_wt	WT	none	ActD	mock	mock	4h	4	MYC	2024-09-28	rep2	33.2612450463638	9.71331667532131e-05	FALSE
none_4h__mock_none_wt	WT	none	ActD	mock	mock	4h	4	TDH1	2024-09-28	rep3	21.0855085144581	0.449408456552309	FALSE
none_4h__mock_none_wt	WT	none	ActD	mock	mock	4h	4	GAPDH	2024-09-28	rep3	18.4650190829666	2.7636016995804	FALSE
none_4h__mock_none_wt	WT	none	ActD	mock	mock	4h	4	YTHDF2	2024-09-28	rep3	25.7887307563323	0.0172631357443048	FALSE
none_4h__mock_none_wt	WT	none	ActD	mock	mock	4h	4	MYC	2024-09-28	rep3	33.5344305456764	8.03767641663664e-05	FALSE
none_0h__STM_none_wt	WT	none	ActD	STM	mock	0h	0	TDH1	2024-09-28	rep1	20.9603432611654	0.490139379414261	FALSE
none_0h__STM_none_wt	WT	none	ActD	STM	mock	0h	0	GAPDH	2024-09-28	rep1	18.3273653546329	3.04180623748869	FALSE
none_0h__STM_none_wt	WT	none	ActD	STM	mock	0h	0	YTHDF2	2024-09-28	rep1	20.4720824413329	0.687526682136841	FALSE
none_0h__STM_none_wt	WT	none	ActD	STM	mock	0h	0	MYC	2024-09-28	rep1	26.3103301760529	0.0120171483133464	FALSE
none_0h__STM_none_wt	WT	none	ActD	STM	mock	0h	0	TDH1	2024-09-28	rep2	20.8665549737533	0.523047471122565	FALSE
none_0h__STM_none_wt	WT	none	ActD	STM	mock	0h	0	GAPDH	2024-09-28	rep2	18.3670774318708	2.96040501513722	FALSE
none_0h__STM_none_wt	WT	none	ActD	STM	mock	0h	0	YTHDF2	2024-09-28	rep2	20.4075692336875	0.718975018657162	FALSE
none_0h__STM_none_wt	WT	none	ActD	STM	mock	0h	0	MYC	2024-09-28	rep2	26.1993871195603	0.0129777262504795	FALSE
none_0h__STM_none_wt	WT	none	ActD	STM	mock	0h	0	TDH1	2024-09-28	rep3	20.822826998431	0.539156853152125	FALSE
none_0h__STM_none_wt	WT	none	ActD	STM	mock	0h	0	GAPDH	2024-09-28	rep3	18.2782073081643	3.14593339980919	FALSE
none_0h__STM_none_wt	WT	none	ActD	STM	mock	0h	0	YTHDF2	2024-09-28	rep3	20.4464810154547	0.701388820607375	FALSE
none_0h__STM_none_wt	WT	none	ActD	STM	mock	0h	0	MYC	2024-09-28	rep3	26.3644379492163	0.0115747963446116	FALSE
none_1h__STM_none_wt	WT	none	ActD	STM	mock	1h	1	TDH1	2024-09-28	rep1	20.6018788808826	0.628387782689876	FALSE
none_1h__STM_none_wt	WT	none	ActD	STM	mock	1h	1	GAPDH	2024-09-28	rep1	18.0953559238762	3.57161067308348	FALSE
none_1h__STM_none_wt	WT	none	ActD	STM	mock	1h	1	YTHDF2	2024-09-28	rep1	20.3713304830124	0.737620251271141	FALSE
none_1h__STM_none_wt	WT	none	ActD	STM	mock	1h	1	MYC	2024-09-28	rep1	26.8789906663563	0.00810247232377805	FALSE
none_1h__STM_none_wt	WT	none	ActD	STM	mock	1h	1	TDH1	2024-09-28	rep2	20.9796888795418	0.483610817456818	FALSE
none_1h__STM_none_wt	WT	none	ActD	STM	mock	1h	1	GAPDH	2024-09-28	rep2	18.3833962850543	2.94481568428801	FALSE
none_1h__STM_none_wt	WT	none	ActD	STM	mock	1h	1	YTHDF2	2024-09-28	rep2	20.405909070731	0.719799552905078	FALSE
none_1h__STM_none_wt	WT	none	ActD	STM	mock	1h	1	MYC	2024-09-28	rep2	26.9100494623203	0.00792990395054757	FALSE
none_1h__STM_none_wt	WT	none	ActD	STM	mock	1h	1	TDH1	2024-09-28	rep3	20.7961261657243	0.549214873527174	FALSE
none_1h__STM_none_wt	WT	none	ActD	STM	mock	1h	1	GAPDH	2024-09-28	rep3	18.4526187202662	2.78819485894602	FALSE
none_1h__STM_none_wt	WT	none	ActD	STM	mock	1h	1	YTHDF2	2024-09-28	rep3	20.6604489313581	0.603397628116192	FALSE
none_1h__STM_none_wt	WT	none	ActD	STM	mock	1h	1	MYC	2024-09-28	rep3	27.7284312777167	0.00449687124220274	FALSE
none_2h__STM_none_wt	WT	none	ActD	STM	mock	2h	2	TDH1	2024-09-28	rep1	20.7294821661587	0.57519546865616	FALSE
none_2h__STM_none_wt	WT	none	ActD	STM	mock	2h	2	GAPDH	2024-09-28	rep1	18.2538232620323	3.20083811393037	FALSE
none_2h__STM_none_wt	WT	none	ActD	STM	mock	2h	2	YTHDF2	2024-09-28	rep1	20.6269419849643	0.61776199525959	FALSE
none_2h__STM_none_wt	WT	none	ActD	STM	mock	2h	2	MYC	2024-09-28	rep1	28.2133451415327	0.00321319316428052	FALSE
none_2h__STM_none_wt	WT	none	ActD	STM	mock	2h	2	TDH1	2024-09-28	rep2	20.9852138732467	0.48175848938387	FALSE
none_2h__STM_none_wt	WT	none	ActD	STM	mock	2h	2	GAPDH	2024-09-28	rep2	18.5596792088171	2.59560867636687	FALSE
none_2h__STM_none_wt	WT	none	ActD	STM	mock	2h	2	YTHDF2	2024-09-28	rep2	20.8819028121522	0.518690286544047	FALSE
none_2h__STM_none_wt	WT	none	ActD	STM	mock	2h	2	MYC	2024-09-28	rep2	28.0769140617937	0.00353188603637876	FALSE
none_2h__STM_none_wt	WT	none	ActD	STM	mock	2h	2	TDH1	2024-09-28	rep3	20.5449592121759	0.653672862896386	FALSE
none_2h__STM_none_wt	WT	none	ActD	STM	mock	2h	2	GAPDH	2024-09-28	rep3	18.0707100517957	3.63225815298944	FALSE
none_2h__STM_none_wt	WT	none	ActD	STM	mock	2h	2	YTHDF2	2024-09-28	rep3	20.4320077407469	0.707310805408547	FALSE
none_2h__STM_none_wt	WT	none	ActD	STM	mock	2h	2	MYC	2024-09-28	rep3	27.4742045661563	0.00536340161678791	FALSE
none_4h__STM_none_wt	WT	none	ActD	STM	mock	4h	4	TDH1	2024-09-28	rep1	21.8164472450517	0.27076701454399	FALSE
none_4h__STM_none_wt	WT	none	ActD	STM	mock	4h	4	GAPDH	2024-09-28	rep1	19.1791939774941	1.68469456947888	FALSE
none_4h__STM_none_wt	WT	none	ActD	STM	mock	4h	4	YTHDF2	2024-09-28	rep1	21.9858521084228	0.240813487689817	FALSE
none_4h__STM_none_wt	WT	none	ActD	STM	mock	4h	4	MYC	2024-09-28	rep1	30.5936662118205	0.000617147242594258	FALSE
none_4h__STM_none_wt	WT	none	ActD	STM	mock	4h	4	TDH1	2024-09-28	rep2	21.0750953062681	0.452663958221643	FALSE
none_4h__STM_none_wt	WT	none	ActD	STM	mock	4h	4	GAPDH	2024-09-28	rep2	18.5525963280439	2.60564417500189	FALSE
none_4h__STM_none_wt	WT	none	ActD	STM	mock	4h	4	YTHDF2	2024-09-28	rep2	21.1852708509411	0.419499459296754	FALSE
none_4h__STM_none_wt	WT	none	ActD	STM	mock	4h	4	MYC	2024-09-28	rep2	30.1194866161645	0.000857296547090955	FALSE
none_4h__STM_none_wt	WT	none	ActD	STM	mock	4h	4	TDH1	2024-09-28	rep3	21.2830024547457	0.391913017951422	FALSE
none_4h__STM_none_wt	WT	none	ActD	STM	mock	4h	4	GAPDH	2024-09-28	rep3	18.558483894083	2.59140809710928	FALSE
none_4h__STM_none_wt	WT	none	ActD	STM	mock	4h	4	YTHDF2	2024-09-28	rep3	21.2999933761141	0.387585364570201	FALSE
none_4h__STM_none_wt	WT	none	ActD	STM	mock	4h	4	MYC	2024-09-28	rep3	29.7151650343276	0.00113460318552835	FALSE
none_0h__mock_none_ELP1KO	ELP1 KO	none	ActD	mock	mock	0h	0	TDH1	2024-09-28	rep1	22.0090162339208	0.236933280041825	FALSE
none_0h__mock_none_ELP1KO	ELP1 KO	none	ActD	mock	mock	0h	0	GAPDH	2024-09-28	rep1	19.5900197220153	1.26797889532181	FALSE
none_0h__mock_none_ELP1KO	ELP1 KO	none	ActD	mock	mock	0h	0	YTHDF2	2024-09-28	rep1	21.9435024788897	0.247951177763676	FALSE
none_0h__mock_none_ELP1KO	ELP1 KO	none	ActD	mock	mock	0h	0	MYC	2024-09-28	rep1	27.1446868768931	0.00673961405250739	FALSE
none_0h__mock_none_ELP1KO	ELP1 KO	none	ActD	mock	mock	0h	0	TDH1	2024-09-28	rep2	21.0942869115582	0.44668224404065	FALSE
none_0h__mock_none_ELP1KO	ELP1 KO	none	ActD	mock	mock	0h	0	GAPDH	2024-09-28	rep2	18.8192403327599	2.16926130685242	FALSE
none_0h__mock_none_ELP1KO	ELP1 KO	none	ActD	mock	mock	0h	0	YTHDF2	2024-09-28	rep2	21.0333634568192	0.466636160454927	FALSE
none_0h__mock_none_ELP1KO	ELP1 KO	none	ActD	mock	mock	0h	0	MYC	2024-09-28	rep2	26.3092371444814	0.0120262563363057	FALSE
none_0h__mock_none_ELP1KO	ELP1 KO	none	ActD	mock	mock	0h	0	TDH1	2024-09-28	rep3	21.3231273458143	0.381152813723216	FALSE
none_0h__mock_none_ELP1KO	ELP1 KO	none	ActD	mock	mock	0h	0	GAPDH	2024-09-28	rep3	18.9619814695204	1.96019306818031	FALSE
none_0h__mock_none_ELP1KO	ELP1 KO	none	ActD	mock	mock	0h	0	YTHDF2	2024-09-28	rep3	21.3759339192826	0.367556126538793	FALSE
none_0h__mock_none_ELP1KO	ELP1 KO	none	ActD	mock	mock	0h	0	MYC	2024-09-28	rep3	26.9220249936117	0.00786435180245571	FALSE
none_1h__mock_none_ELP1KO	ELP1 KO	none	ActD	mock	mock	1h	1	TDH1	2024-09-28	rep1	21.377198102481	0.367142155196905	FALSE
none_1h__mock_none_ELP1KO	ELP1 KO	none	ActD	mock	mock	1h	1	GAPDH	2024-09-28	rep1	18.9664623829621	1.95639292141773	FALSE
none_1h__mock_none_ELP1KO	ELP1 KO	none	ActD	mock	mock	1h	1	YTHDF2	2024-09-28	rep1	22.0260192387609	0.234201467810889	FALSE
none_1h__mock_none_ELP1KO	ELP1 KO	none	ActD	mock	mock	1h	1	MYC	2024-09-28	rep1	28.3070131000489	0.0030112025479736	FALSE
none_1h__mock_none_ELP1KO	ELP1 KO	none	ActD	mock	mock	1h	1	TDH1	2024-09-28	rep2	20.9762128268615	0.484777437719132	FALSE
none_1h__mock_none_ELP1KO	ELP1 KO	none	ActD	mock	mock	1h	1	GAPDH	2024-09-28	rep2	18.3263963066471	3.042321281691	FALSE
none_1h__mock_none_ELP1KO	ELP1 KO	none	ActD	mock	mock	1h	1	YTHDF2	2024-09-28	rep2	21.6301206304189	0.308096383663549	FALSE
none_1h__mock_none_ELP1KO	ELP1 KO	none	ActD	mock	mock	1h	1	MYC	2024-09-28	rep2	27.8119679487066	0.00424388306551242	FALSE
none_1h__mock_none_ELP1KO	ELP1 KO	none	ActD	mock	mock	1h	1	TDH1	2024-09-28	rep3	21.1691914668462	0.4240714305703	FALSE
none_1h__mock_none_ELP1KO	ELP1 KO	none	ActD	mock	mock	1h	1	GAPDH	2024-09-28	rep3	18.4200032413688	2.85120367004768	FALSE
none_1h__mock_none_ELP1KO	ELP1 KO	none	ActD	mock	mock	1h	1	YTHDF2	2024-09-28	rep3	21.7391950109416	0.286440401507135	FALSE
none_1h__mock_none_ELP1KO	ELP1 KO	none	ActD	mock	mock	1h	1	MYC	2024-09-28	rep3	28.1555013511835	0.00334464131662394	FALSE
none_2h__mock_none_ELP1KO	ELP1 KO	none	ActD	mock	mock	2h	2	TDH1	2024-09-28	rep1	21.3661332766573	0.369968786361229	FALSE
none_2h__mock_none_ELP1KO	ELP1 KO	none	ActD	mock	mock	2h	2	GAPDH	2024-09-28	rep1	18.8386064651212	2.13846846605655	FALSE
none_2h__mock_none_ELP1KO	ELP1 KO	none	ActD	mock	mock	2h	2	YTHDF2	2024-09-28	rep1	22.4700770547608	0.172316998662948	FALSE
none_2h__mock_none_ELP1KO	ELP1 KO	none	ActD	mock	mock	2h	2	MYC	2024-09-28	rep1	29.7887579525633	0.00107817764451929	FALSE
none_2h__mock_none_ELP1KO	ELP1 KO	none	ActD	mock	mock	2h	2	TDH1	2024-09-28	rep2	21.0688232766856	0.454630914735505	FALSE
none_2h__mock_none_ELP1KO	ELP1 KO	none	ActD	mock	mock	2h	2	GAPDH	2024-09-28	rep2	18.4609113894583	2.7719433342978	FALSE
none_2h__mock_none_ELP1KO	ELP1 KO	none	ActD	mock	mock	2h	2	YTHDF2	2024-09-28	rep2	22.1110550132334	0.220754339906161	FALSE
none_2h__mock_none_ELP1KO	ELP1 KO	none	ActD	mock	mock	2h	2	MYC	2024-09-28	rep2	29.4631864502951	0.00135112991791229	FALSE
none_2h__mock_none_ELP1KO	ELP1 KO	none	ActD	mock	mock	2h	2	TDH1	2024-09-28	rep3	22.2582480622722	0.199348423624268	FALSE
none_2h__mock_none_ELP1KO	ELP1 KO	none	ActD	mock	mock	2h	2	GAPDH	2024-09-28	rep3	19.6894055243744	1.18351171870881	FALSE
none_2h__mock_none_ELP1KO	ELP1 KO	none	ActD	mock	mock	2h	2	YTHDF2	2024-09-28	rep3	23.4661430805143	0.086297192808103	FALSE
none_2h__mock_none_ELP1KO	ELP1 KO	none	ActD	mock	mock	2h	2	MYC	2024-09-28	rep3	30.5539854106261	0.0006343572450141	FALSE
none_4h__mock_none_ELP1KO	ELP1 KO	none	ActD	mock	mock	4h	4	TDH1	2024-09-28	rep1	21.9313004903167	0.250047324225808	FALSE
none_4h__mock_none_ELP1KO	ELP1 KO	none	ActD	mock	mock	4h	4	GAPDH	2024-09-28	rep1	19.309863029422	1.53869678903115	FALSE
none_4h__mock_none_ELP1KO	ELP1 KO	none	ActD	mock	mock	4h	4	YTHDF2	2024-09-28	rep1	24.1503500840571	0.053708722310568	FALSE
none_4h__mock_none_ELP1KO	ELP1 KO	none	ActD	mock	mock	4h	4	MYC	2024-09-28	rep1	31.7419047426173	0.000278441877159858	FALSE
none_4h__mock_none_ELP1KO	ELP1 KO	none	ActD	mock	mock	4h	4	TDH1	2024-09-28	rep2	21.8409983475068	0.266205484135188	FALSE
none_4h__mock_none_ELP1KO	ELP1 KO	none	ActD	mock	mock	4h	4	GAPDH	2024-09-28	rep2	19.0619356694683	1.82735248580194	FALSE
none_4h__mock_none_ELP1KO	ELP1 KO	none	ActD	mock	mock	4h	4	YTHDF2	2024-09-28	rep2	24.2488491798532	0.0501618571633728	FALSE
none_4h__mock_none_ELP1KO	ELP1 KO	none	ActD	mock	mock	4h	4	MYC	2024-09-28	rep2	32.6330800210129	0.000150128817123208	FALSE
none_4h__mock_none_ELP1KO	ELP1 KO	none	ActD	mock	mock	4h	4	TDH1	2024-09-28	rep3	21.2753249278157	0.393994045090321	FALSE
none_4h__mock_none_ELP1KO	ELP1 KO	none	ActD	mock	mock	4h	4	GAPDH	2024-09-28	rep3	18.6327145191568	2.46193220300041	FALSE
none_4h__mock_none_ELP1KO	ELP1 KO	none	ActD	mock	mock	4h	4	YTHDF2	2024-09-28	rep3	24.3646188066223	0.0462935828565322	FALSE
none_4h__mock_none_ELP1KO	ELP1 KO	none	ActD	mock	mock	4h	4	MYC	2024-09-28	rep3	32.9289525154942	0.000122291864670141	FALSE
none_0h__STM_none_ELP1KO	ELP1 KO	none	ActD	STM	mock	0h	0	TDH1	2024-09-28	rep1	23.5076744934157	0.0838493088698066	FALSE
none_0h__STM_none_ELP1KO	ELP1 KO	none	ActD	STM	mock	0h	0	GAPDH	2024-09-28	rep1	21.2160963160703	0.410505897890143	FALSE
none_0h__STM_none_ELP1KO	ELP1 KO	none	ActD	STM	mock	0h	0	YTHDF2	2024-09-28	rep1	22.6625506516303	0.150665273460337	FALSE
none_0h__STM_none_ELP1KO	ELP1 KO	none	ActD	STM	mock	0h	0	MYC	2024-09-28	rep1	29.198375028475	0.00162335421050932	FALSE
none_0h__STM_none_ELP1KO	ELP1 KO	none	ActD	STM	mock	0h	0	TDH1	2024-09-28	rep2	21.0030475884161	0.475839962912263	FALSE
none_0h__STM_none_ELP1KO	ELP1 KO	none	ActD	STM	mock	0h	0	GAPDH	2024-09-28	rep2	18.7415862556083	2.28199717379615	FALSE
none_0h__STM_none_ELP1KO	ELP1 KO	none	ActD	STM	mock	0h	0	YTHDF2	2024-09-28	rep2	20.0225956550565	0.939113372275713	FALSE
none_0h__STM_none_ELP1KO	ELP1 KO	none	ActD	STM	mock	0h	0	MYC	2024-09-28	rep2	26.856896892987	0.00822751049128653	FALSE
none_0h__STM_none_ELP1KO	ELP1 KO	none	ActD	STM	mock	0h	0	TDH1	2024-09-28	rep3	20.9631434161678	0.489188984437457	FALSE
none_0h__STM_none_ELP1KO	ELP1 KO	none	ActD	STM	mock	0h	0	GAPDH	2024-09-28	rep3	18.7675680955601	2.24669863243844	FALSE
none_0h__STM_none_ELP1KO	ELP1 KO	none	ActD	STM	mock	0h	0	YTHDF2	2024-09-28	rep3	20.1305100391366	0.872711778371432	FALSE
none_0h__STM_none_ELP1KO	ELP1 KO	none	ActD	STM	mock	0h	0	MYC	2024-09-28	rep3	26.7162821096004	0.00906980004050128	FALSE
none_1h__STM_none_ELP1KO	ELP1 KO	none	ActD	STM	mock	1h	1	TDH1	2024-09-28	rep1	20.6534154847638	0.606336518055803	FALSE
none_1h__STM_none_ELP1KO	ELP1 KO	none	ActD	STM	mock	1h	1	GAPDH	2024-09-28	rep1	18.4162876000074	2.85863197413836	FALSE
none_1h__STM_none_ELP1KO	ELP1 KO	none	ActD	STM	mock	1h	1	YTHDF2	2024-09-28	rep1	19.6242180873969	1.23753791256359	FALSE
none_1h__STM_none_ELP1KO	ELP1 KO	none	ActD	STM	mock	1h	1	MYC	2024-09-28	rep1	26.0555076070128	0.0143387290435585	FALSE
none_1h__STM_none_ELP1KO	ELP1 KO	none	ActD	STM	mock	1h	1	TDH1	2024-09-28	rep2	20.836761137936	0.533961445254293	FALSE
none_1h__STM_none_ELP1KO	ELP1 KO	none	ActD	STM	mock	1h	1	GAPDH	2024-09-28	rep2	18.3758656002421	2.93995236507196	FALSE
none_1h__STM_none_ELP1KO	ELP1 KO	none	ActD	STM	mock	1h	1	YTHDF2	2024-09-28	rep2	19.9832022995978	0.96493092480496	FALSE
none_1h__STM_none_ELP1KO	ELP1 KO	none	ActD	STM	mock	1h	1	MYC	2024-09-28	rep2	26.4943849615545	0.01057780142669	FALSE
none_1h__STM_none_ELP1KO	ELP1 KO	none	ActD	STM	mock	1h	1	TDH1	2024-09-28	rep3	21.1363704939926	0.433840723532417	FALSE
none_1h__STM_none_ELP1KO	ELP1 KO	none	ActD	STM	mock	1h	1	GAPDH	2024-09-28	rep3	18.9696150904692	1.94817623080322	FALSE
none_1h__STM_none_ELP1KO	ELP1 KO	none	ActD	STM	mock	1h	1	YTHDF2	2024-09-28	rep3	20.1892324523909	0.838270225712125	FALSE
none_1h__STM_none_ELP1KO	ELP1 KO	none	ActD	STM	mock	1h	1	MYC	2024-09-28	rep3	27.1624433463133	0.00665717229678335	FALSE
none_2h__STM_none_ELP1KO	ELP1 KO	none	ActD	STM	mock	2h	2	TDH1	2024-09-28	rep1	21.5911366343293	0.316533949599447	FALSE
none_2h__STM_none_ELP1KO	ELP1 KO	none	ActD	STM	mock	2h	2	GAPDH	2024-09-28	rep1	19.2911347103554	1.55881393192813	FALSE
none_2h__STM_none_ELP1KO	ELP1 KO	none	ActD	STM	mock	2h	2	YTHDF2	2024-09-28	rep1	20.5652308043155	0.645201981628329	FALSE
none_2h__STM_none_ELP1KO	ELP1 KO	none	ActD	STM	mock	2h	2	MYC	2024-09-28	rep1	28.1858267877372	0.00327507073483015	FALSE
none_2h__STM_none_ELP1KO	ELP1 KO	none	ActD	STM	mock	2h	2	TDH1	2024-09-28	rep2	21.2189404259966	0.409702541400542	FALSE
none_2h__STM_none_ELP1KO	ELP1 KO	none	ActD	STM	mock	2h	2	GAPDH	2024-09-28	rep2	18.9488628303338	1.9765748218757	FALSE
none_2h__STM_none_ELP1KO	ELP1 KO	none	ActD	STM	mock	2h	2	YTHDF2	2024-09-28	rep2	20.4432271783379	0.701428069130416	FALSE
none_2h__STM_none_ELP1KO	ELP1 KO	none	ActD	STM	mock	2h	2	MYC	2024-09-28	rep2	27.5637487916491	0.00504063001048859	FALSE
none_2h__STM_none_ELP1KO	ELP1 KO	none	ActD	STM	mock	2h	2	TDH1	2024-09-28	rep3	21.3805200780826	0.366294725345622	FALSE
none_2h__STM_none_ELP1KO	ELP1 KO	none	ActD	STM	mock	2h	2	GAPDH	2024-09-28	rep3	19.0947835091639	1.78663000723537	FALSE
none_2h__STM_none_ELP1KO	ELP1 KO	none	ActD	STM	mock	2h	2	YTHDF2	2024-09-28	rep3	20.3537468792592	0.746593596634843	FALSE
none_2h__STM_none_ELP1KO	ELP1 KO	none	ActD	STM	mock	2h	2	MYC	2024-09-28	rep3	27.9230771579539	0.00392930919215527	FALSE
none_4h__STM_none_ELP1KO	ELP1 KO	none	ActD	STM	mock	4h	4	TDH1	2024-09-28	rep1	20.7692059705507	0.559573891495631	FALSE
none_4h__STM_none_ELP1KO	ELP1 KO	none	ActD	STM	mock	4h	4	GAPDH	2024-09-28	rep1	18.2582876415545	3.18989362140911	FALSE
none_4h__STM_none_ELP1KO	ELP1 KO	none	ActD	STM	mock	4h	4	YTHDF2	2024-09-28	rep1	20.7373095307328	0.572313769276725	FALSE
none_4h__STM_none_ELP1KO	ELP1 KO	none	ActD	STM	mock	4h	4	MYC	2024-09-28	rep1	28.7738312055839	0.00217878169022779	FALSE
none_4h__STM_none_ELP1KO	ELP1 KO	none	ActD	STM	mock	4h	4	TDH1	2024-09-28	rep2	21.508092981622	0.335288729289467	FALSE
none_4h__STM_none_ELP1KO	ELP1 KO	none	ActD	STM	mock	4h	4	GAPDH	2024-09-28	rep2	19.0264110289185	1.87277667467481	FALSE
none_4h__STM_none_ELP1KO	ELP1 KO	none	ActD	STM	mock	4h	4	YTHDF2	2024-09-28	rep2	21.2804938886136	0.392843573101704	FALSE
none_4h__STM_none_ELP1KO	ELP1 KO	none	ActD	STM	mock	4h	4	MYC	2024-09-28	rep2	30.1611695780927	0.000832881571076935	FALSE
none_4h__STM_none_ELP1KO	ELP1 KO	none	ActD	STM	mock	4h	4	TDH1	2024-09-28	rep3	21.0745046747509	0.452837110220077	FALSE
none_4h__STM_none_ELP1KO	ELP1 KO	none	ActD	STM	mock	4h	4	GAPDH	2024-09-28	rep3	18.5205142226914	2.65934013449704	FALSE
none_4h__STM_none_ELP1KO	ELP1 KO	none	ActD	STM	mock	4h	4	YTHDF2	2024-09-28	rep3	21.1288538844761	0.436162944463963	FALSE
none_4h__STM_none_ELP1KO	ELP1 KO	none	ActD	STM	mock	4h	4	MYC	2024-09-28	rep3	29.6043572444042	0.00122518160341922	FALSE
none_0h__mock_none_CTU2KO	CTU2 KO	none	ActD	mock	mock	0h	0	TDH1	2024-09-28	rep1	21.5824600218548	0.318444048900277	FALSE
none_0h__mock_none_CTU2KO	CTU2 KO	none	ActD	mock	mock	0h	0	GAPDH	2024-09-28	rep1	18.799763623411	2.19186794116007	FALSE
none_0h__mock_none_CTU2KO	CTU2 KO	none	ActD	mock	mock	0h	0	YTHDF2	2024-09-28	rep1	21.2269313904253	0.40758212996205	FALSE
none_0h__mock_none_CTU2KO	CTU2 KO	none	ActD	mock	mock	0h	0	MYC	2024-09-28	rep1	26.984012081075	0.007533606987719	FALSE
none_0h__mock_none_CTU2KO	CTU2 KO	none	ActD	mock	mock	0h	0	TDH1	2024-09-28	rep2	21.0891269348569	0.448282712653158	FALSE
none_0h__mock_none_CTU2KO	CTU2 KO	none	ActD	mock	mock	0h	0	GAPDH	2024-09-28	rep2	18.479623392581	2.73578930371363	FALSE
none_0h__mock_none_CTU2KO	CTU2 KO	none	ActD	mock	mock	0h	0	YTHDF2	2024-09-28	rep2	20.8723190073615	0.520965170607201	FALSE
none_0h__mock_none_CTU2KO	CTU2 KO	none	ActD	mock	mock	0h	0	MYC	2024-09-28	rep2	26.437571392314	0.0110026677432877	FALSE
none_0h__mock_none_CTU2KO	CTU2 KO	none	ActD	mock	mock	0h	0	TDH1	2024-09-28	rep3	21.6990998374123	0.293719339158181	FALSE
none_0h__mock_none_CTU2KO	CTU2 KO	none	ActD	mock	mock	0h	0	GAPDH	2024-09-28	rep3	19.0152838164529	1.8872792942157	FALSE
none_0h__mock_none_CTU2KO	CTU2 KO	none	ActD	mock	mock	0h	0	YTHDF2	2024-09-28	rep3	21.1525533192234	0.429014983858085	FALSE
none_0h__mock_none_CTU2KO	CTU2 KO	none	ActD	mock	mock	0h	0	MYC	2024-09-28	rep3	26.9322527710175	0.00780879578097865	FALSE
none_1h__mock_none_CTU2KO	CTU2 KO	none	ActD	mock	mock	1h	1	TDH1	2024-09-28	rep1	21.5740604044244	0.320303889559811	FALSE
none_1h__mock_none_CTU2KO	CTU2 KO	none	ActD	mock	mock	1h	1	GAPDH	2024-09-28	rep1	19.0483662418191	1.84459973072962	FALSE
none_1h__mock_none_CTU2KO	CTU2 KO	none	ActD	mock	mock	1h	1	YTHDF2	2024-09-28	rep1	22.1505483459004	0.214973689520076	FALSE
none_1h__mock_none_CTU2KO	CTU2 KO	none	ActD	mock	mock	1h	1	MYC	2024-09-28	rep1	28.351825450106	0.00291910762728234	FALSE
none_1h__mock_none_CTU2KO	CTU2 KO	none	ActD	mock	mock	1h	1	TDH1	2024-09-28	rep2	21.2441293149928	0.402616713341848	FALSE
none_1h__mock_none_CTU2KO	CTU2 KO	none	ActD	mock	mock	1h	1	GAPDH	2024-09-28	rep2	18.6097463915732	2.50006732605879	FALSE
none_1h__mock_none_CTU2KO	CTU2 KO	none	ActD	mock	mock	1h	1	YTHDF2	2024-09-28	rep2	21.6243453775774	0.309344216228677	FALSE
none_1h__mock_none_CTU2KO	CTU2 KO	none	ActD	mock	mock	1h	1	MYC	2024-09-28	rep2	27.8373559767049	0.0041698540176906	FALSE
none_1h__mock_none_CTU2KO	CTU2 KO	none	ActD	mock	mock	1h	1	TDH1	2024-09-28	rep3	20.9284055175117	0.501119655464636	FALSE
none_1h__mock_none_CTU2KO	CTU2 KO	none	ActD	mock	mock	1h	1	GAPDH	2024-09-28	rep3	18.3922962109678	2.91110502725225	FALSE
none_1h__mock_none_CTU2KO	CTU2 KO	none	ActD	mock	mock	1h	1	YTHDF2	2024-09-28	rep3	21.356507140268	0.37243788859911	FALSE
none_1h__mock_none_CTU2KO	CTU2 KO	none	ActD	mock	mock	1h	1	MYC	2024-09-28	rep3	28.2301753505263	0.00317592645304875	FALSE
none_2h__mock_none_CTU2KO	CTU2 KO	none	ActD	mock	mock	2h	2	TDH1	2024-09-28	rep1	20.9910447554068	0.479819131168581	FALSE
none_2h__mock_none_CTU2KO	CTU2 KO	none	ActD	mock	mock	2h	2	GAPDH	2024-09-28	rep1	18.5879519417654	2.53895183937742	FALSE
none_2h__mock_none_CTU2KO	CTU2 KO	none	ActD	mock	mock	2h	2	YTHDF2	2024-09-28	rep1	22.1940311906122	0.208416194078059	FALSE
none_2h__mock_none_CTU2KO	CTU2 KO	none	ActD	mock	mock	2h	2	MYC	2024-09-28	rep1	29.5942173034132	0.00123382309005981	FALSE
none_2h__mock_none_CTU2KO	CTU2 KO	none	ActD	mock	mock	2h	2	TDH1	2024-09-28	rep2	20.3176407122526	0.76522938614764	FALSE
none_2h__mock_none_CTU2KO	CTU2 KO	none	ActD	mock	mock	2h	2	GAPDH	2024-09-28	rep2	17.8535087890596	4.22325084899114	FALSE
none_2h__mock_none_CTU2KO	CTU2 KO	none	ActD	mock	mock	2h	2	YTHDF2	2024-09-28	rep2	21.5958276038073	0.315667395200559	FALSE
none_2h__mock_none_CTU2KO	CTU2 KO	none	ActD	mock	mock	2h	2	MYC	2024-09-28	rep2	29.122868666869	0.00171057835167982	FALSE
none_2h__mock_none_CTU2KO	CTU2 KO	none	ActD	mock	mock	2h	2	TDH1	2024-09-28	rep3	20.7281957394272	0.575708587576692	FALSE
none_2h__mock_none_CTU2KO	CTU2 KO	none	ActD	mock	mock	2h	2	GAPDH	2024-09-28	rep3	18.2737817432308	3.15593675205044	FALSE
none_2h__mock_none_CTU2KO	CTU2 KO	none	ActD	mock	mock	2h	2	YTHDF2	2024-09-28	rep3	21.6852740083506	0.296544023600467	FALSE
none_2h__mock_none_CTU2KO	CTU2 KO	none	ActD	mock	mock	2h	2	MYC	2024-09-28	rep3	29.1241592573202	0.00170904880533215	FALSE
none_4h__mock_none_CTU2KO	CTU2 KO	none	ActD	mock	mock	4h	4	TDH1	2024-09-28	rep1	22.2246598614174	0.20403817317656	FALSE
none_4h__mock_none_CTU2KO	CTU2 KO	none	ActD	mock	mock	4h	4	GAPDH	2024-09-28	rep1	19.8329290897804	1.0710073664923	FALSE
none_4h__mock_none_CTU2KO	CTU2 KO	none	ActD	mock	mock	4h	4	YTHDF2	2024-09-28	rep1	23.6968049041749	0.080365189542413	FALSE
none_4h__mock_none_CTU2KO	CTU2 KO	none	ActD	mock	mock	4h	4	MYC	2024-09-28	rep1	32.601814041102	0.000153417909462374	FALSE
none_4h__mock_none_CTU2KO	CTU2 KO	none	ActD	mock	mock	4h	4	TDH1	2024-09-28	rep2	21.2481879274314	0.40147659182521	FALSE
none_4h__mock_none_CTU2KO	CTU2 KO	none	ActD	mock	mock	4h	4	GAPDH	2024-09-28	rep2	18.7331209275556	2.29494075062959	FALSE
none_4h__mock_none_CTU2KO	CTU2 KO	none	ActD	mock	mock	4h	4	YTHDF2	2024-09-28	rep2	23.1696682674509	0.105987573356074	FALSE
none_4h__mock_none_CTU2KO	CTU2 KO	none	ActD	mock	mock	4h	4	MYC	2024-09-28	rep2	31.3775156329391	0.000358448366074752	FALSE
none_4h__mock_none_CTU2KO	CTU2 KO	none	ActD	mock	mock	4h	4	TDH1	2024-09-28	rep3	21.7071181268079	0.292083171250641	FALSE
none_4h__mock_none_CTU2KO	CTU2 KO	none	ActD	mock	mock	4h	4	GAPDH	2024-09-28	rep3	19.20453592	1.65530557385868	FALSE
none_4h__mock_none_CTU2KO	CTU2 KO	none	ActD	mock	mock	4h	4	YTHDF2	2024-09-28	rep3	23.930334655	0.0625543784636624	FALSE
none_4h__mock_none_CTU2KO	CTU2 KO	none	ActD	mock	mock	4h	4	MYC	2024-09-28	rep3	31.80632648	0.000266281918718053	FALSE
none_0h__STM_none_CTU2KO	CTU2 KO	none	ActD	STM	mock	0h	0	TDH1	2024-09-28	rep1	20.394021661628	0.72576958615474	FALSE
none_0h__STM_none_CTU2KO	CTU2 KO	none	ActD	STM	mock	0h	0	GAPDH	2024-09-28	rep1	18.3728782974458	2.95273312376739	FALSE
none_0h__STM_none_CTU2KO	CTU2 KO	none	ActD	STM	mock	0h	0	YTHDF2	2024-09-28	rep1	19.2355055105041	1.62026647020267	FALSE
none_0h__STM_none_CTU2KO	CTU2 KO	none	ActD	STM	mock	0h	0	MYC	2024-09-28	rep1	26.1351183334993	0.013568924981508	FALSE
none_0h__STM_none_CTU2KO	CTU2 KO	none	ActD	STM	mock	0h	0	TDH1	2024-09-28	rep2	20.1031191030206	0.887931754539535	FALSE
none_0h__STM_none_CTU2KO	CTU2 KO	none	ActD	STM	mock	0h	0	GAPDH	2024-09-28	rep2	17.8580911932669	4.21378437110839	FALSE
none_0h__STM_none_CTU2KO	CTU2 KO	none	ActD	STM	mock	0h	0	YTHDF2	2024-09-28	rep2	18.9007611452095	2.04317472457838	FALSE
none_0h__STM_none_CTU2KO	CTU2 KO	none	ActD	STM	mock	0h	0	MYC	2024-09-28	rep2	25.6526142107317	0.0189580496085043	FALSE
none_0h__STM_none_CTU2KO	CTU2 KO	none	ActD	STM	mock	0h	0	TDH1	2024-09-28	rep3	20.0858004501791	0.898610699788239	FALSE
none_0h__STM_none_CTU2KO	CTU2 KO	none	ActD	STM	mock	0h	0	GAPDH	2024-09-28	rep3	17.8354157985247	4.27615392417772	FALSE
none_0h__STM_none_CTU2KO	CTU2 KO	none	ActD	STM	mock	0h	0	YTHDF2	2024-09-28	rep3	19.0038890328938	1.90285436526934	FALSE
none_0h__STM_none_CTU2KO	CTU2 KO	none	ActD	STM	mock	0h	0	MYC	2024-09-28	rep3	25.5610448458663	0.0202003447252477	FALSE
none_1h__STM_none_CTU2KO	CTU2 KO	none	ActD	STM	mock	1h	1	TDH1	2024-09-28	rep1	20.4569335409055	0.69478349637442	FALSE
none_1h__STM_none_CTU2KO	CTU2 KO	none	ActD	STM	mock	1h	1	GAPDH	2024-09-28	rep1	18.2821816842399	3.13707590316598	FALSE
none_1h__STM_none_CTU2KO	CTU2 KO	none	ActD	STM	mock	1h	1	YTHDF2	2024-09-28	rep1	19.3790694385102	1.46664627155348	FALSE
none_1h__STM_none_CTU2KO	CTU2 KO	none	ActD	STM	mock	1h	1	MYC	2024-09-28	rep1	26.8721076967335	0.00814122085742121	FALSE
none_1h__STM_none_CTU2KO	CTU2 KO	none	ActD	STM	mock	1h	1	TDH1	2024-09-28	rep2	20.8370293372757	0.533862245364679	FALSE
none_1h__STM_none_CTU2KO	CTU2 KO	none	ActD	STM	mock	1h	1	GAPDH	2024-09-28	rep2	18.6267373292112	2.47200083740472	FALSE
none_1h__STM_none_CTU2KO	CTU2 KO	none	ActD	STM	mock	1h	1	YTHDF2	2024-09-28	rep2	19.6697948443117	1.1989565388981	FALSE
none_1h__STM_none_CTU2KO	CTU2 KO	none	ActD	STM	mock	1h	1	MYC	2024-09-28	rep2	26.7383879990467	0.00893188610621639	FALSE
none_1h__STM_none_CTU2KO	CTU2 KO	none	ActD	STM	mock	1h	1	TDH1	2024-09-28	rep3	20.0346302960356	0.931286467048415	FALSE
none_1h__STM_none_CTU2KO	CTU2 KO	none	ActD	STM	mock	1h	1	GAPDH	2024-09-28	rep3	17.7980058780615	4.38889206959361	FALSE
none_1h__STM_none_CTU2KO	CTU2 KO	none	ActD	STM	mock	1h	1	YTHDF2	2024-09-28	rep3	19.0392765482291	1.85621409408253	FALSE
none_1h__STM_none_CTU2KO	CTU2 KO	none	ActD	STM	mock	1h	1	MYC	2024-09-28	rep3	26.3588212238692	0.0116199473767886	FALSE
none_2h__STM_none_CTU2KO	CTU2 KO	none	ActD	STM	mock	2h	2	TDH1	2024-09-28	rep1	20.9729159658384	0.485886518594913	FALSE
none_2h__STM_none_CTU2KO	CTU2 KO	none	ActD	STM	mock	2h	2	GAPDH	2024-09-28	rep1	18.8364376132744	2.1389390417623	FALSE
none_2h__STM_none_CTU2KO	CTU2 KO	none	ActD	STM	mock	2h	2	YTHDF2	2024-09-28	rep1	20.2497480051721	0.80208209232604	FALSE
none_2h__STM_none_CTU2KO	CTU2 KO	none	ActD	STM	mock	2h	2	MYC	2024-09-28	rep1	27.9698304598715	0.00380401357369918	FALSE
none_2h__STM_none_CTU2KO	CTU2 KO	none	ActD	STM	mock	2h	2	TDH1	2024-09-28	rep2	21.3950689718257	0.362612816934555	FALSE
none_2h__STM_none_CTU2KO	CTU2 KO	none	ActD	STM	mock	2h	2	GAPDH	2024-09-28	rep2	19.3763754848895	1.47158010454452	FALSE
none_2h__STM_none_CTU2KO	CTU2 KO	none	ActD	STM	mock	2h	2	YTHDF2	2024-09-28	rep2	20.7995665542806	0.547917908044601	FALSE
none_2h__STM_none_CTU2KO	CTU2 KO	none	ActD	STM	mock	2h	2	MYC	2024-09-28	rep2	29.0396829112583	0.001812109257892	FALSE
none_2h__STM_none_CTU2KO	CTU2 KO	none	ActD	STM	mock	2h	2	TDH1	2024-09-28	rep3	20.9140646805417	0.506103406069619	FALSE
none_2h__STM_none_CTU2KO	CTU2 KO	none	ActD	STM	mock	2h	2	GAPDH	2024-09-28	rep3	18.9462365717798	1.98888436455157	FALSE
none_2h__STM_none_CTU2KO	CTU2 KO	none	ActD	STM	mock	2h	2	YTHDF2	2024-09-28	rep3	20.1749009986233	0.844812830712282	FALSE
none_2h__STM_none_CTU2KO	CTU2 KO	none	ActD	STM	mock	2h	2	MYC	2024-09-28	rep3	28.9191361058541	0.00197002883745409	FALSE
none_4h__STM_none_CTU2KO	CTU2 KO	none	ActD	STM	mock	4h	4	TDH1	2024-09-28	rep1	20.0160841015175	0.94310118549654	FALSE
none_4h__STM_none_CTU2KO	CTU2 KO	none	ActD	STM	mock	4h	4	GAPDH	2024-09-28	rep1	18.0841408020254	3.59932495758297	FALSE
none_4h__STM_none_CTU2KO	CTU2 KO	none	ActD	STM	mock	4h	4	YTHDF2	2024-09-28	rep1	20.0456192331217	0.924105664559141	FALSE
none_4h__STM_none_CTU2KO	CTU2 KO	none	ActD	STM	mock	4h	4	MYC	2024-09-28	rep1	29.7384357932261	0.00111644877650197	FALSE
none_4h__STM_none_CTU2KO	CTU2 KO	none	ActD	STM	mock	4h	4	TDH1	2024-09-28	rep2	20.3712424004491	0.737301378104985	FALSE
none_4h__STM_none_CTU2KO	CTU2 KO	none	ActD	STM	mock	4h	4	GAPDH	2024-09-28	rep2	18.3913088775664	2.90865077629365	FALSE
none_4h__STM_none_CTU2KO	CTU2 KO	none	ActD	STM	mock	4h	4	YTHDF2	2024-09-28	rep2	20.3430035588839	0.75198488629104	FALSE
none_4h__STM_none_CTU2KO	CTU2 KO	none	ActD	STM	mock	4h	4	MYC	2024-09-28	rep2	29.7973233705718	0.001071795365893	FALSE
none_4h__STM_none_CTU2KO	CTU2 KO	none	ActD	STM	mock	4h	4	TDH1	2024-09-28	rep3	20.4059258149241	0.719787577087288	FALSE
none_4h__STM_none_CTU2KO	CTU2 KO	none	ActD	STM	mock	4h	4	GAPDH	2024-09-28	rep3	18.5569580324338	2.59317129938423	FALSE
none_4h__STM_none_CTU2KO	CTU2 KO	none	ActD	STM	mock	4h	4	YTHDF2	2024-09-28	rep3	20.4291544601313	0.708351079808006	FALSE
none_4h__STM_none_CTU2KO	CTU2 KO	none	ActD	STM	mock	4h	4	MYC	2024-09-28	rep3	29.7048444696774	0.00114274886363639	FALSE
C1_0h__mock_CHX_wt	WT	C1	ActD	mock	CHX	0h	0	TDH1	2024-11-11	rep1	21.0876831101983	0.448728956756708	FALSE
C1_0h__mock_CHX_wt	WT	C1	ActD	mock	CHX	0h	0	mCherry	2024-11-11	rep1	16.2973552389524	12.4169645619382	FALSE
C1_0h__mock_CHX_wt	WT	C1	ActD	mock	CHX	0h	0	Neon2	2024-11-11	rep1	18.0477608688886	3.69074962510343	FALSE
C1_0h__mock_CHX_wt	WT	C1	ActD	mock	CHX	0h	0	TDH1	2024-11-11	rep2	20.5990681629483	0.629605718550543	FALSE
C1_0h__mock_CHX_wt	WT	C1	ActD	mock	CHX	0h	0	mCherry	2024-11-11	rep2	15.591033530104	20.2596311495996	FALSE
C1_0h__mock_CHX_wt	WT	C1	ActD	mock	CHX	0h	0	Neon2	2024-11-11	rep2	17.6553904699578	4.8440433185683	FALSE
C1_0h__mock_CHX_wt	WT	C1	ActD	mock	CHX	0h	0	TDH1	2024-11-11	rep3	20.6606527828256	0.60340398631136	FALSE
C1_0h__mock_CHX_wt	WT	C1	ActD	mock	CHX	0h	0	mCherry	2024-11-11	rep3	15.5173693966102	21.3211398930183	FALSE
C1_0h__mock_CHX_wt	WT	C1	ActD	mock	CHX	0h	0	Neon2	2024-11-11	rep3	17.5435656732875	5.23448434587585	FALSE
C1_1h__mock_CHX_wt	WT	C1	ActD	mock	CHX	1h	1	TDH1	2024-11-11	rep1	21.2263055419394	0.407621606776256	FALSE
C1_1h__mock_CHX_wt	WT	C1	ActD	mock	CHX	1h	1	mCherry	2024-11-11	rep1	16.3316955749094	12.1259457368786	FALSE
C1_1h__mock_CHX_wt	WT	C1	ActD	mock	CHX	1h	1	Neon2	2024-11-11	rep1	18.3979512794754	2.8952782118393	FALSE
C1_1h__mock_CHX_wt	WT	C1	ActD	mock	CHX	1h	1	TDH1	2024-11-11	rep2	21.0228610424205	0.469364719969881	FALSE
C1_1h__mock_CHX_wt	WT	C1	ActD	mock	CHX	1h	1	mCherry	2024-11-11	rep2	16.2580461130721	12.7597035784366	FALSE
C1_1h__mock_CHX_wt	WT	C1	ActD	mock	CHX	1h	1	Neon2	2024-11-11	rep2	18.238120017031	3.23445030803017	FALSE
C1_1h__mock_CHX_wt	WT	C1	ActD	mock	CHX	1h	1	TDH1	2024-11-11	rep3	20.7690316790002	0.559644962185638	FALSE
C1_1h__mock_CHX_wt	WT	C1	ActD	mock	CHX	1h	1	mCherry	2024-11-11	rep3	15.967691399682	15.6053968010272	FALSE
C1_1h__mock_CHX_wt	WT	C1	ActD	mock	CHX	1h	1	Neon2	2024-11-11	rep3	17.9957502660129	3.82601306788304	FALSE
C1_2h__mock_CHX_wt	WT	C1	ActD	mock	CHX	2h	2	TDH1	2024-11-11	rep1	20.4665697555204	0.690161315594021	FALSE
C1_2h__mock_CHX_wt	WT	C1	ActD	mock	CHX	2h	2	mCherry	2024-11-11	rep1	15.598823944264	20.1507868669765	FALSE
C1_2h__mock_CHX_wt	WT	C1	ActD	mock	CHX	2h	2	Neon2	2024-11-11	rep1	17.7155942274113	4.64613366263053	FALSE
C1_2h__mock_CHX_wt	WT	C1	ActD	mock	CHX	2h	2	TDH1	2024-11-11	rep2	20.7041482599086	0.585371031210435	FALSE
C1_2h__mock_CHX_wt	WT	C1	ActD	mock	CHX	2h	2	mCherry	2024-11-11	rep2	15.7494316500342	18.1530569567566	FALSE
C1_2h__mock_CHX_wt	WT	C1	ActD	mock	CHX	2h	2	Neon2	2024-11-11	rep2	17.6967658010072	4.70700605684959	FALSE
C1_2h__mock_CHX_wt	WT	C1	ActD	mock	CHX	2h	2	TDH1	2024-11-11	rep3	20.8391333741363	0.533103877081774	FALSE
C1_2h__mock_CHX_wt	WT	C1	ActD	mock	CHX	2h	2	mCherry	2024-11-11	rep3	15.8522029375367	16.9128456297152	FALSE
C1_2h__mock_CHX_wt	WT	C1	ActD	mock	CHX	2h	2	Neon2	2024-11-11	rep3	17.7012540558918	4.69236478491827	FALSE
C1_4h__mock_CHX_wt	WT	C1	ActD	mock	CHX	4h	4	TDH1	2024-11-11	rep1	21.4635097831663	0.345811753883173	FALSE
C1_4h__mock_CHX_wt	WT	C1	ActD	mock	CHX	4h	4	mCherry	2024-11-11	rep1	16.4169304423563	11.4291694435019	FALSE
C1_4h__mock_CHX_wt	WT	C1	ActD	mock	CHX	4h	4	Neon2	2024-11-11	rep1	18.3831332097868	2.9251482572239	FALSE
C1_4h__mock_CHX_wt	WT	C1	ActD	mock	CHX	4h	4	TDH1	2024-11-11	rep2	21.058091654399	0.458033331392536	FALSE
C1_4h__mock_CHX_wt	WT	C1	ActD	mock	CHX	4h	4	mCherry	2024-11-11	rep2	16.1893977106252	13.3817477172089	FALSE
C1_4h__mock_CHX_wt	WT	C1	ActD	mock	CHX	4h	4	Neon2	2024-11-11	rep2	18.1233089012462	3.50247938277096	FALSE
C1_4h__mock_CHX_wt	WT	C1	ActD	mock	CHX	4h	4	TDH1	2024-11-11	rep3	20.9534444572773	0.492476328401894	FALSE
C1_4h__mock_CHX_wt	WT	C1	ActD	mock	CHX	4h	4	mCherry	2024-11-11	rep3	16.088771931469	14.3633325744062	FALSE
C1_4h__mock_CHX_wt	WT	C1	ActD	mock	CHX	4h	4	Neon2	2024-11-11	rep3	18.0467921676498	3.69367871567785	FALSE
C1_0h__mock_none_wt	WT	C1	TLD	mock	mock	0h	0	TDH1	2024-11-13	rep1	23.693223814314	0.0737284245297642	FALSE
C1_0h__mock_none_wt	WT	C1	TLD	mock	mock	0h	0	mCherry	2024-11-13	rep1	17.0463775337055	7.38980607472962	FALSE
C1_0h__mock_none_wt	WT	C1	TLD	mock	mock	0h	0	Neon2	2024-11-13	rep1	18.6186319349837	2.48450593247751	FALSE
C1_0h__mock_none_wt	WT	C1	TLD	mock	mock	0h	0	TDH1	2024-11-13	rep2	23.3626198227783	0.0927419265114223	FALSE
C1_0h__mock_none_wt	WT	C1	TLD	mock	mock	0h	0	mCherry	2024-11-13	rep2	16.2433664589163	12.895509260385	FALSE
C1_0h__mock_none_wt	WT	C1	TLD	mock	mock	0h	0	Neon2	2024-11-13	rep2	17.6406408823007	4.89434058876015	FALSE
C1_0h__mock_none_wt	WT	C1	TLD	mock	mock	0h	0	TDH1	2024-11-13	rep3	23.2401901402613	0.10094603310914	FALSE
C1_0h__mock_none_wt	WT	C1	TLD	mock	mock	0h	0	mCherry	2024-11-13	rep3	16.3341097799502	12.1076973575885	FALSE
C1_0h__mock_none_wt	WT	C1	TLD	mock	mock	0h	0	Neon2	2024-11-13	rep3	17.8563602675486	4.2143537200571	FALSE
C1_1h__mock_none_wt	WT	C1	TLD	mock	mock	1h	1	TDH1	2024-11-13	rep1	22.5395494696	0.164038137581059	FALSE
C1_1h__mock_none_wt	WT	C1	TLD	mock	mock	1h	1	mCherry	2024-11-13	rep1	16.0824961088061	14.4112667868078	FALSE
C1_1h__mock_none_wt	WT	C1	TLD	mock	mock	1h	1	Neon2	2024-11-13	rep1	18.1208455065041	3.50824531131657	FALSE
C1_1h__mock_none_wt	WT	C1	TLD	mock	mock	1h	1	TDH1	2024-11-13	rep2	23.3326629711227	0.0947533746614454	FALSE
C1_1h__mock_none_wt	WT	C1	TLD	mock	mock	1h	1	mCherry	2024-11-13	rep2	16.8072605372778	8.72010227018973	FALSE
C1_1h__mock_none_wt	WT	C1	TLD	mock	mock	1h	1	Neon2	2024-11-13	rep2	18.8135378649816	2.17051100492208	FALSE
C1_1h__mock_none_wt	WT	C1	TLD	mock	mock	1h	1	TDH1	2024-11-13	rep3	23.2379752707919	0.101114313311556	FALSE
C1_1h__mock_none_wt	WT	C1	TLD	mock	mock	1h	1	mCherry	2024-11-13	rep3	16.6139847301646	9.97004702660799	FALSE
C1_1h__mock_none_wt	WT	C1	TLD	mock	mock	1h	1	Neon2	2024-11-13	rep3	18.7297246186885	2.30033825419676	FALSE
C1_2h__mock_none_wt	WT	C1	TLD	mock	mock	2h	2	TDH1	2024-11-13	rep1	22.7729615541607	0.139596741824242	FALSE
C1_2h__mock_none_wt	WT	C1	TLD	mock	mock	2h	2	mCherry	2024-11-13	rep1	16.8081624555714	8.71531371707411	FALSE
C1_2h__mock_none_wt	WT	C1	TLD	mock	mock	2h	2	Neon2	2024-11-13	rep1	19.6157050128931	1.24475695850425	FALSE
C1_2h__mock_none_wt	WT	C1	TLD	mock	mock	2h	2	TDH1	2024-11-13	rep2	23.467228191392	0.0862325031366357	FALSE
C1_2h__mock_none_wt	WT	C1	TLD	mock	mock	2h	2	mCherry	2024-11-13	rep2	17.045219297977	7.39399068192591	FALSE
C1_2h__mock_none_wt	WT	C1	TLD	mock	mock	2h	2	Neon2	2024-11-13	rep2	19.5938188701044	1.26378399922867	FALSE
C1_2h__mock_none_wt	WT	C1	TLD	mock	mock	2h	2	TDH1	2024-11-13	rep3	22.8778234595487	0.129754117387509	FALSE
C1_2h__mock_none_wt	WT	C1	TLD	mock	mock	2h	2	mCherry	2024-11-13	rep3	16.3992183678211	11.5704278580618	FALSE
C1_2h__mock_none_wt	WT	C1	TLD	mock	mock	2h	2	Neon2	2024-11-13	rep3	19.200615298876	1.65973897744461	FALSE
C1_4h__mock_none_wt	WT	C1	TLD	mock	mock	4h	4	TDH1	2024-11-13	rep1	23.5395765400852	0.08271988537495	FALSE
C1_4h__mock_none_wt	WT	C1	TLD	mock	mock	4h	4	mCherry	2024-11-13	rep1	17.4419654575181	5.6166730442865	FALSE
C1_4h__mock_none_wt	WT	C1	TLD	mock	mock	4h	4	Neon2	2024-11-13	rep1	20.8705647779444	0.521632326990661	FALSE
C1_4h__mock_none_wt	WT	C1	TLD	mock	mock	4h	4	TDH1	2024-11-13	rep2	22.9728424658416	0.122215589095996	FALSE
C1_4h__mock_none_wt	WT	C1	TLD	mock	mock	4h	4	mCherry	2024-11-13	rep2	17.2179994126523	6.55947037489895	FALSE
C1_4h__mock_none_wt	WT	C1	TLD	mock	mock	4h	4	Neon2	2024-11-13	rep2	20.3700337236455	0.737974892186259	FALSE
C1_4h__mock_none_wt	WT	C1	TLD	mock	mock	4h	4	TDH1	2024-11-13	rep3	23.1277651932306	0.109124079426829	FALSE
C1_4h__mock_none_wt	WT	C1	TLD	mock	mock	4h	4	mCherry	2024-11-13	rep3	17.0926006465436	7.15525810414488	FALSE
C1_4h__mock_none_wt	WT	C1	TLD	mock	mock	4h	4	Neon2	2024-11-13	rep3	20.3259911522058	0.76094815145208	FALSE
C1_0h__STM_none_wt	WT	C1	TLD	STM	mock	0h	0	TDH1	2024-11-13	rep1	24.4390871269342	0.0439899824160625	FALSE
C1_0h__STM_none_wt	WT	C1	TLD	STM	mock	0h	0	mCherry	2024-11-13	rep1	17.9935827086063	3.83211046211718	FALSE
C1_0h__STM_none_wt	WT	C1	TLD	STM	mock	0h	0	Neon2	2024-11-13	rep1	19.7043308356996	1.17171937620525	FALSE
C1_0h__STM_none_wt	WT	C1	TLD	STM	mock	0h	0	TDH1	2024-11-13	rep2	23.2873568681406	0.0976810633656071	FALSE
C1_0h__STM_none_wt	WT	C1	TLD	STM	mock	0h	0	mCherry	2024-11-13	rep2	16.3075012030635	12.3297511557418	FALSE
C1_0h__STM_none_wt	WT	C1	TLD	STM	mock	0h	0	Neon2	2024-11-13	rep2	17.9840238047518	3.85756111832788	FALSE
C1_0h__STM_none_wt	WT	C1	TLD	STM	mock	0h	0	TDH1	2024-11-13	rep3	23.7560285872544	0.0708050765795525	FALSE
C1_0h__STM_none_wt	WT	C1	TLD	STM	mock	0h	0	mCherry	2024-11-13	rep3	17.0140006792528	7.5601008878187	FALSE
C1_0h__STM_none_wt	WT	C1	TLD	STM	mock	0h	0	Neon2	2024-11-13	rep3	18.7033857975092	2.34817693007527	FALSE
C1_1h__STM_none_wt	WT	C1	TLD	STM	mock	1h	1	TDH1	2024-11-13	rep1	24.0324557100187	0.0582809212115566	FALSE
C1_1h__STM_none_wt	WT	C1	TLD	STM	mock	1h	1	mCherry	2024-11-13	rep1	17.2332418525867	6.49190306576096	FALSE
C1_1h__STM_none_wt	WT	C1	TLD	STM	mock	1h	1	Neon2	2024-11-13	rep1	19.2141977040486	1.64422337121318	FALSE
C1_1h__STM_none_wt	WT	C1	TLD	STM	mock	1h	1	TDH1	2024-11-13	rep2	23.196521916316	0.104028543412704	FALSE
C1_1h__STM_none_wt	WT	C1	TLD	STM	mock	1h	1	mCherry	2024-11-13	rep2	17.2638561536812	6.35420910413159	FALSE
C1_1h__STM_none_wt	WT	C1	TLD	STM	mock	1h	1	Neon2	2024-11-13	rep2	19.0483687502488	1.8444699969095	FALSE
C1_1h__STM_none_wt	WT	C1	TLD	STM	mock	1h	1	TDH1	2024-11-13	rep3	23.1315385636119	0.108822562701288	FALSE
C1_1h__STM_none_wt	WT	C1	TLD	STM	mock	1h	1	mCherry	2024-11-13	rep3	16.8673221197442	8.36525541043098	FALSE
C1_1h__STM_none_wt	WT	C1	TLD	STM	mock	1h	1	Neon2	2024-11-13	rep3	18.9369876481964	2.00217930062135	FALSE
C1_2h__STM_none_wt	WT	C1	TLD	STM	mock	2h	2	TDH1	2024-11-13	rep1	23.2764512355248	0.0984768515464131	FALSE
C1_2h__STM_none_wt	WT	C1	TLD	STM	mock	2h	2	mCherry	2024-11-13	rep1	17.1208176577057	7.01785571035096	FALSE
C1_2h__STM_none_wt	WT	C1	TLD	STM	mock	2h	2	Neon2	2024-11-13	rep1	19.3762923575365	1.46946184786607	FALSE
C1_2h__STM_none_wt	WT	C1	TLD	STM	mock	2h	2	TDH1	2024-11-13	rep2	23.5021171301619	0.08468970707212	FALSE
C1_2h__STM_none_wt	WT	C1	TLD	STM	mock	2h	2	mCherry	2024-11-13	rep2	17.4580807263253	5.55387527875253	FALSE
C1_2h__STM_none_wt	WT	C1	TLD	STM	mock	2h	2	Neon2	2024-11-13	rep2	19.9672352951386	0.975806788803651	FALSE
C1_2h__STM_none_wt	WT	C1	TLD	STM	mock	2h	2	TDH1	2024-11-13	rep3	23.1133727493551	0.110199976786762	FALSE
C1_2h__STM_none_wt	WT	C1	TLD	STM	mock	2h	2	mCherry	2024-11-13	rep3	17.0027384300194	7.61533426565451	FALSE
C1_2h__STM_none_wt	WT	C1	TLD	STM	mock	2h	2	Neon2	2024-11-13	rep3	19.3667457115305	1.47920733980379	FALSE
C1_4h__STM_none_wt	WT	C1	TLD	STM	mock	4h	4	TDH1	2024-11-13	rep1	23.1123092439735	0.110895639939238	FALSE
C1_4h__STM_none_wt	WT	C1	TLD	STM	mock	4h	4	mCherry	2024-11-13	rep1	17.7512686801974	4.5344003930086	FALSE
C1_4h__STM_none_wt	WT	C1	TLD	STM	mock	4h	4	Neon2	2024-11-13	rep1	20.8516403235104	0.528590393166428	FALSE
C1_4h__STM_none_wt	WT	C1	TLD	STM	mock	4h	4	TDH1	2024-11-13	rep2	22.6933098727443	0.147925908187082	FALSE
C1_4h__STM_none_wt	WT	C1	TLD	STM	mock	4h	4	mCherry	2024-11-13	rep2	17.2635056515046	6.35580369672888	FALSE
C1_4h__STM_none_wt	WT	C1	TLD	STM	mock	4h	4	Neon2	2024-11-13	rep2	20.4597365403475	0.693483673562751	FALSE
C1_4h__STM_none_wt	WT	C1	TLD	STM	mock	4h	4	TDH1	2024-11-13	rep3	22.3469003402563	0.187859883646016	FALSE
C1_4h__STM_none_wt	WT	C1	TLD	STM	mock	4h	4	mCherry	2024-11-13	rep3	16.4445823984719	11.2168569972694	FALSE
C1_4h__STM_none_wt	WT	C1	TLD	STM	mock	4h	4	Neon2	2024-11-13	rep3	19.7922722758658	1.10136954863439	FALSE
C2_0h__mock_none_wt	WT	C2	TLD	mock	mock	0h	0	TDH1	2024-11-13	rep1	23.2580134950206	0.0997102130604946	FALSE
C2_0h__mock_none_wt	WT	C2	TLD	mock	mock	0h	0	mCherry	2024-11-13	rep1	16.2470945078057	12.857386491203	FALSE
C2_0h__mock_none_wt	WT	C2	TLD	mock	mock	0h	0	Neon2	2024-11-13	rep1	18.1442873864174	3.45167275178947	FALSE
C2_0h__mock_none_wt	WT	C2	TLD	mock	mock	0h	0	TDH1	2024-11-13	rep2	23.5632558306635	0.080689599532038	FALSE
C2_0h__mock_none_wt	WT	C2	TLD	mock	mock	0h	0	mCherry	2024-11-13	rep2	16.5069271493546	10.7379219911176	FALSE
C2_0h__mock_none_wt	WT	C2	TLD	mock	mock	0h	0	Neon2	2024-11-13	rep2	18.5622809574704	2.58374889578232	FALSE
C2_0h__mock_none_wt	WT	C2	TLD	mock	mock	0h	0	TDH1	2024-11-13	rep3	22.5056859926708	0.167969184662174	FALSE
C2_0h__mock_none_wt	WT	C2	TLD	mock	mock	0h	0	mCherry	2024-11-13	rep3	15.2623087373017	25.4443953422509	FALSE
C2_0h__mock_none_wt	WT	C2	TLD	mock	mock	0h	0	Neon2	2024-11-13	rep3	17.1878682313186	6.69787042941355	FALSE
C2_1h__mock_none_wt	WT	C2	TLD	mock	mock	1h	1	TDH1	2024-11-13	rep1	23.5834147836103	0.0795686926416528	FALSE
C2_1h__mock_none_wt	WT	C2	TLD	mock	mock	1h	1	mCherry	2024-11-13	rep1	16.8214417088221	8.63478758249995	FALSE
C2_1h__mock_none_wt	WT	C2	TLD	mock	mock	1h	1	Neon2	2024-11-13	rep1	19.6259644019317	1.23593616202118	FALSE
C2_1h__mock_none_wt	WT	C2	TLD	mock	mock	1h	1	TDH1	2024-11-13	rep2	23.1563144420958	0.106968941431555	FALSE
C2_1h__mock_none_wt	WT	C2	TLD	mock	mock	1h	1	mCherry	2024-11-13	rep2	16.3378879790649	12.0732442649922	FALSE
C2_1h__mock_none_wt	WT	C2	TLD	mock	mock	1h	1	Neon2	2024-11-13	rep2	19.0761490823378	1.81283112301618	FALSE
C2_1h__mock_none_wt	WT	C2	TLD	mock	mock	1h	1	TDH1	2024-11-13	rep3	23.5152863479386	0.0834071390416991	FALSE
C2_1h__mock_none_wt	WT	C2	TLD	mock	mock	1h	1	mCherry	2024-11-13	rep3	16.4225282220915	11.3860347300763	FALSE
C2_1h__mock_none_wt	WT	C2	TLD	mock	mock	1h	1	Neon2	2024-11-13	rep3	19.0270695510109	1.87276975572835	FALSE
C2_2h__mock_none_wt	WT	C2	TLD	mock	mock	2h	2	TDH1	2024-11-13	rep1	23.9244025821404	0.0629556124065862	FALSE
C2_2h__mock_none_wt	WT	C2	TLD	mock	mock	2h	2	mCherry	2024-11-13	rep1	17.384319677254	5.84535649167508	FALSE
C2_2h__mock_none_wt	WT	C2	TLD	mock	mock	2h	2	Neon2	2024-11-13	rep1	20.9835113177407	0.482408309604803	FALSE
C2_2h__mock_none_wt	WT	C2	TLD	mock	mock	2h	2	TDH1	2024-11-13	rep2	23.3634202898317	0.0926988562284073	FALSE
C2_2h__mock_none_wt	WT	C2	TLD	mock	mock	2h	2	mCherry	2024-11-13	rep2	16.9310210160955	8.00401943380416	FALSE
C2_2h__mock_none_wt	WT	C2	TLD	mock	mock	2h	2	Neon2	2024-11-13	rep2	20.2789336540471	0.786130985579986	FALSE
C2_2h__mock_none_wt	WT	C2	TLD	mock	mock	2h	2	TDH1	2024-11-13	rep3	22.9736071846114	0.121494053830313	FALSE
C2_2h__mock_none_wt	WT	C2	TLD	mock	mock	2h	2	mCherry	2024-11-13	rep3	15.9960420531003	15.3215245385245	FALSE
C2_2h__mock_none_wt	WT	C2	TLD	mock	mock	2h	2	Neon2	2024-11-13	rep3	19.5293524855557	1.32154915668024	FALSE
C2_4h__mock_none_wt	WT	C2	TLD	mock	mock	4h	4	TDH1	2024-11-13	rep1	23.2429356123761	0.100755016495682	FALSE
C2_4h__mock_none_wt	WT	C2	TLD	mock	mock	4h	4	mCherry	2024-11-13	rep1	17.1685683079842	6.78816325798715	FALSE
C2_4h__mock_none_wt	WT	C2	TLD	mock	mock	4h	4	Neon2	2024-11-13	rep1	21.3640167443894	0.370510070185627	FALSE
C2_4h__mock_none_wt	WT	C2	TLD	mock	mock	4h	4	TDH1	2024-11-13	rep2	22.9550226458928	0.122987977839497	FALSE
C2_4h__mock_none_wt	WT	C2	TLD	mock	mock	4h	4	mCherry	2024-11-13	rep2	16.5972984101518	10.0869969665143	FALSE
C2_4h__mock_none_wt	WT	C2	TLD	mock	mock	4h	4	Neon2	2024-11-13	rep2	21.0936764096554	0.446930991255665	FALSE
C2_4h__mock_none_wt	WT	C2	TLD	mock	mock	4h	4	TDH1	2024-11-13	rep3	22.6096433315254	0.156257984186632	FALSE
C2_4h__mock_none_wt	WT	C2	TLD	mock	mock	4h	4	mCherry	2024-11-13	rep3	16.357054380011	11.9134289952122	FALSE
C2_4h__mock_none_wt	WT	C2	TLD	mock	mock	4h	4	Neon2	2024-11-13	rep3	20.8457325389431	0.530721707190795	FALSE
C2_0h__STM_none_wt	WT	C2	TLD	STM	mock	0h	0	TDH1	2024-11-13	rep1	22.6668396760556	0.150281273039707	FALSE
C2_0h__STM_none_wt	WT	C2	TLD	STM	mock	0h	0	mCherry	2024-11-13	rep1	15.9660668328927	15.6305146104653	FALSE
C2_0h__STM_none_wt	WT	C2	TLD	STM	mock	0h	0	Neon2	2024-11-13	rep1	18.0175846284436	3.78946098988102	FALSE
C2_0h__STM_none_wt	WT	C2	TLD	STM	mock	0h	0	TDH1	2024-11-13	rep2	23.2396208393061	0.100970783712087	FALSE
C2_0h__STM_none_wt	WT	C2	TLD	STM	mock	0h	0	mCherry	2024-11-13	rep2	16.5360671247944	10.5249747966525	FALSE
C2_0h__STM_none_wt	WT	C2	TLD	STM	mock	0h	0	Neon2	2024-11-13	rep2	18.5092917916308	2.6820076711063	FALSE
C2_0h__STM_none_wt	WT	C2	TLD	STM	mock	0h	0	TDH1	2024-11-13	rep3	22.9299679807697	0.125158497457266	FALSE
C2_0h__STM_none_wt	WT	C2	TLD	STM	mock	0h	0	mCherry	2024-11-13	rep3	16.2519486754013	12.8140407901759	FALSE
C2_0h__STM_none_wt	WT	C2	TLD	STM	mock	0h	0	Neon2	2024-11-13	rep3	18.317488186825	3.06230110212613	FALSE
C2_1h__STM_none_wt	WT	C2	TLD	STM	mock	1h	1	TDH1	2024-11-13	rep1	23.0765860422524	0.113046062484834	FALSE
C2_1h__STM_none_wt	WT	C2	TLD	STM	mock	1h	1	mCherry	2024-11-13	rep1	16.4475938975706	11.1888401246346	FALSE
C2_1h__STM_none_wt	WT	C2	TLD	STM	mock	1h	1	Neon2	2024-11-13	rep1	19.0790623135847	1.80714735910178	FALSE
C2_1h__STM_none_wt	WT	C2	TLD	STM	mock	1h	1	TDH1	2024-11-13	rep2	23.7224346347488	0.0722520162348227	FALSE
C2_1h__STM_none_wt	WT	C2	TLD	STM	mock	1h	1	mCherry	2024-11-13	rep2	16.2263643187972	13.0448520864789	FALSE
C2_1h__STM_none_wt	WT	C2	TLD	STM	mock	1h	1	Neon2	2024-11-13	rep2	19.2173226234467	1.64208270959197	FALSE
C2_1h__STM_none_wt	WT	C2	TLD	STM	mock	1h	1	TDH1	2024-11-13	rep3	23.0888272636172	0.112093192047313	FALSE
C2_1h__STM_none_wt	WT	C2	TLD	STM	mock	1h	1	mCherry	2024-11-13	rep3	16.4591554966793	11.0995760177742	FALSE
C2_1h__STM_none_wt	WT	C2	TLD	STM	mock	1h	1	Neon2	2024-11-13	rep3	19.039699856692	1.8756103786665	FALSE
C2_2h__STM_none_wt	WT	C2	TLD	STM	mock	2h	2	TDH1	2024-11-13	rep1	24.203259685858	0.0517717509993412	FALSE
C2_2h__STM_none_wt	WT	C2	TLD	STM	mock	2h	2	mCherry	2024-11-13	rep1	17.7610490748801	4.50276913676889	FALSE
C2_2h__STM_none_wt	WT	C2	TLD	STM	mock	2h	2	Neon2	2024-11-13	rep1	20.6472414573384	0.609024988348349	FALSE
C2_2h__STM_none_wt	WT	C2	TLD	STM	mock	2h	2	TDH1	2024-11-13	rep2	22.9406970625577	0.12434345337822	FALSE
C2_2h__STM_none_wt	WT	C2	TLD	STM	mock	2h	2	mCherry	2024-11-13	rep2	16.3933852656303	11.6174802083313	FALSE
C2_2h__STM_none_wt	WT	C2	TLD	STM	mock	2h	2	Neon2	2024-11-13	rep2	19.3611967513973	1.48501004785314	FALSE
C2_2h__STM_none_wt	WT	C2	TLD	STM	mock	2h	2	TDH1	2024-11-13	rep3	23.9887350370293	0.0600948895083082	FALSE
C2_2h__STM_none_wt	WT	C2	TLD	STM	mock	2h	2	mCherry	2024-11-13	rep3	17.4088471830493	5.74689508690114	FALSE
C2_2h__STM_none_wt	WT	C2	TLD	STM	mock	2h	2	Neon2	2024-11-13	rep3	20.4163748089171	0.714733782355405	FALSE
C2_4h__STM_none_wt	WT	C2	TLD	STM	mock	4h	4	TDH1	2024-11-13	rep1	23.1092488817263	0.110583920150082	FALSE
C2_4h__STM_none_wt	WT	C2	TLD	STM	mock	4h	4	mCherry	2024-11-13	rep1	17.1063540124386	7.08722284494984	FALSE
C2_4h__STM_none_wt	WT	C2	TLD	STM	mock	4h	4	Neon2	2024-11-13	rep1	20.1611849567938	0.852878703801343	FALSE
C2_4h__STM_none_wt	WT	C2	TLD	STM	mock	4h	4	TDH1	2024-11-13	rep2	22.2219170028644	0.204758714219319	FALSE
C2_4h__STM_none_wt	WT	C2	TLD	STM	mock	4h	4	mCherry	2024-11-13	rep2	16.3686057282566	11.8202946937735	FALSE
C2_4h__STM_none_wt	WT	C2	TLD	STM	mock	4h	4	Neon2	2024-11-13	rep2	19.6380643401207	1.22563389515228	FALSE
C2_4h__STM_none_wt	WT	C2	TLD	STM	mock	4h	4	TDH1	2024-11-13	rep3	22.8965603901909	0.128455429131832	FALSE
C2_4h__STM_none_wt	WT	C2	TLD	STM	mock	4h	4	mCherry	2024-11-13	rep3	17.7634968555153	4.49426162323144	FALSE
C2_4h__STM_none_wt	WT	C2	TLD	STM	mock	4h	4	Neon2	2024-11-13	rep3	20.471570215472	0.687775834393935	FALSE
C4_0h__mock_none_wt	WT	C4	TLD	mock	mock	0h	0	TDH1	2024-11-13	rep1	23.8302584149295	0.0670490659986041	FALSE
C4_0h__mock_none_wt	WT	C4	TLD	mock	mock	0h	0	mCherry	2024-11-13	rep1	16.7450733840164	9.10397744522227	FALSE
C4_0h__mock_none_wt	WT	C4	TLD	mock	mock	0h	0	Neon2	2024-11-13	rep1	19.3891637602532	1.45640114413392	FALSE
C4_0h__mock_none_wt	WT	C4	TLD	mock	mock	0h	0	TDH1	2024-11-13	rep2	22.2303197385449	0.203242830798016	FALSE
C4_0h__mock_none_wt	WT	C4	TLD	mock	mock	0h	0	mCherry	2024-11-13	rep2	15.9089162605953	16.2540286902819	FALSE
C4_0h__mock_none_wt	WT	C4	TLD	mock	mock	0h	0	Neon2	2024-11-13	rep2	18.5348352062065	2.63918584721054	FALSE
C4_0h__mock_none_wt	WT	C4	TLD	mock	mock	0h	0	TDH1	2024-11-13	rep3	22.6400491355336	0.152995044238769	FALSE
C4_0h__mock_none_wt	WT	C4	TLD	mock	mock	0h	0	mCherry	2024-11-13	rep3	15.9575393180005	15.7145569213203	FALSE
C4_0h__mock_none_wt	WT	C4	TLD	mock	mock	0h	0	Neon2	2024-11-13	rep3	18.616935947679	2.48739183585132	FALSE
C4_1h__mock_none_wt	WT	C4	TLD	mock	mock	1h	1	TDH1	2024-11-13	rep1	23.2629019659875	0.0993504745888034	FALSE
C4_1h__mock_none_wt	WT	C4	TLD	mock	mock	1h	1	mCherry	2024-11-13	rep1	16.6879505973766	9.47214663665388	FALSE
C4_1h__mock_none_wt	WT	C4	TLD	mock	mock	1h	1	Neon2	2024-11-13	rep1	20.0678253912632	0.909968082396803	FALSE
C4_1h__mock_none_wt	WT	C4	TLD	mock	mock	1h	1	TDH1	2024-11-13	rep2	23.1327505944225	0.108745637045661	FALSE
C4_1h__mock_none_wt	WT	C4	TLD	mock	mock	1h	1	mCherry	2024-11-13	rep2	16.3698971829973	11.8078625014727	FALSE
C4_1h__mock_none_wt	WT	C4	TLD	mock	mock	1h	1	Neon2	2024-11-13	rep2	19.4690720734508	1.37801556478925	FALSE
C4_1h__mock_none_wt	WT	C4	TLD	mock	mock	1h	1	TDH1	2024-11-13	rep3	23.2589563762443	0.0996238025099726	FALSE
C4_1h__mock_none_wt	WT	C4	TLD	mock	mock	1h	1	mCherry	2024-11-13	rep3	17.2715841419201	6.32105466327192	FALSE
C4_1h__mock_none_wt	WT	C4	TLD	mock	mock	1h	1	Neon2	2024-11-13	rep3	20.158306648584	0.854650460610878	FALSE
C4_2h__mock_none_wt	WT	C4	TLD	mock	mock	2h	2	TDH1	2024-11-13	rep1	23.4266313617957	0.0888687765866894	FALSE
C4_2h__mock_none_wt	WT	C4	TLD	mock	mock	2h	2	mCherry	2024-11-13	rep1	16.9823355838439	7.72347490970453	FALSE
C4_2h__mock_none_wt	WT	C4	TLD	mock	mock	2h	2	Neon2	2024-11-13	rep1	20.3704275972464	0.73771783283225	FALSE
C4_2h__mock_none_wt	WT	C4	TLD	mock	mock	2h	2	TDH1	2024-11-13	rep2	23.6119853638738	0.078000680888799	FALSE
C4_2h__mock_none_wt	WT	C4	TLD	mock	mock	2h	2	mCherry	2024-11-13	rep2	17.2804763804634	6.28307933871919	FALSE
C4_2h__mock_none_wt	WT	C4	TLD	mock	mock	2h	2	Neon2	2024-11-13	rep2	20.6514330286603	0.616946813265711	FALSE
C4_2h__mock_none_wt	WT	C4	TLD	mock	mock	2h	2	TDH1	2024-11-13	rep3	23.0838296700625	0.112481296822169	FALSE
C4_2h__mock_none_wt	WT	C4	TLD	mock	mock	2h	2	mCherry	2024-11-13	rep3	16.7931723986072	8.80561331773361	FALSE
C4_2h__mock_none_wt	WT	C4	TLD	mock	mock	2h	2	Neon2	2024-11-13	rep3	19.8446182551118	1.06218378048289	FALSE
C4_4h__mock_none_wt	WT	C4	TLD	mock	mock	4h	4	TDH1	2024-11-13	rep1	22.5553219563526	0.162644358256706	FALSE
C4_4h__mock_none_wt	WT	C4	TLD	mock	mock	4h	4	mCherry	2024-11-13	rep1	16.0204438070916	15.0507289686223	FALSE
C4_4h__mock_none_wt	WT	C4	TLD	mock	mock	4h	4	Neon2	2024-11-13	rep1	20.0230839345408	0.938578382303101	FALSE
C4_4h__mock_none_wt	WT	C4	TLD	mock	mock	4h	4	TDH1	2024-11-13	rep2	23.1363105785169	0.108479995301943	FALSE
C4_4h__mock_none_wt	WT	C4	TLD	mock	mock	4h	4	mCherry	2024-11-13	rep2	16.5182489479363	10.6556740693993	FALSE
C4_4h__mock_none_wt	WT	C4	TLD	mock	mock	4h	4	Neon2	2024-11-13	rep2	20.0559317980935	0.917414643088708	FALSE
C4_4h__mock_none_wt	WT	C4	TLD	mock	mock	4h	4	TDH1	2024-11-13	rep3	23.7980021546973	0.0685626594834113	FALSE
C4_4h__mock_none_wt	WT	C4	TLD	mock	mock	4h	4	mCherry	2024-11-13	rep3	17.1228405906124	7.00700135940575	FALSE
C4_4h__mock_none_wt	WT	C4	TLD	mock	mock	4h	4	Neon2	2024-11-13	rep3	21.0119923633237	0.473172164422674	FALSE
C4_0h__STM_none_wt	WT	C4	TLD	STM	mock	0h	0	TDH1	2024-11-13	rep1	23.1433637529628	0.107932946211936	FALSE
C4_0h__STM_none_wt	WT	C4	TLD	STM	mock	0h	0	mCherry	2024-11-13	rep1	16.5424548042474	10.4767282555799	FALSE
C4_0h__STM_none_wt	WT	C4	TLD	STM	mock	0h	0	Neon2	2024-11-13	rep1	19.0387920527003	1.85680811198873	FALSE
C4_0h__STM_none_wt	WT	C4	TLD	STM	mock	0h	0	TDH1	2024-11-13	rep2	23.1448867861163	0.108358471572744	FALSE
C4_0h__STM_none_wt	WT	C4	TLD	STM	mock	0h	0	mCherry	2024-11-13	rep2	16.2541804422396	12.7943434587306	FALSE
C4_0h__STM_none_wt	WT	C4	TLD	STM	mock	0h	0	Neon2	2024-11-13	rep2	18.9971444352189	1.91149326944864	FALSE
C4_0h__STM_none_wt	WT	C4	TLD	STM	mock	0h	0	TDH1	2024-11-13	rep3	22.9386791583383	0.125048814068874	FALSE
C4_0h__STM_none_wt	WT	C4	TLD	STM	mock	0h	0	mCherry	2024-11-13	rep3	16.1625351323752	13.6447497036279	FALSE
C4_0h__STM_none_wt	WT	C4	TLD	STM	mock	0h	0	Neon2	2024-11-13	rep3	18.8204641313328	2.16326437982874	FALSE
C4_1h__STM_none_wt	WT	C4	TLD	STM	mock	1h	1	TDH1	2024-11-13	rep1	23.8125716483881	0.0679004877195638	FALSE
C4_1h__STM_none_wt	WT	C4	TLD	STM	mock	1h	1	mCherry	2024-11-13	rep1	17.5197425253116	5.33946078415154	FALSE
C4_1h__STM_none_wt	WT	C4	TLD	STM	mock	1h	1	Neon2	2024-11-13	rep1	20.6555877610583	0.605420109178504	FALSE
C4_1h__STM_none_wt	WT	C4	TLD	STM	mock	1h	1	TDH1	2024-11-13	rep2	22.607313014228	0.157654436236022	FALSE
C4_1h__STM_none_wt	WT	C4	TLD	STM	mock	1h	1	mCherry	2024-11-13	rep2	16.7006264595157	9.38938682078222	FALSE
C4_1h__STM_none_wt	WT	C4	TLD	STM	mock	1h	1	Neon2	2024-11-13	rep2	19.748649263434	1.13875356856901	FALSE
C4_1h__STM_none_wt	WT	C4	TLD	STM	mock	1h	1	TDH1	2024-11-13	rep3	22.8393737341952	0.133809518725914	FALSE
C4_1h__STM_none_wt	WT	C4	TLD	STM	mock	1h	1	mCherry	2024-11-13	rep3	16.7995206211474	8.76681746673827	FALSE
C4_1h__STM_none_wt	WT	C4	TLD	STM	mock	1h	1	Neon2	2024-11-13	rep3	19.9284915893286	1.00214118231933	FALSE
C4_2h__STM_none_wt	WT	C4	TLD	STM	mock	2h	2	TDH1	2024-11-13	rep1	22.3814593265656	0.1830273253302	FALSE
C4_2h__STM_none_wt	WT	C4	TLD	STM	mock	2h	2	mCherry	2024-11-13	rep1	15.7931832772224	17.6108949342198	FALSE
C4_2h__STM_none_wt	WT	C4	TLD	STM	mock	2h	2	Neon2	2024-11-13	rep1	19.4898971293657	1.35817710958175	FALSE
C4_2h__STM_none_wt	WT	C4	TLD	STM	mock	2h	2	TDH1	2024-11-13	rep2	22.8688564285496	0.130576835697448	FALSE
C4_2h__STM_none_wt	WT	C4	TLD	STM	mock	2h	2	mCherry	2024-11-13	rep2	16.9778502837466	7.74847801966667	FALSE
C4_2h__STM_none_wt	WT	C4	TLD	STM	mock	2h	2	Neon2	2024-11-13	rep2	20.4288018499554	0.708588872982636	FALSE
C4_2h__STM_none_wt	WT	C4	TLD	STM	mock	2h	2	TDH1	2024-11-13	rep3	23.0314649285803	0.116684086086806	FALSE
C4_2h__STM_none_wt	WT	C4	TLD	STM	mock	2h	2	mCherry	2024-11-13	rep3	17.0472216712283	7.38581903478993	FALSE
C4_2h__STM_none_wt	WT	C4	TLD	STM	mock	2h	2	Neon2	2024-11-13	rep3	20.3698622777535	0.738023514957072	FALSE
C4_4h__STM_none_wt	WT	C4	TLD	STM	mock	4h	4	TDH1	2024-11-13	rep1	22.5884572751334	0.158564236166867	FALSE
C4_4h__STM_none_wt	WT	C4	TLD	STM	mock	4h	4	mCherry	2024-11-13	rep1	17.1278074634637	6.98275216659976	FALSE
C4_4h__STM_none_wt	WT	C4	TLD	STM	mock	4h	4	Neon2	2024-11-13	rep1	20.3023228919274	0.773379205965676	FALSE
C4_4h__STM_none_wt	WT	C4	TLD	STM	mock	4h	4	TDH1	2024-11-13	rep2	22.9184028738683	0.126222310201594	FALSE
C4_4h__STM_none_wt	WT	C4	TLD	STM	mock	4h	4	mCherry	2024-11-13	rep2	17.6772502243081	4.77113595363427	FALSE
C4_4h__STM_none_wt	WT	C4	TLD	STM	mock	4h	4	Neon2	2024-11-13	rep2	21.0136370977429	0.472351913946365	FALSE
C4_4h__STM_none_wt	WT	C4	TLD	STM	mock	4h	4	TDH1	2024-11-13	rep3	23.8165751078831	0.0685032422858559	FALSE
C4_4h__STM_none_wt	WT	C4	TLD	STM	mock	4h	4	mCherry	2024-11-13	rep3	17.892111708532	4.11117226491745	FALSE
C4_4h__STM_none_wt	WT	C4	TLD	STM	mock	4h	4	Neon2	2024-11-13	rep3	21.3724157508123	0.368393684952541	FALSE
